-- phpMyAdmin SQL Dump
-- version 4.0.10.14
-- http://www.phpmyadmin.net
--
-- Host: localhost:3306
-- Generation Time: Jul 10, 2016 at 05:02 PM
-- Server version: 5.6.26-cll-lve
-- PHP Version: 5.4.31

SET SQL_MODE = "NO_AUTO_VALUE_ON_ZERO";
SET time_zone = "+00:00";


/*!40101 SET @OLD_CHARACTER_SET_CLIENT=@@CHARACTER_SET_CLIENT */;
/*!40101 SET @OLD_CHARACTER_SET_RESULTS=@@CHARACTER_SET_RESULTS */;
/*!40101 SET @OLD_COLLATION_CONNECTION=@@COLLATION_CONNECTION */;
/*!40101 SET NAMES utf8 */;

--
-- Database: `avayesha_db`
--

-- --------------------------------------------------------

--
-- Table structure for table `ym_admins`
--

CREATE TABLE IF NOT EXISTS `ym_admins` (
  `id` int(10) unsigned NOT NULL AUTO_INCREMENT,
  `username` varchar(100) NOT NULL,
  `password` varchar(100) NOT NULL,
  `email` varchar(255) NOT NULL COMMENT 'پست الکترونیک',
  `role_id` int(11) unsigned NOT NULL COMMENT 'نقش',
  PRIMARY KEY (`id`),
  KEY `role_id` (`role_id`)
) ENGINE=InnoDB  DEFAULT CHARSET=utf8 AUTO_INCREMENT=27 ;

--
-- Dumping data for table `ym_admins`
--

INSERT INTO `ym_admins` (`id`, `username`, `password`, `email`, `role_id`) VALUES
(24, 'admin', '$2a$12$178WxX/RdaCYHQFudpyRXekJDmodZUTZV.pVUdOXU5jHw856WTC6q', 'khadem8234@yahoo.com', 1),
(25, 'amirhosseinkhezerlou@gmail.com', '$2a$12$ixXJvSBSnCkKnuzLj.aP/ukzpNmjdEAeT8Hd2kjkdwyKb2pwBL72m', 'amirhosseinkhezerlou@gmail.com', 1),
(26, 'izadifarvahid@gmail.com', '$2a$12$NpK1kpMbvBNCB4diZGjTpueirI/kRrHlaSjm.xqByq0XxT46vCIzi', 'izadifarvahid@gmail.com', 1);

-- --------------------------------------------------------

--
-- Table structure for table `ym_admin_roles`
--

CREATE TABLE IF NOT EXISTS `ym_admin_roles` (
  `id` int(11) unsigned NOT NULL AUTO_INCREMENT,
  `name` varchar(100) NOT NULL COMMENT 'عنوان نقش',
  `role` varchar(255) NOT NULL COMMENT 'نقش',
  PRIMARY KEY (`id`)
) ENGINE=InnoDB  DEFAULT CHARSET=utf8 AUTO_INCREMENT=3 ;

--
-- Dumping data for table `ym_admin_roles`
--

INSERT INTO `ym_admin_roles` (`id`, `name`, `role`) VALUES
(1, 'مدیر', 'admin'),
(2, 'ناظر', 'validator');

-- --------------------------------------------------------

--
-- Table structure for table `ym_category_tag_rel`
--

CREATE TABLE IF NOT EXISTS `ym_category_tag_rel` (
  `tag_id` int(10) unsigned NOT NULL,
  `category_id` int(10) unsigned NOT NULL,
  PRIMARY KEY (`tag_id`,`category_id`)
) ENGINE=InnoDB DEFAULT CHARSET=utf8 COLLATE=utf8_persian_ci;

--
-- Dumping data for table `ym_category_tag_rel`
--

INSERT INTO `ym_category_tag_rel` (`tag_id`, `category_id`) VALUES
(1, 24),
(21, 24),
(24, 22),
(31, 30),
(38, 22),
(39, 31),
(78, 24),
(79, 24),
(80, 24),
(81, 24),
(82, 24),
(83, 24),
(88, 24),
(89, 24),
(90, 24),
(91, 24),
(96, 38),
(97, 38),
(98, 38),
(99, 38),
(100, 38),
(101, 38),
(102, 38),
(103, 38),
(104, 38),
(105, 38),
(106, 38),
(107, 38),
(108, 38),
(109, 38),
(110, 38),
(111, 38),
(112, 38),
(113, 38),
(114, 38),
(115, 38),
(115, 53),
(116, 38),
(117, 38),
(166, 21),
(167, 21),
(168, 21),
(169, 21),
(170, 21),
(171, 53),
(172, 53),
(176, 38),
(178, 38),
(179, 38),
(180, 38),
(181, 38),
(182, 38),
(183, 38),
(184, 38),
(185, 38),
(186, 38),
(187, 38),
(188, 38),
(224, 20),
(225, 20),
(251, 38),
(252, 38),
(253, 21),
(254, 53),
(258, 53),
(259, 53),
(260, 53),
(261, 53),
(262, 53),
(263, 53),
(264, 53),
(265, 53),
(266, 53),
(267, 53),
(268, 43),
(268, 53),
(269, 24),
(270, 24),
(271, 24),
(272, 24),
(273, 24),
(274, 24),
(275, 24),
(275, 26),
(276, 24),
(277, 26),
(278, 26),
(279, 26),
(280, 26),
(281, 26),
(282, 26),
(283, 26),
(284, 26),
(285, 44),
(286, 44),
(287, 21),
(288, 21),
(289, 21),
(290, 21),
(291, 21),
(292, 21),
(293, 21),
(294, 21),
(295, 21),
(296, 21),
(297, 21),
(298, 21),
(299, 21),
(300, 21),
(301, 21),
(302, 21),
(303, 21),
(304, 21),
(305, 21),
(306, 21),
(307, 21),
(308, 21),
(309, 21),
(310, 22),
(311, 22),
(312, 22),
(313, 22),
(314, 22),
(315, 22),
(316, 22),
(317, 22),
(318, 22),
(319, 22),
(320, 22),
(321, 22),
(322, 22),
(323, 22),
(324, 22),
(325, 22),
(326, 22),
(327, 22),
(328, 22),
(329, 30),
(330, 30),
(331, 30),
(332, 30),
(333, 30),
(334, 30),
(336, 30),
(337, 30),
(338, 30),
(339, 30),
(340, 30),
(341, 30),
(344, 30),
(345, 30),
(346, 30),
(347, 30),
(348, 22),
(348, 30),
(349, 22),
(349, 30),
(350, 30),
(351, 30),
(352, 30),
(353, 31),
(354, 31),
(355, 31),
(356, 31),
(357, 31),
(358, 31),
(359, 31),
(360, 31),
(361, 31),
(362, 53),
(363, 53),
(364, 53),
(365, 53),
(366, 53),
(367, 53),
(368, 53),
(369, 53),
(370, 43),
(371, 22),
(372, 22),
(373, 22),
(374, 22),
(375, 20),
(376, 20),
(378, 20),
(379, 20),
(380, 20),
(381, 38),
(382, 32),
(383, 32),
(384, 32),
(385, 32),
(386, 32),
(387, 32),
(388, 32),
(389, 32),
(390, 32),
(392, 32),
(393, 32),
(394, 32),
(395, 32),
(398, 32),
(399, 32),
(402, 32),
(403, 32),
(404, 32),
(405, 32),
(406, 32),
(407, 32),
(408, 32),
(409, 32),
(410, 32),
(411, 32),
(412, 32),
(413, 32),
(414, 32),
(415, 32),
(416, 32),
(417, 32),
(418, 32),
(419, 32),
(420, 32),
(421, 30),
(421, 32),
(422, 30),
(422, 32),
(423, 30),
(424, 32),
(425, 30),
(425, 32),
(426, 30),
(427, 32),
(428, 32),
(429, 54),
(430, 42),
(431, 42),
(432, 42),
(433, 42),
(434, 42),
(435, 42),
(436, 39),
(437, 39),
(438, 39),
(438, 54),
(439, 39),
(440, 40),
(441, 38),
(441, 40),
(442, 30),
(443, 30),
(444, 30),
(445, 30),
(446, 34),
(447, 34),
(448, 34),
(451, 22),
(452, 22),
(453, 22),
(454, 22),
(455, 22),
(456, 22),
(457, 22),
(458, 22),
(459, 22),
(460, 23),
(461, 23),
(462, 23),
(463, 23),
(464, 23),
(465, 23),
(466, 23),
(467, 23),
(468, 23),
(469, 23),
(470, 23),
(471, 21),
(472, 22),
(473, 22),
(474, 22),
(475, 22),
(476, 31),
(477, 31),
(478, 20),
(479, 20),
(480, 20),
(481, 20),
(482, 23),
(483, 31),
(484, 31),
(485, 38),
(486, 38),
(487, 43),
(488, 43),
(489, 43),
(490, 43),
(491, 43),
(492, 38),
(493, 38),
(494, 38),
(495, 38),
(496, 38),
(497, 38),
(498, 38),
(499, 38),
(500, 40),
(501, 42),
(502, 39),
(503, 32),
(504, 32),
(505, 32),
(506, 39),
(507, 29),
(508, 29),
(509, 29),
(510, 29);

-- --------------------------------------------------------

--
-- Table structure for table `ym_classes`
--

CREATE TABLE IF NOT EXISTS `ym_classes` (
  `id` int(10) unsigned NOT NULL AUTO_INCREMENT,
  `title` varchar(50) COLLATE utf8_persian_ci NOT NULL COMMENT 'عنوان',
  `summary` text COLLATE utf8_persian_ci COMMENT 'توضیحات',
  `capacity` int(5) NOT NULL,
  `price` int(11) NOT NULL COMMENT 'شهریه',
  `startSignupDate` varchar(20) COLLATE utf8_persian_ci DEFAULT NULL COMMENT 'تاریخ شروع ثبت نام',
  `endSignupDate` varchar(20) COLLATE utf8_persian_ci DEFAULT NULL COMMENT 'تاریخ پایان ثبت نام',
  `startClassDate` varchar(20) COLLATE utf8_persian_ci DEFAULT NULL COMMENT 'تاریخ شروع کلاس',
  `endClassDate` varchar(20) COLLATE utf8_persian_ci DEFAULT NULL COMMENT 'تاریخ پایان کلاس',
  `category_id` int(10) unsigned NOT NULL COMMENT 'گروه',
  `course_id` int(10) unsigned NOT NULL COMMENT 'دوره',
  `teacher_id` int(10) unsigned NOT NULL COMMENT 'استاد',
  `order` int(10) unsigned NOT NULL,
  `sessions` varchar(3) COLLATE utf8_persian_ci DEFAULT NULL,
  `startClassTime` varchar(15) COLLATE utf8_persian_ci DEFAULT NULL,
  `endClassTime` varchar(15) COLLATE utf8_persian_ci DEFAULT NULL,
  `classDays` varchar(50) COLLATE utf8_persian_ci DEFAULT NULL,
  `status` tinyint(1) unsigned NOT NULL DEFAULT '1',
  PRIMARY KEY (`id`),
  KEY `category_id` (`category_id`),
  KEY `course_id` (`course_id`)
) ENGINE=InnoDB  DEFAULT CHARSET=utf8 COLLATE=utf8_persian_ci AUTO_INCREMENT=14 ;

--
-- Dumping data for table `ym_classes`
--

INSERT INTO `ym_classes` (`id`, `title`, `summary`, `capacity`, `price`, `startSignupDate`, `endSignupDate`, `startClassDate`, `endClassDate`, `category_id`, `course_id`, `teacher_id`, `order`, `sessions`, `startClassTime`, `endClassTime`, `classDays`, `status`) VALUES
(1, 'اسپیکینگ تافل آی بی تی گروه 1', '<p dir="RTL">دردوره اسپیکینگ تافل آی بی تی، علاوه بر معرفی هر 6 صورت سوال این بخش و تکنیک های مورد نیاز، تلاش خواهد شد که دانش زبانی داوطلبین هم بهتر شود. در ضمن <u><strong>مهارت نت برداری</strong></u> که یکی از اصلی ترین مهارت های تافل آی بی تی است نیز با دقت و ظرافت تدریس خواهد شد.&nbsp;با برگزاری این دوره ها، امیدواریم که بتوانیم سهم کوچکی در بالا بردن سطح علمی دانشجویان عزیزمان داشته باشیم و راه را برای پیشرفت های آتی آنها هموار سازیم.</p>\r\n\r\n<p dir="RTL">با آرزوی بهروزی همه عزیزان</p>\r\n\r\n<p dir="RTL">مدرس تافل موسسه پردیس آوای شهیر</p>\r\n\r\n<p><span dir="RTL">امیر خادم المله</span></p>\r\n', 20, 250000, '1466191800', '1470079800', '1470166200', '1473795000', 21, 13, 33, 1, '6', '1', '4', 'چهارشنبه', 1),
(2, 'رایتینگ تافل آی بی تی گروه 1', '<p dir="RTL" style="text-align:justify">دوره های آموزش تافل که قرار است در موسسه پردیس آوای شهیر برگزار شود با دوره هایی که در دانشگاه شریف برگزار میکنم تفاوت دارد. در این دوره ها، علاوه بر نمونه هایی که در طول دوره تصحیح میگردند،&nbsp;دو نمونه از رایتینگ های هر داوطلب به طور رایگان در طول ترم تصحیح میگردد که تاثیر به سزایی در نمره تافل آنها خواهد داشت.&nbsp;در انتهای هر دوره نیز، بنا به نیاز و درخواست&nbsp;زبان آموزان، یک گارکاه چند ساعته برگزار خواهد شد که در آن صرفا نمونه رایتینگ هر یک از داوطلبین برسی شده ونکات کلیدی و نهایی به آنها آموخته میشود. با برگزاری این دوره ها، امیدواریم که بتوانیم سهم کوچکی در بالا بردن سطح علمی دانشجویان عزیزمان داشته باشیم و راه را برای پیشرفت های آتی آنها هموار سازیم.</p>\r\n\r\n<p dir="RTL">با آرزوی بهروزی همه عزیزان</p>\r\n\r\n<p dir="RTL">مدرس تافل موسسه پردیس آوای شهیر&nbsp;</p>\r\n\r\n<p><span dir="RTL">امیر خادم المله</span></p>\r\n', 25, 400000, '1466191800', '1468351800', '1468438200', '1473881400', 22, 13, 33, 3, '10', '1', '4', 'پنجشنبه', 0),
(3, 'رایتینگ تافل آی بی تی گروه 2', '<p dir="RTL" style="text-align:justify">دوره های آموزش تافل که قرار است در موسسه &nbsp;پردیس آوای شهیر برگزار شود با دوره هایی که در دانشگاه شریف برگزار میکنم تفاوت دارد. در این دوره ها، علاوه بر نمونه هایی که در طول دوره تصحیح میگردند،&nbsp;دو نمونه از رایتینگ های هر داوطلب به طور رایگان در طول ترم تصحیح میگردد که تاثیر به سزایی در نمره تافل آنها خواهد داشت.&nbsp;در انتهای هر دوره نیز، بنا به نیاز و درخواست زبان آموزان، یک گارکاه چند ساعته برگزار خواهد شد که در آن صرفا نمونه رایتینگ هر یک از داوطلبین برسی شده ونکات کلیدی و نهایی به آنها آموخته میشود. با برگزاری این دوره ها، امیدواریم که بتوانیم سهم کوچکی در بالا بردن سطح علمی دانشجویان عزیزمان داشته باشیم و راه را برای پیشرفت های آتی آنها هموار سازیم.</p>\r\n\r\n<p dir="RTL">با آرزوی بهروزی همه عزیزان</p>\r\n\r\n<p dir="RTL">مدرس تافل موسسه پردیس آوای شهیر</p>\r\n\r\n<p><span dir="RTL">امیر خادم المله</span></p>\r\n', 25, 400000, '1466191800', '1470166200', '1470252600', '1475699400', 22, 13, 33, 4, '10', '5', '8', 'پنجشنبه', 1),
(4, 'اسپیکینگ تافل آی بی تی گروه 2', '<p dir="RTL">دردوره اسپیکینگ تافل آی بی تی، علاوه بر معرفی هر 6 صورت سوال این بخش و تکنیک های مورد نیاز، تلاش خواهد شد که دانش زبانی داوطلبین هم بهتر شود. در ضمن <u><strong>مهارت نت برداری</strong></u> که یکی از اصلی ترین مهارت های تافل آی بی تی است نیز با دقت و ظرافت تدریس خواهد شد.&nbsp;با برگزاری این دوره ها، امیدواریم که بتوانیم سهم کوچکی در بالا بردن سطح علمی دانشجویان عزیزمان داشته باشیم و راه را برای پیشرفت های آتی آنها هموار سازیم.</p>\r\n\r\n<p dir="RTL">با آرزوی بهروزی همه عزیزان</p>\r\n\r\n<p dir="RTL">مدرس تافل موسسه پردیس آوای شهیر</p>\r\n\r\n<p>امیر خادم المله</p>\r\n', 20, 250000, '1466191800', '1468265400', '1468351800', '1471375800', 21, 13, 33, 2, '6', '5', '8', 'چهارشنبه', 1),
(7, 'ریدینگ آیلتس آکادمیک: گروه 1', '<p>دوره آماده سازی ریدینگ آزمون آیلتس آوای شهیر، همچون دیگر دوره های این مرکز، از ویژگی های خاصی برخوردار است. این مرکز در تلاش است تا با بکارگیری تکنیک های موثر و برنامه ریزی فشرده، زبان پژوهان را در کوتاه ترین زمان ممکن به نتیجه دلخواه برساند. ویژگی بارز این دوره آموزش تکنیک ها به روش عملی و گام به گام می باشد. شرکت در دو آزمون ریدینگ شبیه سازی شده در آغاز و پایان دوره، هدیه ویژه آوای شهیر به زبان پژوهان خود می باشد.<br />\r\nاهداف دوره:&nbsp;<br />\r\n۱. آشنایی با انواع متون آزمون آیلتس<br />\r\n۲. آشنایی کامل با انواع سوالات آزمون ریدینگ<br />\r\n۳. تسلط بر تکنیک های مناسب برای پاسخ گویی به انواع سوالات<br />\r\n۴. آشنایی با روش های تند خوانی و نحوه بررسی متون<br />\r\n۵. افزایش سرعت پاسخ گویی به سوالات<br />\r\n۶. بهبود عملکرد داوطلبان، به میزان ۱ تا ۲.۵ نمره<br />\r\nپردیس آوای شهیر امیدوار است تا با ارائه دوره های موثر و کوتاه مدت، سریع ترین و نتیجه بخش ترین مسیر ممکن را در اختیار همراهان خود قرار دهد.<br />\r\nوحید ایزدی فر<br />\r\nمدرس آیلتس آموزشگاه پردیس آوای شهیر</p>\r\n', 20, 250000, '1465587000', '1468006200', '1468092600', '1471116600', 29, 15, 73, 6, '6', '5', '8', 'دوشنبه', 1),
(8, 'رایتینگ آیلتس آکادمیک: گروه 1', '<p>موسسه پردیس آوای شهیر در تلاش است تا با برنامه ریزی دوره های فشرده و کوتاه مدت، میانبرهایی کار آمد و ثمر بخش را در اختیار داوطلبان عزیز قرار دهد. از ویژگی های بارز این دوره ،آشنایی بخش به بخش با تمام فرمت های رایتینگ و آموختن تمام نکات نمره آور و مهم آزمون آیلتس می باشد. از دیگر ویژگی های مهم این دوره، بررسی تعداد زیادی از رایتینگ های موفق داوطلبان پیشین و همچنین تصحیح رایتینگ داوطلبان در طول دوره می باشد. لازم به ذکر است که تصحیح دو نمونه رایتینگ هر&nbsp;داوطلب هدیه ویژه آوای شهیر به دانش آموزان خود می باشد.<br />\r\nپردیس آوای شهیر امیدوار است با ارائه دوره های متنوع و موثر، زبان پژوهان خود را در رسیدن به اهدافشان یاری کند.<br />\r\nوحید ایزدی فر<br />\r\nمدرس آیلتس آموزشگاه پردیس آوای شهیر</p>\r\n', 25, 400000, '1465500600', '1468179000', '1468179000', '1474227000', 29, 15, 73, 7, '10', '5', '8', 'سه شنبه', 0),
(9, 'اسپیکینگ آیلتس (جنرال و آکادمیک): گروه 1', '', 15, 250000, '1465500600', '1467919800', '1468006200', '1471635000', 52, 15, 41, 8, '6', '5.15', '8.15', 'شنبه', 0),
(10, 'لیسنینگ آیلتس (جنرال و آکادمیک): گروه 1', '', 25, 250000, '1465500600', '1468179000', '1468265400', '1471289400', 45, 15, 41, 9, '6', '5.15', '8.15', 'سه شنبه', 0),
(11, 'ریدینگ آیلتس جنرال: گروه 1', '', 20, 250000, '1465500600', '1468179000', '1468265400', '1471289400', 46, 15, 41, 10, '6', '2', '5', 'سه شنبه', 0),
(12, 'رایتینگ آیلتس جنرال: گروه 1', '', 25, 250000, '1465500600', '1467919800', '1468006200', '1471635000', 43, 15, 41, 11, '6', '2', '5', 'شنبه', 0),
(13, 'رایتینگ تافل آی بی تی گروه 3', '', 25, 400000, '1467142200', '1468179000', '1468179000', '1474227000', 22, 13, 33, 5, '10', '5', '8', 'دوشنبه', 1);

-- --------------------------------------------------------

--
-- Table structure for table `ym_class_categories`
--

CREATE TABLE IF NOT EXISTS `ym_class_categories` (
  `id` int(10) unsigned NOT NULL AUTO_INCREMENT,
  `title` varchar(255) CHARACTER SET utf8 COLLATE utf8_persian_ci DEFAULT NULL COMMENT 'عنوان',
  `course_id` int(11) unsigned DEFAULT NULL,
  `summary` text,
  `order` int(10) unsigned NOT NULL,
  PRIMARY KEY (`id`),
  KEY `course_id` (`course_id`)
) ENGINE=InnoDB  DEFAULT CHARSET=utf8 AUTO_INCREMENT=55 ;

--
-- Dumping data for table `ym_class_categories`
--

INSERT INTO `ym_class_categories` (`id`, `title`, `course_id`, `summary`, `order`) VALUES
(20, 'خواندن', 13, '', 4),
(21, 'اسپیکینگ', 13, '', 7),
(22, 'رایتینگ', 13, '', 5),
(23, 'لیسنینگ ', 13, '', 6),
(24, 'در مورد دوره تافل موسسه آوای شهیر ', 13, '<p dir="RTL" style="text-align:justify">دوره های آموزش تافل که قرار است در موسسه پردیس آوای شهیر برگزار شود با دوره هایی که در دانشگاه شریف برگزار میکنم تفاوت هایی دارد که قابل تامل اند. اول اینکه،&nbsp;در این دوره ها، تخفیف های ویژه ای&nbsp;برای&nbsp;دانشجویان عزیز در نظر گرفته شده &ndash; که بخشی از آن در سایت نت برگ ارائه خواهد شد &ndash; که &nbsp;شرایط ثبت نام را برای آنها ایده آل میکند. دوم اینکه، برعکس اکثر موسسات، دو نمونه از رایتینگ های هر داوطلب به طور رایگان در طول ترم تصحیح میگردد که تاثیر به سزایی در نمره تافل آنها خواهد داشت. سوم اینکه در انتهای هر دوره، بنا به نیاز زبان آموزان، یک گارکاه چند ساعته برگزار خواهد شد که در آن صرفا نمونه رایتینگ هر یک از داوطلبین بررسی شده ونکات کلیدی و نهایی به آنها آموخته میشود. با برگزاری این دوره ها، امیدواریم که بتوانیم سهم کوچکی در بالا بردن سطح علمی دانشجویان عزیزمان داشته باشیم و راه را برای پیشرفت های آتی آنها هموار سازیم.</p>\r\n\r\n<p dir="RTL" style="text-align:justify">با آرزوی بهروزی همه عزیزان</p>\r\n\r\n<p dir="RTL" style="text-align:justify">مدیریت موسسه پردیس آوای شهیر</p>\r\n\r\n<p style="text-align:justify"><span dir="RTL">امیر خادم المله</span></p>\r\n', 1),
(26, 'مطالبی در مورد امتحان تافل آی بی تی', 13, '<p>دانستن این مطالب برای هر داوطلب امتحان تافل ضروری است.</p>\r\n', 2),
(27, 'رئوس‌ مطالب و برنامه مطالعه همه مهارت های تافل', 13, '<p>لطفا این برنامه رو نسبت به سطحی که دارید دنبال کنید. قرار نیست همه موارد را مطالعه کنید.</p>\r\n', 3),
(28, 'جنرال آیلتس', 15, '', 18),
(29, 'آیلتس آکادمیک', 15, '', 11),
(30, 'منابع لغت برای امتحان تافل آی بی تی', 13, '<p dir="ltr">In order for you to study the vocabulary sources in order, please refer to &quot;TOEFL iBT Syllabus for All Skills&quot;.</p>\r\n', 8),
(31, 'منابع گرامری امتحان تافل دکتری', 18, '<p style="text-align:justify">با خواندن و انجام دادن تمرینات داده شده در هر جزوه و انجام دادن&nbsp;تست های مکمل، در امتحان تافل دکتری که در ایران برگزار میگردد،&nbsp;میتوانید نمره بسیار خوبی بگیرید.</p>\r\n', 22),
(32, 'فایل های ویدیوئی، PDF، و Word در مورد قسمت های مختلف امتحان جی آر ای', 16, '<p>منابع زیادی برای امتحان جی آر ای موجود است. اما منابع معرفی شده در این سایت برای یک نمره خوب کافی اند.&nbsp;</p>\r\n\r\n<p>موفق باشید.</p>\r\n\r\n<p>امیر خادم: مدیر موسسه آوای شهیر</p>\r\n', 25),
(33, 'منابع لغت برای امتحان تافل دکتری', 18, '', 23),
(34, 'منابع لغت برای آیلتس آکادمیک', 15, '<p>برای ترتیب خواندن واژگان لطفا به توضیحات آنها توجه&nbsp;کنید<span dir="LTR">.</span></p>\r\n', 15),
(35, 'جزوه گرامر مقدماتی تافل و آیلتس', 20, '', 21),
(36, 'منابع مهارت ریدینگ تافل دکتری', 18, '', 24),
(38, 'منابع ریدینگ و لیسنینگ آیلتس آکادمیک', 15, '<p>این منابع جزو بهترین منابع ریدینگ و لیسنینگ آیلتس آکادمیک میباشند که به ترتیب سختی در لیست قرار گرفته اند<span dir="LTR">.</span></p>\r\n', 13),
(39, 'رایتینگ جی ام ای تی', 17, '', 30),
(40, 'بخش کلمات و درک مطلب جی ام ای تی', 17, '', 29),
(41, 'بخش ریاضی جی ام ای تی', 17, '', 28),
(42, 'تصحیح جمله جی ام ای تی', 17, '', 27),
(43, 'رایتینگ آیلتس جنرال', 15, '', 20),
(44, 'منابع گرامری آیلتس آکادمیک', 15, '', 14),
(45, ' لیسنینگ آیلتس (جنرال و آکادمیک) ', 15, '<p>تمامی منابع لیسنینگ و اسپیکینگ هر دو امتحان آیلتس آکادمیک و آیلتس جنرال یکی هستند.</p>\r\n', 16),
(46, ' ریدینگ آیلتس جنرال ', 15, '', 19),
(47, 'کارگاه رایگان آشنايي و آمادگی برای آزمون آيلتس', 21, '<p dir="RTL" style="text-align: center;"><strong>به نام خدا</strong></p>\r\n\r\n<p dir="RTL" style="margin-right: -0.25in; text-align: center;">&nbsp;&nbsp;&nbsp; <strong>آموزشگاه آواي شهير افتخار دارد که کارگاهی</strong> <strong>رایگان برای آشنايي و آمادگی آزمون آيلتس برگزار نمايد.</strong></p>\r\n\r\n<p dir="RTL"><strong>ارائه دهنده: استاد حسين خضرلو، مدرس دانشگاه شریف</strong></p>\r\n\r\n<p dir="RTL">اين کارگاه از دو قسمت تشکيل شده است.</p>\r\n\r\n<p dir="RTL">قسمت اول آشنايي کامل شرکت کنندگان عزيز را با چارچوب و محتواي آزمون آيلتس در بر دارد. اين قسمت داراي 5 بخش است که بخش اول شامل توضيحات کلي در مورد آزمون است و 4 بخش بعدي به مرور بخش هاي اصلي آزمون (<span dir="LTR">Writing, Reading, Listening, Speaking</span>) بصورت تخصصي مي پردازد.</p>\r\n\r\n<p dir="RTL">قسمت دوم کارگاه يک کلاس آمادگي براي بخش <span dir="LTR">Writing (Task 2)</span> آزمون آيلتس است که شرکت کنندگان عزيز را براي پاسخ دادن به اين بخش آماده مي نمايد. دليل انتخاب اين بخش از آزمون وجود مشکلات زياد دوستان آزمون دهنده در اين بخش است. همچنين انتخاب قسمت دوم بدين جهت است که هر دو گروه از دوستاني که قصد شرکت در آزمون <span dir="LTR">General</span> و <span dir="LTR">Academic</span> را دارند مي توانند از آن بهره ببرند.</p>\r\n\r\n<p dir="RTL">بدليل محدوديت مکاني، دوستاني که زودتر رزرو نمايند در اولويت هستند.</p>\r\n\r\n<p dir="RTL"><strong>زمان و تاريخ:</strong> جمعه بیست و یکم خرداد، ساعت 10 تا 12:15</p>\r\n\r\n<p dir="RTL"><strong>برنامه زمان بندي:</strong></p>\r\n\r\n<ul>\r\n	<li dir="RTL"><strong>قسمت اول کارگاه: 1 ساعت</strong></li>\r\n	<li dir="RTL"><strong>استراحت: 15 دقيقه</strong></li>\r\n	<li dir="RTL"><strong>قسمت دوم کارگاه: 1 ساعت</strong></li>\r\n</ul>\r\n\r\n<p dir="RTL"><strong>آدرس موسسه</strong><strong><span dir="LTR">:</span></strong></p>\r\n\r\n<p dir="RTL">خیابان شهید بهشتی، خیابان قائم مقام فراهانی (سرافراز)، کوچه دهم، پلاک 9، واحد 1</p>\r\n\r\n<p dir="RTL">تلفن: 88736668، 88730902، 88730902<span dir="LTR">.</span></p>\r\n\r\n<p style="margin-right: -0.25in; text-align: left;">Site Address: <a href="http://www.avayeshahir.com">www.avayeshahir.com</a></p>\r\n\r\n<p dir="RTL">پاینده باشید</p>\r\n\r\n<p dir="RTL"><strong>امیر خادم: مدیر موسسه آوای شهیر</strong></p>\r\n', 10),
(48, 'کارگاه رایگان آمادگی برای آزمون تافل آی بی تی', 21, '<p dir="RTL" style="text-align:center"><strong>به نام خدا</strong></p>\r\n\r\n<p dir="RTL" style="text-align:center"><strong>کارگاه</strong> <strong>رایگان آمادگی برای آزمون تافل آی بی تی</strong></p>\r\n\r\n<p dir="RTL"><strong>برگزار کننده: آموزشگاه آواي شهير</strong></p>\r\n\r\n<p dir="RTL"><strong>ارائه دهنده: امیر خادم، مدرس دانشگاه شریف</strong></p>\r\n\r\n<p dir="RTL">اين کارگاه، در ابتدا، به معرفی چارچوب کلي و محتواي آزمون تافل می پردازد و سپس مروری خواهد داشت بر بخش هاي اصلي آزمون (<span dir="LTR">Writing, Reading, Listening, Speaking</span>).</p>\r\n\r\n<p dir="RTL">در ادامه، بخش <span dir="LTR">Independent Writing</span> و <span dir="LTR">Integrated Task</span> آزمون تافل و <strong>تکنیک</strong> هایی در خصوص <strong>نُت برداری</strong>، <strong>خلاصه نویسی</strong>، و <strong>طریقه تبدیل یک ساختار به ساختاری</strong> دیگر مورد بحث قرار خواهند گرفت.</p>\r\n\r\n<p dir="RTL">بدليل محدوديت مکاني، دوستاني که زودتر رزرو نمايند در اولويت هستند.</p>\r\n\r\n<p dir="RTL"><strong>زمان و تاريخ:</strong> <strong>جمعه بیست و هشتم خرداد</strong>، ساعت 10 تا 12.15</p>\r\n\r\n<p dir="RTL">&nbsp;</p>\r\n\r\n<p dir="RTL"><strong>برنامه زمان بندي:</strong></p>\r\n\r\n<ul>\r\n	<li dir="RTL"><strong>قسمت اول کارگاه: 1 ساعت</strong></li>\r\n	<li dir="RTL"><strong>استراحت: 15 دقيقه</strong></li>\r\n	<li dir="RTL"><strong>قسمت دوم کارگاه: 1 ساعت</strong></li>\r\n</ul>\r\n\r\n<p dir="RTL">&nbsp;</p>\r\n\r\n<p dir="RTL"><strong>آدرس موسسه</strong><strong><span dir="LTR">:</span></strong></p>\r\n\r\n<p dir="RTL">خیابان شهید بهشتی، خیابان قائم مقام فراهانی (سرافراز)، کوچه دهم، پلاک 9، واحد 1</p>\r\n\r\n<p dir="RTL">تلفن: 88736668، 88730902، 88730902<span dir="LTR">.</span></p>\r\n\r\n<p dir="ltr">Site Address: <a href="http://www.avayeshahir.com">www.avayeshahir.com</a></p>\r\n\r\n<p>پاینده باشید</p>\r\n\r\n<p dir="RTL"><strong>امیر خادم: مدیر موسسه آوای شهیر</strong></p>\r\n\r\n<p>&nbsp;</p>\r\n', 9),
(52, 'اسپیکینگ آیلتس (جنرال و آکادمیک)', 15, '<p>تمامی منابع لیسنینگ و اسپیکینگ هر دو امتحان آیلتس آکادمیک و آیلتس جنرال یکی هستند.</p>\r\n', 17),
(53, 'رایتینگ آیلتس آکادمیک', 15, '', 12),
(54, 'درباره امتحان جی ام ای تی (جی مت)', 17, '', 26);

-- --------------------------------------------------------

--
-- Table structure for table `ym_class_category_files`
--

CREATE TABLE IF NOT EXISTS `ym_class_category_files` (
  `id` int(10) unsigned NOT NULL AUTO_INCREMENT,
  `title` varchar(255) COLLATE utf8_persian_ci NOT NULL COMMENT 'عنوان',
  `path` varchar(500) COLLATE utf8_persian_ci NOT NULL COMMENT 'فایل',
  `summary` text COLLATE utf8_persian_ci,
  `file_type` varchar(50) COLLATE utf8_persian_ci NOT NULL COMMENT 'نوع فایل',
  `category_id` int(10) unsigned NOT NULL COMMENT 'گروه',
  `order` int(10) unsigned NOT NULL,
  PRIMARY KEY (`id`),
  KEY `category_id` (`category_id`)
) ENGINE=InnoDB  DEFAULT CHARSET=utf8 COLLATE=utf8_persian_ci AUTO_INCREMENT=63 ;

--
-- Dumping data for table `ym_class_category_files`
--

INSERT INTO `ym_class_category_files` (`id`, `title`, `path`, `summary`, `file_type`, `category_id`, `order`) VALUES
(55, 'جزوه گرامر Pre-TOEFL (امیر خادم) ', 'Pre-TOEFL  Pamphlet Compiled by Amir Khadem PDF.pdf', 'این جزوه و جزوه گرامر تافل دکتری حدود 15 سال است که توسط اینجانب، امیر خادم، در موسسات و دانشگاه های زیادی مثل دانشگاه صنعتی شریف تدریس شده و افراد بسیاری تا کنون توانسته اند با کمک آنها سربلند از امتحان تافل دکتری که در ایران برگزار میشود بیرون بیایند. امیدواریم نفرات بعدی شما باشید.', 'pdf', 31, 1),
(56, 'جزوه گرامر PhD TOEFL (امیر خادم)  ', 'PhD TOEFL Grammar Pamphlet.pdf', 'این جزوه و جزوه گرامر مقدماتی تافل حدود 15 سال است که توسط اینجانب، امیر خادم، در موسسات و دانشگاه های زیادی مثل دانشگاه صنعتی شریف تدریس شده و افراد بسیاری تا کنون توانسته اند با کمک آنها سربلند از امتحان تافل دکتری که در ایران برگزار میشود بیرون بیایند. امیدواریم نفرات بعدی شما باشید.', 'pdf', 31, 2),
(61, '', 'IELTS Workshop.pdf', '', 'pdf', 47, 3),
(62, 'A Free TOEFL iBT Workshop', 'Free TOEFL Workshop.pdf', '', 'pdf', 48, 4);

-- --------------------------------------------------------

--
-- Table structure for table `ym_class_category_file_links`
--

CREATE TABLE IF NOT EXISTS `ym_class_category_file_links` (
  `id` int(10) unsigned NOT NULL AUTO_INCREMENT,
  `title` varchar(255) COLLATE utf8_persian_ci NOT NULL COMMENT 'عنوان',
  `summary` text COLLATE utf8_persian_ci,
  `link` varchar(500) COLLATE utf8_persian_ci NOT NULL COMMENT 'لینک فایل',
  `file_type` varchar(50) COLLATE utf8_persian_ci NOT NULL COMMENT 'نوع فایل',
  `category_id` int(10) unsigned NOT NULL COMMENT 'گروه',
  `order` int(10) unsigned NOT NULL,
  `link_size` varchar(15) COLLATE utf8_persian_ci DEFAULT NULL,
  PRIMARY KEY (`id`),
  KEY `category_id` (`category_id`)
) ENGINE=InnoDB  DEFAULT CHARSET=utf8 COLLATE=utf8_persian_ci AUTO_INCREMENT=207 ;

--
-- Dumping data for table `ym_class_category_file_links`
--

INSERT INTO `ym_class_category_file_links` (`id`, `title`, `summary`, `link`, `file_type`, `category_id`, `order`, `link_size`) VALUES
(20, 'ویدیوی ETS درباره رایتینگ اول تافل (Integrated)', 'این ویدیو را خود سایت ETS  ارائه کرده و دیدن آن درک خوبی از این نوع رایتینگ به شما میده، اما برای درک بهتر و خواندن نمونه های خوب این نوع رایتینگ به کتاب TOEFL Writing Success رجوع کنید. ', 'https://www.ets.org/s/toefl/flash/18690_insideTOEFL-Writing-Q1.html', 'flv', 22, 6, NULL),
(21, 'ویدیوی ETS درباره رایتینگ دوم تافل  (Independent)', 'دیدن این ویدیو که خود سایت ETS  ارائه کرده درک خوبی از این نوع رایتینگ به شما میدهد، اما برای درک بهتر و خواندن نمونه های خوب این نوع رایتینگ به کتاب TOEFL Writing Success  رجوع کنید. ', 'https://www.ets.org/s/toefl/flash/18690_inside-toefl-video.html', 'flv', 22, 7, NULL),
(22, 'سوال 1 و 2 اسپیکینگ ', 'این ویدیو را سایت ETS  ارائه کرده که کلیاتی را در خصوص سوال 1 و 2 اسپیکینگ توضیح میدهد. اما برای درک بهتر و تمرین بیشتر به کتاب هایی که معرفی کرده ایم رجوع کنید.', 'https://www.ets.org/s/toefl/flash/18690_insideTOEFL-Speaking-Q1-2.html', 'flv', 21, 1, NULL),
(23, 'سوالات اسپیکینگ 3 و 5', 'این ویدیو ازسایت ETS  است که کلیاتی را در خصوص سوال 3 و 5 اسپیکینگ ارائه میدهد. اما برای درک بهتر و تمرین بیشتر به کتاب هایی که معرفی کرده ایم  رجوع کنید.', 'https://www.ets.org/s/toefl/flash/18690_insideTOEFL-Speaking-Q3.html', 'flv', 21, 2, NULL),
(24, 'سوالات 4 و 6 اسپیکینگ', 'این ویدیو ازسایت ETS  است که کلیاتی را در خصوص سوال 4 و 6 اسپیکینگ ارائه میدهد. اما برای درک بهتر و تمرین بیشتر به کتاب هایی که معرفی کرده ایم  رجوع کنید.', 'https://www.ets.org/s/toefl/flash/18690_insideTOEFL-Speaking-Q4.html', 'flv', 21, 3, NULL),
(25, 'آشنایی با روند امتحان', 'این ویدیو ازسایت ETS  است که کلیاتی را در خصوص آشنایی با روند امتحان ارائه میکند که برای متقاضیان امتحان تافل بسیار مفید است.', 'https://www.ets.org/s/toefl/flash/15571_toefl_prometric.html', 'flv', 26, 25, NULL),
(26, 'چرا امتحان تافل', 'این ویدیو ازسایت ETS  نشان میدهد که چه کشورهایی تافل را قبول میکنن.', 'https://www.ets.org/s/toefl/flash/TOEFL_Passport_video.html', 'flv', 26, 26, NULL),
(27, 'کتاب یادگیری مهارت اسپیکینگ (سطح مقدماتی)', 'این کتاب و دو کتاب بعدی این مجموعه برای یادگیری مهارت اسپیکینک تافل آی بی تی بسیار فوق العاده هستند.', 'https://drive.google.com/open?id=0B8V9PkAm4QfTTUdGS0RGZXlEbFU', 'rar', 21, 4, NULL),
(28, 'کتاب یادگیری مهارت اسپیکینگ (سطح متوسط)', 'این کتاب و دو کتاب دیگر این مجموعه برای یادگیری مهارت اسپیکینک تافل آی بی تی بسیار فوق العاده هستند.', 'https://drive.google.com/open?id=0B8V9PkAm4QfTeTF4b3pvX2hsNkE', 'rar', 21, 54, NULL),
(29, 'کتاب یادگیری مهارت اسپیکینگ (سطح پیشرفته)', 'این کتاب و دو کتاب قبلی این مجموعه برای یادگیری مهارت اسپیکینک تافل آی بی تی بسیار فوق العاده هستند.', 'https://drive.google.com/open?id=0B8V9PkAm4QfTRVZLdDUwZXdOd3c', 'rar', 21, 55, NULL),
(31, 'نرم افزار یادگیری تایپ سریع', 'این نرم افزار به شما کمک میکند که در مدت کوتاهی تایپ سریع را بیاموزید.', 'https://drive.google.com/open?id=0B8V9PkAm4QfTOWxYQmtTT1pwbE0', 'rar', 22, 139, NULL),
(32, '4000 واژه ضروری زبان انگلیسی جلد 1', 'این کتاب که اولین کتاب از یک مجموعه شش جلدی است منبع فوق العاده ای برای یادگیری واژگان انگلیسی است. همه واژه ها، معانی، و مثالها با لهجه آمریکایی خوانده میشوند و داستانی در انتهای هر درس دارد که این واژگان در آن بکار رفته که فرصت یادگیری لغات به صورت صحیح را به شما می دهد.', 'https://drive.google.com/open?id=0B8V9PkAm4QfTS1JWRFNfV2NLN2s', 'rar', 30, 27, NULL),
(34, '4000 واژه ضروری زبان انگلیسی جلد 2', '', 'https://drive.google.com/open?id=0B8V9PkAm4QfTcGh4RlJjVmhUQkU', 'rar', 30, 28, NULL),
(35, '4000 واژه ضروری زبان انگلیسی جلد 3', '', 'https://drive.google.com/open?id=0B8V9PkAm4QfTQzFHb1FtREFrMjg', 'rar', 30, 29, NULL),
(36, '4000 واژه ضروری زبان انگلیسی جلد 4', '', 'https://drive.google.com/open?id=0B8V9PkAm4QfTZE1aNDk4OUtIYjg', 'rar', 30, 30, NULL),
(37, '4000 واژه ضروری زبان انگلیسی جلد 5', '', 'https://drive.google.com/open?id=0B8V9PkAm4QfTQVJCakhqVmRRc2s', 'rar', 30, 31, NULL),
(38, '4000 واژه ضروری زبان انگلیسی جلد 6', '', 'https://drive.google.com/open?id=0B8V9PkAm4QfTYnoyYWJHeF9qV0k', 'rar', 30, 32, NULL),
(39, 'کتاب دلتا (پی دی اف)', 'کتاب دلتا منبع بسیار خوبی است برای یادگیری مهارت ریدینگ و لیسنینگ ولی به هیچ عنوان کافی نیست. شما باید منابع دیگری که در "رئوس‌ مطالب و برنامه مطالعه همه مهارت های تافل" آمده مطالعه کنید تا در این مهارتها به تسلط کافی برسید.', 'https://drive.google.com/open?id=0B8V9PkAm4QfTMGl0b3hNZVBfQms', 'rar', 20, 18, NULL),
(40, 'کتاب دلتا (پی دی اف)', 'کتاب دلتا منبع بسیار خوبی است برای یادگیری مهارت ریدینگ و لیسنینگ ولی به هیچ عنوان کافی نیست. شما باید منابع دیگری که در "رئوس‌ مطالب و برنامه مطالعه همه مهارت های تافل" آمده مطالعه کنید تا در این مهارتها به تسلط کافی برسید.', 'https://drive.google.com/open?id=0B8V9PkAm4QfTMGl0b3hNZVBfQms', 'rar', 23, 23, NULL),
(41, 'فایل صوتی کتاب TOEFL Writing Success نوشته امیر خادم', '', 'https://drive.google.com/open?id=0B8V9PkAm4QfTNTVKbUhhc3ZGZms', 'rar', 22, 10, NULL),
(42, 'فایل صوتی کتاب دلتا', '', 'https://drive.google.com/open?id=0B8V9PkAm4QfTVHkwc05oeFZ3a2M', 'rar', 23, 24, NULL),
(43, '1. مقدمه ای بر GRE Analytical Writing (فیلم)', '', 'https://drive.google.com/open?id=0B8V9PkAm4QfTd3QtN2tUdzEyc2c', 'rar', 32, 36, NULL),
(44, '2. طریقه پاراگراف بندی در رایتینگ جی آر ای (فیلم)', '', 'https://drive.google.com/open?id=0B8V9PkAm4QfTUERPSW1LckJsQmc', 'rar', 32, 37, NULL),
(45, '10. نمونه رایتنگ Argument (فیلم)', '', 'https://drive.google.com/open?id=0B8V9PkAm4QfTYThtSDZrazlJS0k', 'rar', 32, 45, NULL),
(46, '3. نکته هایی در مورد رایتینگ جی آر ای (فیلم)', '', 'https://drive.google.com/open?id=0B8V9PkAm4QfTMG43akxEUzJDdGM', 'rar', 32, 38, NULL),
(47, '4. مدیریت زمان در امتحان جی آر ای (فیلم)', '', 'https://drive.google.com/open?id=0B8V9PkAm4QfTSHNkbDNpVW5JRjg', 'rar', 32, 39, NULL),
(48, '5. مقدمه ای بر GRE Issue Task (فیلم)', '', 'https://drive.google.com/open?id=0B8V9PkAm4QfTMTlMRkZKTnc3QW8', 'rar', 32, 40, NULL),
(49, '6. نمونه رایتینگ Issue Task (فیلم)', '', 'https://drive.google.com/open?id=0B8V9PkAm4QfTZ3VqTnRfTFM4YTQ', 'rar', 32, 41, NULL),
(50, '7. مقدمه ای بر  GRE Argumnet Task (فیلم)', '', 'https://drive.google.com/open?id=0B8V9PkAm4QfTOGJCTzdzQXJvckk', 'rar', 32, 42, NULL),
(51, '8. روش پیدا کردن  اشتباهات منطقی رایتینگ Argument  (فیلم)', '', 'https://drive.google.com/open?id=0B8V9PkAm4QfTVFRmNV96dGM4VVU', 'rar', 32, 43, NULL),
(52, '9. طریقه پیدا کردن و نوشتن اشتباهات منطقی رایتینگ Argument (فیلم)', '', 'https://drive.google.com/open?id=0B8V9PkAm4QfTZ1RKQm03NEtZOE0', 'rar', 32, 44, NULL),
(53, 'مقدمه ای بر  GRE Analytical Writing  (پی دی اف)', 'این پی دی اف 29 صفحه ای به طور موجز ولی کاربردی رایتینگ جی آر ای رو آموزش میده و در 3 صفحه آخر روش نمره دهی به هر دو رایتینگ را بسیار عالی توضیح داده.', 'https://drive.google.com/open?id=0B8V9PkAm4QfTTk5LaVU1RGNEbDA', 'pdf', 32, 35, NULL),
(54, 'سوالات رایتینگ GRE بخش Argument ', 'این فایل شامل تمامی سوالات  رایتینگ GRE بخش Argument میباشد که حتما باید قبل از امتحان خوانده شود.', 'https://drive.google.com/open?id=0B8V9PkAm4QfTbi1ObUNTc3lZRU0', 'pdf', 32, 48, NULL),
(55, 'سوالات رایتینگ GRE بخش Issue ', 'این فایل شامل تمامی سوالات  رایتینگ GRE بخش Issue میباشد که حتما باید قبل از امتحان خوانده شود.', 'https://drive.google.com/open?id=0B8V9PkAm4QfTUXhPWUMySGNoNXc', 'pdf', 32, 49, NULL),
(56, 'کتاب کلمات ضروری برای امتحان تافل', 'این کتاب منبع خوبی برای امتحان تافل دکتری که در ایران برگزار میشه میباشد ولی برای تافل آی بی تی بهتره کتاب های دیگه ای که در سایت معرفی شده اند را بخوانید.', 'https://drive.google.com/open?id=0B8V9PkAm4QfTYUxEQzFqWGVKNVU', 'pdf', 33, 52, NULL),
(57, 'پاسخ به سوالات رایتینگ جی آر ای', 'این کتاب نمونه رایتینگ های بسیار خوبی برای امتحان جی آر ای دارد که ایده های خیلی خوبی به داوطلبین این امتحان میدهد.', 'https://drive.google.com/open?id=0B8V9PkAm4QfTN3pIZ1BtZW9uNGs', 'pdf', 32, 46, NULL),
(58, 'راهنمای امتحان جی آر ای توسط ETS (پی دی اف)', 'این کتاب که نسخه های جدید آن نیز منتشر شده منبع بسیار خوبی برای همه مهارت های امتحان جی آر ای است.', 'https://drive.google.com/open?id=0B8V9PkAm4QfTaGUzVTRHQk1mSXc', 'pdf', 32, 34, NULL),
(59, 'کتاب جی آر ای Barron''s', 'این کتاب نیز منبع بسیار خوبی برای همه مهارت های امتحان جی آر ای است.', 'https://drive.google.com/open?id=0B8V9PkAm4QfTSkxKY1JjNHA2cms', 'pdf', 32, 47, NULL),
(60, 'کتاب لغت Verbal Advantage (پی دی اف)', 'این کتاب مرجع فوق العاده ای است برای تقویت واژگان جی آر ای که فایل صوتی آن نیز عالی است. ', 'https://drive.google.com/open?id=0B8V9PkAm4QfTRWRLV2h0Z0JGbUE', 'pdf', 32, 50, NULL),
(61, 'فایل های صوتی کتاب Verbal Advantage ', '', 'https://drive.google.com/open?id=0B8V9PkAm4QfTdFhlUmJabkhybTg', 'rar', 32, 51, NULL),
(62, 'کتاب اصطلاحات ضروری انگلیسی از سطح مقدماتی تا پیشرفته ', 'کتاب اصطلاحات ضروری انگلیسی که 3 سطح مبتدی، متوسط، و پیشرفته دارد برای هر 4 مهارت تافل ضروری است.', 'https://drive.google.com/open?id=0B8V9PkAm4QfTZk9qRUZQTHhqbUU', 'pdf', 30, 33, NULL),
(64, 'کتاب اصطلاحات ضروری انگلیسی از سطح مقدماتی تا پیشرفته ', 'کتاب اصطلاحات ضروری انگلیسی از سطح مقدماتی تا پیشرفته یک منبع عالی برای یادگیری اصطلاحات است که به مهارت های لیسنینگ، اسپیکینگ، و رایتنگ کمک زیادی میکند.', 'https://drive.google.com/open?id=0B8V9PkAm4QfTZk9qRUZQTHhqbUU', 'pdf', 34, 53, NULL),
(65, 'ویدیوی آموزش تلفظ انگلیسی ', 'این فایل ویدئویی به زیبایی طریقه تلفظ لغات انگلیسی را آموزش میدهد که مهارتهای لیستنینگ و اسپیکینگ شما را تقویت میکند.', 'https://drive.google.com/open?id=0B8V9PkAm4QfTdGdqUkRUQXdVc1U', 'rar', 23, 20, NULL),
(66, 'آموزش تلفظ  انگلیسی', 'این کتاب یکی از بهترین منابع آموزش تلفظ کلمات، عبارت ها، و در نهایت جمله ها است. مطالعه کل کتاب عالی است، اما اگر محدودیت زمانی دارید، بخش  Reduced Sounds صفحه 57 کتاب را حتما گوش کنید و تکرار کنید که هم برای لیسنینگ و هم برای اسپیکینگ فوق العاده است. ', 'https://drive.google.com/open?id=0B8V9PkAm4QfTWXd3WGxWelRjS0E', 'rar', 23, 21, NULL),
(67, 'کتاب Just Listening and Speaking', 'این کتاب لهجه بریتانیایی را آموزش میدهد که در آزمون تافل آی بی تی پر بسامد میباشد.', 'https://drive.google.com/open?id=0B8V9PkAm4QfTWGV1enV4ekJSRTA', 'rar', 23, 97, NULL),
(68, 'فایل های صوتی Toefl ESL Pod', 'این فایل ها کل امتحان تافل را با انگلیسی ساده و روان توضیح میدهد و کلمات خیلی کاربردی ای هم در این ضمن تدریس میکند.', 'https://drive.google.com/open?id=0B8V9PkAm4QfTZWxxNEpjekx5c1U', 'rar', 23, 19, NULL),
(69, 'لغت نامه های بابیلون', 'این لغت نامه ها بهترین و به روزترین  لغت نامه های نرم افزار بابیلون هستند.', 'https://drive.google.com/open?id=0B8V9PkAm4QfTMlVLa1NUWjlXbkE', 'rar', 22, 143, NULL),
(70, 'کتاب رایتینگ لانگمن', 'این کتاب یکی از بهترین منابع برای تقویت مهارت رایتینگ و اسپیکینگ تافل میباشد. در این کتاب، کلمات ربط و عبارت های کاربردی انگلیسی به صورت طبقه بندی شده ارائه شده. هنگام تمرین رایتینگ و اسپیکینگ این کتاب باید حتما در کنار شما باشد.', 'https://drive.google.com/open?id=0B8V9PkAm4QfTaURFOE0xeWJ6dEk', 'pdf', 22, 16, NULL),
(71, 'کتاب تافل پی بی تی لانگمن', 'این کتاب منبع مناسبی است برای امتحان تافل دکتری که در ایران برگزار میگردد. فقط تمرین های گرامری آن، بخاطر پیشرفته بودن، باید پس گذراندن هر دو دوره تافل مقدماتی و تافل دکتری حل شوند.', 'https://drive.google.com/open?id=0B8V9PkAm4QfTakgwMUNBUlcwMk0', 'pdf', 31, 56, NULL),
(72, 'جزوه Pre-TOEFL by Amir Khadem', 'این جزوه و جزوه گرامر تافل دکتری حدود 15 سال است که توسط اینجانب، امیر خادم، در موسسات و دانشگاه های زیادی مثل دانشگاه صنعتی شریف تدریس شده و افراد بسیاری تا کنون توانسته اند با کمک آنها سربلند از امتحان تافل دکتری که در ایران برگزار میشود بیرون بیایند. امیدواریم نفرات بعدی شما باشید.', 'https://drive.google.com/open?id=0B8V9PkAm4QfTb2lYY1RVd2lEQlk', 'pdf', 35, 57, NULL),
(73, 'کتاب تافل پی بی تی لانگمن', 'این کتاب منبع مناسبی است برای مهارت خواندن و درک مطلب امتحان تافل دکتری که در ایران برگزار میگردد که در آن تکنیک های درک مطلب به تفصیل توضیح داده شده.', 'https://drive.google.com/open?id=0B8V9PkAm4QfTakgwMUNBUlcwMk0', 'pdf', 36, 58, NULL),
(75, 'نرم افزار تافل پی بی تی کمبریج ', 'این نرم افزار که برای امتحان تافل کامپیوتری ارائه شده بود برای تمرین لیسنینگ تافل آی بی تی بسیار موثر است.', 'https://drive.google.com/open?id=0B8V9PkAm4QfTbWVjUXltY3REMkk', 'rar', 23, 107, NULL),
(78, 'IELTS Practice Test Plus 2', 'این کتاب منبع بسیار مناسبی برای نمره 8 و 9 در امتحان آیلتس میباشد.', 'https://drive.google.com/open?id=0B8V9PkAm4QfTZ1ZvRWxhWG8xLUU', 'rar', 38, 76, NULL),
(79, 'IELTS Practice Test Plus 1', 'این کتاب منبع بسیار مناسبی برای نمره 8 و 9 در امتحان آیلتس میباشد.', 'https://drive.google.com/open?id=0B8V9PkAm4QfTdnRNcnVsblFib2s', 'rar', 38, 75, NULL),
(80, 'Cambridge IELTS 1', 'سری کتاب های کمبریج نمونه های بسیار خوبی هستند از آنچه شما در امتحان واقعی آیلتس آکادمیک و جنرال خواهید دید.', 'https://drive.google.com/open?id=0B8V9PkAm4QfTZURMT1Z4SHJvTFE', 'rar', 38, 66, NULL),
(81, 'Cambridge IELTS 2', '', 'https://drive.google.com/open?id=0B8V9PkAm4QfTT3MwVjRsZDZBdUk', 'rar', 38, 67, NULL),
(82, 'Cambridge IELTS 3', '', 'https://drive.google.com/open?id=0B8V9PkAm4QfTOXYxNGEwRTVpcGM', 'rar', 38, 68, NULL),
(83, ' Cambridge IELTS 4', '', 'https://drive.google.com/open?id=0B8V9PkAm4QfTWmpLcjdVcGRJY1k', 'rar', 38, 69, NULL),
(84, 'Cambridge IELTS 5', '', 'https://drive.google.com/open?id=0B8V9PkAm4QfTcXJDWEIyeURoU28', 'rar', 38, 70, NULL),
(85, ' Cambridge IELTS 6', '', 'https://drive.google.com/open?id=0B8V9PkAm4QfTVFhpOVVvUUFXZDA', 'rar', 38, 71, NULL),
(86, 'Cambridge IELTS 7', '', 'https://drive.google.com/open?id=0B8V9PkAm4QfTdXZKRUpKb0ZtRjQ', 'rar', 38, 72, NULL),
(87, 'Cambridge IELTS 8', '', 'https://drive.google.com/open?id=0B8V9PkAm4QfTWkxUVW1MMHVEaEE', 'rar', 38, 73, NULL),
(88, 'Cambridge IELTS 9', '', 'https://drive.google.com/open?id=0B8V9PkAm4QfTbDdlY014LWR6d2c', 'rar', 38, 74, NULL),
(90, 'GRE Sentence Completion 2', '', 'https://drive.google.com/open?id=0B8V9PkAm4QfTU2N1aEhvb3FkRTQ', 'pdf', 32, 78, NULL),
(91, 'GRE Sentence Completion 1', '', 'https://drive.google.com/open?id=0B8V9PkAm4QfTNUd1QUFsLUMyT2M', 'pdf', 32, 77, NULL),
(92, 'ویدیوی بخش درک مطلب آزمون جی ام ای تی (جی مت) فرمت Quick Time', 'این ویدیو و فایلهای بعدی توسط انتشارات تامسون ارائه شده که نکات مفیدی در مورد درک مطلب جی ام ای تی (جی مت) میدهد.', 'https://drive.google.com/open?id=0B8V9PkAm4QfTOGJMdGo1TlNpd0U', 'rar', 40, 79, NULL),
(95, 'ویدیوی بخش کلمات آزمون جی ام ای تی (جی مت) فرمت Quick Time', '', 'https://drive.google.com/open?id=0B8V9PkAm4QfTZ3puckpVV2dxeFk', 'rar', 40, 80, NULL),
(96, 'بخش ریاضی آزمون جی ام ای تی 1', '', 'https://drive.google.com/open?id=0B8V9PkAm4QfTZ3dnRU1oczZ0NUE', 'rar', 41, 81, NULL),
(97, 'بخش ریاضی آزمون جی ام ای تی 2', '', 'https://drive.google.com/open?id=0B8V9PkAm4QfTTmVPYUl1alJ2LXM', 'rar', 41, 82, NULL),
(98, 'کتاب تصحیح جمله منهتن ', 'این کتاب منبع خوبی برای بخش گرامر جی ام ای تی میباشد. ولی پیشنهاد میکنم اول جزوه های گرامر مقدماتی و گرامر پیشرفته که در همین جا آمده را بخوانید.', 'https://drive.google.com/open?id=0B8V9PkAm4QfTZExCb2xkQ1U4djQ', 'pdf', 42, 83, NULL),
(99, 'جزوه گرامر مقدماتی (خادم)', 'این جزوه و جزوه گرامر پیشرفته حدود 15 سال است که توسط اینجانب، امیر خادم، در موسسات و دانشگاه های زیادی مثل دانشگاه صنعتی شریف تدریس شده و افراد بسیاری تا کنون توانسته اند با کمک آنها سربلند از امتحانهای تافل، آیلتس، تافل دکتری، جی آر ای، و جی ام ای تی بیرون بیایند. امیدواریم نفرات بعدی شما باشید. امیر خادم.', 'https://drive.google.com/open?id=0B8V9PkAm4QfTNWtWbV95RmJfTlk', 'pdf', 42, 84, NULL),
(100, 'جزوه گرامر پیشرفته', 'این جزوه و جزوه گرامر مقدماتی حدود 15 سال است که توسط اینجانب، امیر خادم، در موسسات و دانشگاه های زیادی مثل دانشگاه صنعتی شریف تدریس شده و افراد بسیاری تا کنون توانسته اند با کمک آنها سربلند از امتحان تافل دکتری که در ایران برگزار میشود بیرون بیایند. امیدواریم نفرات بعدی شما باشید.', 'https://drive.google.com/open?id=0B8V9PkAm4QfTaGF4bDd3ejVNVUE', 'pdf', 42, 85, NULL),
(101, 'کتاب راهنمای رایتینگ جی ام ای تی', 'این کتاب به زیبایی هر دو گونه رایتینگ امتحان جی ام ای تی را توضیح میدهد.', 'https://drive.google.com/open?id=0B8V9PkAm4QfTRUlDQl83OXlBNU0', 'pdf', 39, 86, NULL),
(102, 'سوالات رایتینگ امتحان جی ام ای تی (جی مت) همراه با نمونه رایتینگ', 'خواندن این سوالات و نمونه های ارائه شده به طور قابل توجهی در نمره بخش رایتینگ شما اثر خواهد گذاشت.', 'https://drive.google.com/open?id=0B8V9PkAm4QfTY0FnTExLVnBSbGc', 'pdf', 39, 87, NULL),
(103, 'کتاب نامه های اداری برای آدمهای پر مشعله', 'این کتاب نمونه نامه های اداری و بازرگانی بسیار خوبی دارد و دارای عبارات و کلمه های کلیدی است که برای کسانی که قصد شرکت در امتحان آیلتس جنرال را دارند خیلی مفید است.', 'https://drive.google.com/open?id=0B8V9PkAm4QfTc0VSbjY3X1dNbEE', 'pdf', 43, 91, NULL),
(104, 'فایل های 6 دقیقه ای بی بی سی', 'این فایل ها برای یادگیری لهجه بریتانیایی هستند که برای امتحان تافل ضروری اند. ', 'https://drive.google.com/open?id=0B8V9PkAm4QfTTEJYcmZkdkZhaWs', 'rar', 23, 95, NULL),
(105, 'یادگیری انگلیسی از طریق بی بی سی', 'این فایل ها هم برای یادگیری لهجه بریتانیایی خیلی مفید هستند و برای امتحان تافل ضروری اند.', 'https://drive.google.com/open?id=0B8V9PkAm4QfTeURJZjNsQ0dGY0U', 'rar', 23, 96, NULL),
(107, 'تی پی او 40 تا 48', '', 'https://drive.google.com/open?id=0B8V9PkAm4QfTUXNtQ0ZQT2VUVVE', 'rar', 23, 94, NULL),
(108, 'نرم افزار تی پی او 1 تا 36', '', 'https://drive.google.com/open?id=0B8V9PkAm4QfTLXVsSkNyMEp3WDQ', 'rar', 23, 93, NULL),
(111, 'نرم افزار تافل آی بی تی کمبریج ', '', 'https://drive.google.com/open?id=0B8V9PkAm4QfTbl9SaW1aVXRiSW8', 'rar', 23, 92, NULL),
(112, 'نرم افزار تافل آی بی تی بارونز', '', 'https://drive.google.com/open?id=0B8V9PkAm4QfTODA1ODBVeTJDMGc', 'rar', 21, 100, NULL),
(113, 'کتاب گرامر کمبریج برای آیلتس آکادمیک', '', 'https://drive.google.com/open?id=0B8V9PkAm4QfTMm4tQkFfRjJkcFk', 'rar', 44, 103, NULL),
(114, 'کتاب آمادگی و تمرین برای مهارت اسپیکینگ و لیسنینگ  Preparation and Practice Listening and Speaking', 'این کتاب، بخصوص بخش لیسنینگ آن، منبعی بسیار مناسب برای یادگیری مقدماتی مهارت لیسنینگ آیلتس میباشد.', 'https://drive.google.com/open?id=0B8V9PkAm4QfTRkZzZndXcGx5TWc', 'rar', 38, 65, NULL),
(115, 'کتاب آمادگی و تمرین مهارت ریدینگ جنرال آیلتس', 'این کتاب، بخصوص بخش ریدینگ آن، منبعی بسیار مناسب برای یادگیری مقدماتی مهارت ریدینگ آیلتس جنرال میباشد.', 'https://drive.google.com/open?id=0B8V9PkAm4QfTU2kyOVhMcjktRzg', 'pdf', 46, 105, NULL),
(116, 'کتاب تافل آی بی تی آکسفورد', '', 'https://drive.google.com/open?id=0B8V9PkAm4QfTN0NISW9lcVNQWEk', 'rar', 23, 106, NULL),
(117, 'سوالات نمونه رایتینگ های کتاب TOEFL Writing Success به ترتیبی که در کتاب آمده ', 'این فایل به شما کمک میکند که نمونه های نوشته شده در کتاب TOEFL Writing Success را به راحتی پیدا کرده و مطالعه نمایید. ', 'https://drive.google.com/open?id=0B8V9PkAm4QfTZkZnQ2ZPVmlrMm8', 'pdf', 22, 11, NULL),
(118, 'جزوه گرامر مقدماتی آیلتس (امیر خادم)', 'این جزوه و جزوه رایتینگ آیلتس حدود 15 سال است که توسط اینجانب، امیر خادم، در موسسات و دانشگاه های زیادی مثل دانشگاه صنعتی شریف تدریس شده و افراد بسیاری تا کنون توانسته اند با کمک آنها سربلند از امتحانهای تافل، آیلتس، تافل دکتری، جی آر ای، و جی ام ای تی بیرون بیایند. امیدواریم نفرات بعدی شما باشید. امیر خادم.', 'https://drive.google.com/open?id=0B8V9PkAm4QfTMF96c2prMHpiTDg', 'pdf', 44, 101, NULL),
(119, 'جزوه گرامر  IELTS Writing (امیر خادم)', 'این جزوه و جزوه مقدماتی رایتینگ آیلتس حدود 15 سال است که توسط اینجانب، امیر خادم، در موسسات و دانشگاه های زیادی مثل دانشگاه صنعتی شریف تدریس شده و افراد بسیاری تا کنون توانسته اند با کمک آنها سربلند از امتحانهای تافل، آیلتس، تافل دکتری، جی آر ای، و جی ام ای تی بیرون بیایند. امیدواریم نفرات بعدی شما باشید. امیر خادم.', 'https://drive.google.com/open?id=0B8V9PkAm4QfTVktuR1ZGSUx1V2s', 'pdf', 44, 102, NULL),
(120, 'جزوه گرامر مقدماتی آیلتس (امیر خادم)', 'این جزوه و جزوه رایتینگ آیلتس حدود 15 سال است که توسط اینجانب، امیر خادم، در موسسات و دانشگاه های زیادی مثل دانشگاه صنعتی شریف تدریس شده و افراد بسیاری تا کنون توانسته اند با کمک آنها سربلند از امتحانهای تافل، آیلتس، تافل دکتری، جی آر ای، و جی ام ای تی بیرون بیایند. امیدواریم نفرات بعدی شما باشید. امیر خادم.', 'https://drive.google.com/open?id=0B8V9PkAm4QfTMF96c2prMHpiTDg', 'pdf', 43, 108, NULL),
(121, 'جزوه گرامر  IELTS Writing (امیر خادم)', 'این جزوه و جزوه مقدماتی رایتینگ آیلتس حدود 15 سال است که توسط اینجانب، امیر خادم، در موسسات و دانشگاه های زیادی مثل دانشگاه صنعتی شریف تدریس شده و افراد بسیاری تا کنون توانسته اند با کمک آنها سربلند از امتحانهای تافل، آیلتس، تافل دکتری، جی آر ای، و جی ام ای تی بیرون بیایند. امیدواریم نفرات بعدی شما باشید. امیر خادم.', 'https://drive.google.com/open?id=0B8V9PkAm4QfTVktuR1ZGSUx1V2s', 'pdf', 43, 109, NULL),
(122, 'سر فصل موضوعات مهارت اسپیکینگ آیلتس', '', 'https://drive.google.com/open?id=0B8V9PkAm4QfTaV8zUFFyUGV1clk', 'pdf', 52, 110, NULL),
(123, 'معرفی بخش مهارت اسپیکینگ آیلتس', '', 'https://drive.google.com/open?id=0B8V9PkAm4QfTNDVYZEpZY0hHMjg', 'pdf', 52, 111, NULL),
(124, 'ویدیوی آموزشی مهارت های آیلتس', 'در این ویدیو، چهار مهارت آیلتس توسط اساتید استرالیایی به صورت حرفه ای تدریس می شود.', 'https://drive.google.com/open?id=0B8V9PkAm4QfTdjFvbEdQSlcza3c', 'rar', 29, 112, NULL),
(125, 'ویدیوی آموزشی مهارت های آیلتس', 'در این ویدیو، چهار مهارت آیلتس توسط اساتید استرالیایی به صورت حرفه ای تدریس می شود.', 'https://drive.google.com/open?id=0B8V9PkAm4QfTdjFvbEdQSlcza3c', 'rar', 28, 113, NULL),
(126, 'رئوس‌ مطالب و برنامه کلاسی ریدینگ آیلتس آکادمیک', 'منابع بخش ریدینگ آیلتس آکادمیک که در موسسه آوای شهیر تدریس میشوند', 'https://drive.google.com/open?id=0B8V9PkAm4QfTRERaWjVzZzNHRm8', 'pdf', 38, 59, NULL),
(128, 'رئوس‌ مطالب و برنامه کلاسی رایتینگ آیلتس', 'این منابع جزو بهترین منابع رایتینگ آیلتس آکادمیک میباشند که بخشی از آنها در طول دوره های موسسه آوای شهیر تدریس میشود و بخشی از آنها برای مطالعه شخصی هستند.', 'https://drive.google.com/open?id=0B8V9PkAm4QfTRFpWYkctMHF5MUE', 'pdf', 53, 114, NULL),
(129, 'تی پی او 1 تا 36', '', 'https://drive.google.com/open?id=0B8V9PkAm4QfTLXVsSkNyMEp3WDQ', 'rar', 20, 115, NULL),
(130, 'تی پی او 40 تا 48', '', 'https://drive.google.com/open?id=0B8V9PkAm4QfTUXNtQ0ZQT2VUVVE', 'rar', 20, 116, NULL),
(131, 'خطاهای رایج در آیلتس: سطح پیشرفته', 'کتاب Common Mistakes at IELTS Advanced ،منبع مناسبی برای تقویت گرامر و رفع اشکالات گرامری می باشد. این کتاب به دوستانی که نمره رایتینگ و اسپیکینگ آنها بین ۶ و ۷ می باشد و در پی نمره بالاتری هستند توصیه می شود.', 'https://drive.google.com/open?id=0B8V9PkAm4QfTbWFPUzlBWkxBamM', 'pdf', 44, 117, NULL),
(132, 'اصطلاحات و افعال دو قسمتی', 'کتاب Oxford Idioms and Phrasal Verbs ،از کتاب های بسیار مفید برای تقویت مهارت اسپیکینگ می باشد. در زمان مطالعه این کتاب، به رسمی و غیر رسمی بودن آیتم ها دقت کنید ودر صورتی که خود را برای آیلتس آکادمیک آماده می کنید،  ساختار ها و عبارات رسمی را به خاطر بسپارید.', 'https://drive.google.com/open?id=0B8V9PkAm4QfTSVFRaEN2blItQkE', 'pdf', 34, 118, NULL),
(133, 'کتاب کلمات آیلتس کالینز', 'یکی دیگر از کتاب های مفید برای  افزایش دایره واژگانی، کتاب Collins Vocabulary for IELTS می باشد. این کتاب به آن دسته از داوطلبانی توصیه می شود که نمره آنها  ۵ تا ۵.۵ بوده و می خواهند به نمره ۶-۷برسند.', 'https://drive.google.com/open?id=0B8V9PkAm4QfTaURwOGZlNHVpd3M', 'pdf', 34, 119, NULL),
(134, 'فایل صوتی کتاب کلمات آیلتس کالینز', '', 'https://drive.google.com/open?id=0B8V9PkAm4QfTTXR5bE5MV0NMbHc', 'rar', 34, 120, NULL),
(135, 'فایل صوتی کتاب کلمات آیلتس کمبریج', '', 'https://drive.google.com/open?id=0B8V9PkAm4QfTLVBFMjBMczk3akU', 'rar', 34, 122, NULL),
(136, 'کتاب کلمات آیلتس کمبریج', 'کتاب Cambridge vocabulary for IELTS یکی از بهترین کتابهای نوشته شده برای ارتقای دایره واژگانی کاندیداهای آیلتس  می باشد. این کتاب زیبا با در بر داشتن بخش های متنوع، شما را با نوع متن ها و ساختارهایی که در آزمون آیلتس خواهید دید و همچنین آنچه می بایست در بخش اسپیکینگ و رایتینگ ارائه کنید آشنا می کند.\r\nاین کتاب به داوطلبانی که در پی رسیدن به نمرات ‌۷ تا ۷/۵ هستند پیشنهاد می شود.', 'https://drive.google.com/open?id=0B8V9PkAm4QfTTE5TdnRMaXFEOXM', 'pdf', 34, 121, NULL),
(137, 'فایل پی دی اف کتاب IELTS Test Builder 2', 'کتاب آیلتس تست بیلدر ۲ که در بر دارنده ۴ آزمون شبیه سازی شده و تمرین های کافی و مؤثر است، از بهترین کتابهای شبیه ساز آزمون های آیلتس می باشد. از ویژگی های بارز این کتاب بهره گرفتن از شیوه های آسان وگام به گام می باشد.\r\nبا آرزوی موفقیت شما عزیزان در آزمون آیلتس.\r\nایزدی فر', 'https://drive.google.com/open?id=0B8V9PkAm4QfTVEI3c0wyYjB5YnM', 'pdf', 38, 60, NULL),
(138, 'فایل صوتی تست 1 از کتاب IELTS Test Builder 2', '', 'https://drive.google.com/open?id=0B8V9PkAm4QfTeDQ3M1g1ajFKNzQ', 'rar', 38, 61, NULL),
(139, 'فایل صوتی تست 2 از کتاب IELTS Test Builder 2', '', 'https://drive.google.com/open?id=0B8V9PkAm4QfTakowUHRQZmhnT2M', 'rar', 38, 62, NULL),
(140, 'فایل صوتی تست 3 از کتاب IELTS Test Builder 2', '', 'https://drive.google.com/open?id=0B8V9PkAm4QfTOHY1YnNCaXp2S3M', 'rar', 38, 63, NULL),
(141, 'فایل صوتی تست 4 از کتاب IELTS Test Builder 2', '', 'https://drive.google.com/open?id=0B8V9PkAm4QfTajdjQ1VQNGVRdjQ', 'rar', 38, 64, NULL),
(142, '7 نمونه سوال اسپیکینگ آیلتس', '', 'https://drive.google.com/open?id=0B8V9PkAm4QfTdlFTWURnNGhKZzQ', 'pdf', 52, 123, NULL),
(143, 'جلسه اول کلاس اسپیکینگ آیلتس: موضوع بحث (آب و هوا)', 'این نمونه یکی از چندین نمونه ای است که در کلاس های مکالمه موسسه آوای شهیر تدریس میگردد.', 'https://drive.google.com/open?id=0B8V9PkAm4QfTTXViREtkUnc5MjA', 'pdf', 52, 124, NULL),
(144, 'رئوس‌ مطالب و برنامه کلاسی لیسنینگ آیلتس (جنرال و آکادمیک)', '', 'https://drive.google.com/open?id=0B8V9PkAm4QfTWG82UHhJMEJUNkU', 'pdf', 45, 125, NULL),
(145, 'رئوس‌ مطالب و برنامه کلاسی ریدینگ آیلتس جنرال', '', 'https://drive.google.com/open?id=0B8V9PkAm4QfTcXF3bWNrZi1tVm8', 'pdf', 46, 104, NULL),
(146, 'رئوس‌ مطالب و برنامه کلاسی رایتینگ آیلتس جنرال', '', 'https://drive.google.com/open?id=0B8V9PkAm4QfTT3NYMWxSY2dhMGs', 'pdf', 43, 88, NULL),
(147, 'سوالات رایج بخش رایتینگ آزمون آیلتس در 20 گروه متفاوت', 'این فایل سوالات رایج رایتینگ آزمون آیلتس را در 20 گروه متفاوت طبقه بندی کرده که برای سهولت امر رایتینگ آیلتس بسیار موثر خواهد بود.', 'https://drive.google.com/open?id=0B8V9PkAm4QfTcjZxeUZJLXlGSUE', 'pdf', 43, 90, NULL),
(148, '5 گونه سوال رایج در مهارت رایتینگ آیلتس', 'این فایل 5 گونه مختلف رایتینگ های آیلتس را با ذکر نمونه سوال معرفی میکند.', 'https://drive.google.com/open?id=0B8V9PkAm4QfTazBjSy1ybTBGTjg', 'pdf', 43, 89, NULL),
(149, 'خطاهای رایج در زبان انگلیسی (لانگمن)', 'این کتاب منبع بسیار خوبی است برای بخش گرامر امتحان تافل دکتری. ', 'https://drive.google.com/open?id=0B8V9PkAm4QfTSm1mYW1uakNkeFU', 'pdf', 31, 126, NULL),
(150, 'خطاهای رایج در زبان انگلیسی (لانگمن)', 'این کتاب منبع بسیار خوبی است برای بخش رایتینگ امتحان تافل آی بی تی', 'https://drive.google.com/open?id=0B8V9PkAm4QfTSm1mYW1uakNkeFU', 'pdf', 22, 127, NULL),
(151, 'یک نمونه کارنامه صادر شده توسط ETS', '', 'https://drive.google.com/open?id=0B8V9PkAm4QfTaGduOWg1VXhtZ1E', 'pdf', 26, 128, NULL),
(152, 'رئوس‌ مطالب و برنامه مطالعه همه مهارت های تافل', 'در این فایل، که ثمره سالها تدریس تافل در دانشگاه شریف و امیرکبیر است، رئوس‌ مطالب و برنامه مطالعه همه مهارت های تافل را با جزئیاتش هر مهارت توضیح دادم که تا الان همه کسانی که این برنامه را دنبال کرده اند، صرف نظر از سطحی که داشتند، نمرات فوق العاده ای در امتحان تافل گرفته اند. امیدوارم شما نفر بعدی باشید.\r\nبا آرزوی موفقیت.\r\nامیر خادم', 'https://drive.google.com/open?id=0B8V9PkAm4QfTV0FRS3BIaUJtek0', 'pdf', 27, 129, NULL),
(153, 'کتاب اصطلاحات ضروری انگلیسی از سطح مقدماتی تا پیشرفته ', 'کتاب اصطلاحات ضروری انگلیسی که 3 سطح مبتدی، متوسط، و پیشرفته دارد برای هر 4 مهارت تافل ضروری است.', 'https://drive.google.com/open?id=0B8V9PkAm4QfTZk9qRUZQTHhqbUU', 'pdf', 20, 130, NULL),
(154, 'نمره 0 تا 30 ریدینگ بر اساس تعداد سوالات جواب داده شده', '', 'https://drive.google.com/open?id=0B8V9PkAm4QfTLWlzMm1FdzlMVTA', 'pdf', 20, 17, NULL),
(155, 'کتاب کلمات ضروری برای امتحان تافل', 'این کتاب برای کسانی مناسب است که وقت خیلی کمی برای امتحان دارند. در غیر اینصورت، کتاب 4000 کلمه ضروری بسیار مناسب تر است.', 'https://drive.google.com/open?id=0B8V9PkAm4QfTYUxEQzFqWGVKNVU', 'pdf', 20, 131, NULL),
(156, 'کلمات تی پی او', 'این فایل شامل بخش عمده ای از لغات مطرح شده در امتحان تافل آی بی تی می باشد.', 'https://drive.google.com/open?id=0B8V9PkAm4QfTTlgtQ2hlT0ZnOE0', 'pdf', 20, 132, NULL),
(158, 'نمونه رایتینگ های تی پی او 1 تا 24', 'این فایل شامل 24 تا نمونه رایتینگ از تی پی او می باشد که می توانند در دادن ایده مفید باشند ولی از لحاظ ساختاری زیاد مناسب نیستند.', 'https://drive.google.com/open?id=0B8V9PkAm4QfTQ3N3bDBnUE1wSTA', 'pdf', 22, 133, NULL),
(159, 'نمونه اسپیکینگ های تی پی او 1 تا 24', 'این فایل شامل 24 تا نمونه اسپیکینگ از تی پی او می باشد که می توانند در دادن ایده مفید باشند ولی از لحاظ ساختاری زیاد مناسب نیستند.', 'https://drive.google.com/open?id=0B8V9PkAm4QfTT2JPYm04N2hoMEk', 'pdf', 21, 99, NULL),
(160, 'روش نمره دهی به رایتینگ تافل', '', 'https://drive.google.com/open?id=0B8V9PkAm4QfTN2FvXzJ1WEEwTEU', 'pdf', 22, 5, NULL),
(161, 'بخش هایی از کتاب TOEFL Writing Success 4th Edition (امیر خادم)', 'این کتاب که برای زبان آموزان سطوح متوسطه به بالا نوشته شده منبعی عالی برای کسانی است که قصد شرکت در امتحان هایی مثل آیلتس، جی آر ای، جی ام ای تی، و تافل را دارند. این کتاب شامل 165 نمونه از رایتینگ های دانشجویانم و 4 نمونه از رایتینگ های نویسنده می باشد که کلمات و عبارت های بسیار پرکاربردی در آنها به کار رفته. لازم به ذکر است که نوشتن این نمونه ها ساعت ها وقت گرفته و بعدها این دانشجویان زمان نوشتن خود را کاهش داده اند. بنابراین، شما هم باید دقیقا همین کار را بکنید تا سطح رایتینگ شما آرام آرام بهبود پیدا کند. در ضمن، تمرین های زیادی در خصوص paraphrasing، synthesizing، و note-taking  نیز در کتاب آمده که مهارتهای زبانی شما را برای امتحان تافل بالا میبرد. اگر این کتاب را آنطور که در مقدمه اش آمده مطالعه کنید، نمره بسیار خوبی در امتحان خواهید گرفت.\r\n با آرزوی موفقیت شما در آزمون تافل. \r\nامیر خادم.', 'https://drive.google.com/open?id=0B8V9PkAm4QfTdWtEb1d1R2lwNTA', 'pdf', 22, 8, NULL),
(162, 'واژه‌ نامه‌ کتاب TOEFL Writing Success 4th Edition نوشته امیر خادم', 'از آنجا که واژگان بکار رفته در کتاب سخت ولی کاربردی هستند، اصرار دارم که برای درک بهتر واژگان و کاربرد آنها حتما و حتما از این واژه نامه استفاده کنید.', 'https://drive.google.com/open?id=0B8V9PkAm4QfTX01MRlZIQVlOT0U', 'docx', 22, 9, NULL),
(163, 'جزوه گرامر مقدماتی تافل (امیر خادم)', 'این جزوه و جزوه گرامر تافل حدود 15 سال است که توسط اینجانب، امیر خادم، در موسسات و دانشگاه های زیادی مثل دانشگاه صنعتی شریف تدریس شده و افراد بسیاری تا کنون توانسته اند با کمک آنها سربلند از امتحانهای تافل، آیلتس، تافل دکتری، جی آر ای، و جی ام ای تی بیرون بیایند. امیدواریم نفرات بعدی شما باشید. امیر خادم.', 'https://drive.google.com/open?id=0B8V9PkAm4QfTdW84SDYxMElJaUk', 'pdf', 22, 12, NULL),
(164, 'جزوه گرامر تافل آی بی تی (امیر خادم)', 'این جزوه و جزوه گرامر مقدماتی تافل حدود 15 سال است که توسط اینجانب، امیر خادم، در موسسات و دانشگاه های زیادی مثل دانشگاه صنعتی شریف تدریس شده و افراد بسیاری تا کنون توانسته اند با کمک آنها سربلند از امتحان تافل دکتری که در ایران برگزار میشود بیرون بیایند. امیدواریم نفرات بعدی شما باشید.', 'https://drive.google.com/open?id=0B8V9PkAm4QfTSk5aQ0dUNG1Oam8', 'pdf', 22, 13, NULL),
(165, 'جدیدترین سوالات بخش رایتینگ تافل آی بی تی', '', 'https://drive.google.com/open?id=0B8V9PkAm4QfTRE5Ia1dBVWJtRXc', 'pdf', 22, 15, NULL),
(166, 'جدیدترین سوالات بخش اسپیکینگ تافل آی بی تی', '', 'https://drive.google.com/open?id=0B8V9PkAm4QfTbDFnUnlsN1d5dDQ', 'pdf', 21, 98, NULL),
(167, 'زیباترین نقل قول های طول تاریخ', 'خواندن این نقل قول ها میتواند ایده های خلاقانه زیادی به شما بدهد وکاربرد آنها در هر امتحانی تاثیر زیادی در نمره شما خواهد داشت.', 'https://drive.google.com/open?id=0B8V9PkAm4QfTcDA4ancyM3RWeGc', 'pdf', 22, 138, NULL),
(168, 'ضرب المثل هاي انگليسي با ترجمه فارسي', 'خواندن این ضرب المثلها میتواند ایده های خلاقانه زیادی به شما بدهد وکاربرد آنها در هر امتحانی تاثیر زیادی در نمره شما خواهد داشت.', 'https://drive.google.com/open?id=0B8V9PkAm4QfTbkJWWTFyd3YxSUU', 'pdf', 22, 136, NULL),
(169, '29 موضوع طبقه بندی شده رایتینگ تافل', '', 'https://drive.google.com/open?id=0B8V9PkAm4QfTc213cWt1Y1UxbWs', 'docx', 22, 135, NULL),
(170, 'ضرب المثل ها و نقل قول های دسته بندی شده', 'خواندن این ضرب المثل ها بسیار جذابه و به رایتینگ شما کمک زیادی میکند.', 'https://drive.google.com/open?id=0B8V9PkAm4QfTR3BWNWtMalZuZWs', 'jpeg', 22, 137, NULL),
(171, 'روش نصب نرم افزار بابیلون', '', 'https://drive.google.com/open?id=0B8V9PkAm4QfTRjFkTUZ2TzJwOEk', 'docx', 22, 140, NULL),
(172, 'فایل نصب نرم افزار بابیلون', '', 'https://drive.google.com/open?id=0B8V9PkAm4QfTdnR1WFFVM0djc3c', 'rar', 22, 141, NULL),
(173, 'فایل کرک نرم افزار بابیلون', '', 'https://drive.google.com/open?id=0B8V9PkAm4QfTaDlFMGUxRzlRajg', 'rar', 22, 142, NULL),
(174, 'جواب تمرینات جزوه گرامر تافل (امیر خادم)', '', 'https://drive.google.com/open?id=0B8V9PkAm4QfTRnNrMEg4WG9xTjA', 'docx', 22, 14, NULL),
(175, 'نمره 0 تا 30 لیسنینگ بر اساس تعداد سوالات جواب داده شده', '', 'https://drive.google.com/open?id=0B8V9PkAm4QfTcHBIS09ROUhmV0E', 'pdf', 23, 22, NULL),
(176, 'در مورد لیسنینگ های  تکراری امتحان تافل آی بی تی ', '', 'https://drive.google.com/open?id=0B8V9PkAm4QfTWFY0UjJzSFRhczQ', 'docx', 23, 144, NULL),
(177, 'A Student''s ID Card Complete', '', 'https://drive.google.com/open?id=0B8V9PkAm4QfTSnJmRHZmSnFWU2M', 'docx', 23, 145, NULL),
(178, 'William Wordsworth Complete', '', 'https://drive.google.com/open?id=0B8V9PkAm4QfTWEx0bmM0ZEVtQ00', 'docx', 23, 146, NULL),
(179, 'Birds'' Migration Complete', '', 'https://drive.google.com/open?id=0B8V9PkAm4QfTY1MyS2ZwZWM1ZU0', 'docx', 23, 147, NULL),
(180, 'Glial Cell Complete', '', 'https://drive.google.com/open?id=0B8V9PkAm4QfTclR6aTBBQXBJOTA', 'docx', 23, 148, NULL),
(181, 'Ragtime Music', '', 'https://drive.google.com/open?id=0B8V9PkAm4QfTRHZMLWRJZVN1ZW8', 'docx', 23, 149, NULL),
(182, 'Rafflesia', '', 'https://drive.google.com/open?id=0B8V9PkAm4QfTWXlremdkR2d5Q28', 'docx', 23, 150, NULL),
(183, 'لیست کلماتی که در محیط دانشگاه استفاده می شوند;', '', 'https://drive.google.com/open?id=0B8V9PkAm4QfTRkE5VXJaTlp1T28', 'pdf', 21, 151, NULL),
(184, 'معیارهای نمره اسپیکینگ درآزمون تافل آی بی تی', '', 'https://drive.google.com/open?id=0B8V9PkAm4QfTYmduRUt0aV85eTg', 'pdf', 21, 152, NULL),
(185, 'ایده هایی مناسب برای مهارت های اسپیکینگ و رایتینگ', '', 'https://drive.google.com/open?id=0B8V9PkAm4QfTSGNadGt2enR4ZTg', 'pdf', 21, 153, NULL),
(186, 'ایده هایی مناسب برای مهارت های اسپیکینگ و رایتینگ', '', 'https://drive.google.com/open?id=0B8V9PkAm4QfTSGNadGt2enR4ZTg', 'pdf', 22, 134, NULL),
(187, 'رئوس مطالب و برنامه درسی واژگان جی آر ای', 'کلاس واژه سازي\r\n\r\nيکي از بزرگترين مشکلاتي که داوطلبان آيلتس، تافل، و جي آر اي با آن روبرو هستند لغت است. اغراق نخواهد بود اگر بگوييم که کار يادگيري لغت آنقدر دشوار است که داوطلبان زيادي راهي بجز دوري و يا به تعويق انداختن امتحان ندارند. با اين حال، راههايي وجود دارند که مي توانند میزان چالش را براي داوطلبان کاهش دهند و يکي از بهترين روشها يادگيري واژگان از طريق واژه سازي است. برنامه درسي پيشنهادي موسسه آواي شهير ميانبري براي فراگيري 1200 واژه انگليسي در تنها هشت جلسه است. نگاهي ساده به اين برنامه نشان مي دهد که واژگان نمونه ذکر شده کلمات ساده اي نيستند و مي توانند هر داوطلبي را به چالش بکشند. با اين وجود، بجاي بي انگيزه نمودن فراگيران، مدرس دوره واژگان را به گونه اي چيده است که مي توانند تجربه يادگيري را تلاشي بسيار جالب و سازنده نمايد. هر جلسه به سه بخش تقسيم شده است: تمرکز بخش اول بر روي پيشوندها و پسوندها به همراه انگاره هاي اصلي است. بخش هاي دوم و سوم به گونه اي موزون مرتب شده اند تا دامنه وسيعي از لغات را در بر بگيرند بدون اينکه کنجکاوي داوطلبان را تهديد نمايند. همچنين در بخش دوم قسمتي تعبيه شده است که به کلمات انگليسي قرض گرفته از ساير زبانها مي پردازد. لازم به ذکر است که داوطلبان 10 لغت مشتق شده از هر واژه را مرور ميکنند. بدين معني که آنان 150 لغت در هر جلسه ياد مي گيرند. برگه هاي تمريني نيز به همراه جزوه دوره وجود دارند تا داوطلبان را در فراگيري واژگان بصورت موثر و  کارآمد ياري نمايند.\r\nحسين خضرلو\r\n', 'https://drive.google.com/open?id=0B8V9PkAm4QfTMXJvdEVySlZQcEU', 'pdf', 32, 154, NULL),
(188, 'جلسه اول کلاس ساخت واژه جی آر ای', '', 'https://drive.google.com/open?id=0B8V9PkAm4QfTZUtwWHEzQm1SOUE', 'pdf', 32, 155, NULL),
(189, 'جلسه هشتم کلاس ساخت واژه جی آر ای', '', 'https://drive.google.com/open?id=0B8V9PkAm4QfTVzd1XzBrTjdpcWc', 'pdf', 32, 156, NULL),
(190, 'Master the GRE 2014 - Peterson', '', 'https://drive.google.com/open?id=0B8V9PkAm4QfTdWpIY1FuYnczck0', 'pdf', 32, 157, NULL),
(191, 'GRE Math Bible - Nova', '', 'https://drive.google.com/open?id=0B8V9PkAm4QfTODYteW5CeER2SFk', 'pdf', 32, 158, NULL);
INSERT INTO `ym_class_category_file_links` (`id`, `title`, `summary`, `link`, `file_type`, `category_id`, `order`, `link_size`) VALUES
(192, 'تست های بخش verbal جی آر ای (Vocab)', '', 'https://drive.google.com/open?id=0B8V9PkAm4QfTREpfUEdhRnc0S00', 'rar', 32, 159, NULL),
(193, 'فلش کارد پیشوندها، پسوندها، و ریشه کلمات انگلیسی', '', 'https://drive.google.com/open?id=0B8V9PkAm4QfTcXB3MWp5UW80NmM', 'pdf', 32, 160, NULL),
(194, 'پیشوندها، پسوندها، و ریشه کلمات انگلیسی', '', 'https://drive.google.com/open?id=0B8V9PkAm4QfTZ29oVHpRUGpIOUE', 'pdf', 32, 161, NULL),
(195, 'The Official Guide fot GMAT Review 2015 - Wiley Publication', '', 'https://drive.google.com/open?id=0B8V9PkAm4QfTQUpmY2l6UjV1NlE', 'pdf', 54, 162, NULL),
(196, 'نمونه رایتینگ Argument جی آر ای و روش نمره دهی به آنها', '', 'https://drive.google.com/open?id=0B8V9PkAm4QfTcnNBMXhxUmhKWE0', 'pdf', 32, 163, NULL),
(197, 'Official GRE Verbal Reasoning Practice Questions Volume One', '', 'https://drive.google.com/open?id=0B8V9PkAm4QfTRWdqUUNqUjU5RVU', 'pdf', 32, 164, NULL),
(198, 'Official GRE Quantitative Reasoning - Vol 1 - ETS', '', 'https://drive.google.com/open?id=0B8V9PkAm4QfTSWlZYmdEaUtROEE', 'pdf', 32, 165, NULL),
(199, 'Mathematical Conventions - ETS', '', 'https://drive.google.com/open?id=0B8V9PkAm4QfTQk9RVU96TWtsa2s', 'pdf', 32, 166, NULL),
(200, 'Math Review (ETS)', '', 'https://drive.google.com/open?id=0B8V9PkAm4QfTUHBERWFaQjlzWG8', 'pdf', 32, 167, NULL),
(201, 'Master the GRE 2014 - Peterson', '', 'https://drive.google.com/open?id=0B8V9PkAm4QfTdWpIY1FuYnczck0', 'pdf', 32, 168, NULL),
(203, 'فلش کارد پیشوندها، پسوندها، و ریشه کلمات انگلیسی', '', 'https://drive.google.com/open?id=0B8V9PkAm4QfTcXB3MWp5UW80NmM', 'pdf', 40, 169, NULL),
(204, 'پیشوندها، پسوندها، و ریشه کلمات انگلیسی', '', 'https://drive.google.com/open?id=0B8V9PkAm4QfTZ29oVHpRUGpIOUE', 'pdf', 40, 170, NULL),
(205, 'فلش کارد پیشوندها، پسوندها، و ریشه کلمات انگلیسی', '', 'https://drive.google.com/open?id=0B8V9PkAm4QfTcXB3MWp5UW80NmM', 'pdf', 30, 171, NULL),
(206, 'پیشوندها، پسوندها، و ریشه کلمات انگلیسی', '', 'https://drive.google.com/open?id=0B8V9PkAm4QfTZ29oVHpRUGpIOUE', 'pdf', 30, 172, NULL);

-- --------------------------------------------------------

--
-- Table structure for table `ym_class_tags`
--

CREATE TABLE IF NOT EXISTS `ym_class_tags` (
  `id` int(10) unsigned NOT NULL AUTO_INCREMENT,
  `title` varchar(50) CHARACTER SET utf8 COLLATE utf8_persian_ci DEFAULT NULL COMMENT 'عنوان',
  PRIMARY KEY (`id`)
) ENGINE=InnoDB  DEFAULT CHARSET=utf8 AUTO_INCREMENT=553 ;

--
-- Dumping data for table `ym_class_tags`
--

INSERT INTO `ym_class_tags` (`id`, `title`) VALUES
(1, 'تافل'),
(2, 'دوره های تافل آی بی تی'),
(3, 'دوره های تافل آی بی تی_امیر خادم_'),
(4, 'موسسه آوای شهیر_'),
(5, 'TOEFL iBT courses'),
(6, 'Amir Khadem'),
(7, 'دوره های آموزش آیلتس'),
(8, 'موسسه پردیس آوای شهیر'),
(9, 'تخفیف های ویژه'),
(10, 'نت برگ'),
(11, 'شرایط ثبت نام'),
(12, 'گارکاه'),
(13, 'نمونه رایتینگ'),
(14, 'نکات کلیدی'),
(15, 'مدیر موسسه پردیس آوای شهیر: امیر خادم المله'),
(16, 'Avaye Shahir Institute'),
(17, 'Netbarg Site'),
(18, 'writing samples'),
(19, 'IELTS Writing score'),
(20, 'workshop'),
(21, 'students’ writing samples'),
(22, 'key points'),
(23, 'Amir Khadem: Manager of Avaye Shahir Institute'),
(24, 'دوره گرامر Pre-TOEFL & Pre-IELTS'),
(25, 'سطح متوسط'),
(26, 'کلاس های تافل آی بی تی'),
(27, 'آیلتس جنرال و آکادمیک'),
(28, 'جی آر ای'),
(29, 'جی ام ای تی'),
(30, 'تافل دکتری'),
(31, 'Intermediate'),
(32, 'TOEFL iBT'),
(33, 'General and Academic IELTS'),
(34, 'GRE'),
(35, 'GMAT'),
(36, 'PhD TOEFL'),
(37, 'Ph.D. TOEFL'),
(38, 'Pre-TOEFL & Pre-IELTS Grammar Course'),
(39, 'امتحان تافل دکتری'),
(40, 'امتحان تافل پی بی تی'),
(41, 'بخش رایتینگ'),
(42, 'PhD students'),
(43, 'PBT TOEFL (Paper-based TOEFL)'),
(44, 'get a high score in this exam'),
(45, 'GRE Exam'),
(46, 'امتحان جی آر ای'),
(47, 'امیر خادم: مدیر موسسه پردیس آوای شهیر'),
(48, 'different modules of GRE Exam'),
(49, 'Amir Khadem: Manager of Avaye Shahir Institute.'),
(50, 'بهترین منابع امتحان جی ام ای تی (جی مت)'),
(51, 'The best sources for GMAT Exam'),
(52, 'آزمون های تافل، آیلتس، جی آر ای، و جی مت'),
(53, 'کارگاه های حرفه ای مقاله نویسی'),
(54, 'کارگاه های مقاله نویسی'),
(55, 'کارگاه مقاله نویسی'),
(56, 'workshops on such exams as TOEFL'),
(57, ' IELTS'),
(58, ' GRE'),
(59, ' and GMAT'),
(60, 'professional workshops on writing research papers'),
(61, 'اسپیکینگ تافل آی بی تی گروه 1'),
(62, 'دوره اسپیکینگ تافل آی بی تی'),
(63, 'تکنیک های مورد نیاز مهارت اسپیکینگ'),
(64, 'تقویت مهارت نت برداری'),
(65, 'تمرین مهارت نت برداری در آزمون تافل'),
(66, 'یکی از اصلی ترین مهارت های تافل آی بی تی'),
(67, 'مدرس تافل موسسه پردیس آوای شهیر  امیر خادم المله'),
(68, 'speaking courses of TOEFL iBT'),
(69, 'Note-taking Skill'),
(70, 'the TOEFL iBT Test'),
(71, 'TOEFL Instructor at Avaye Shahir Institute: Amir K'),
(72, 'تکنیک های مورد نیاز در اسپیکینگ تافل آی بی تی'),
(73, 'مدیریت زمان در امتحان تافل آی بی تی'),
(74, 'the speaking courses of TOEFL iBT'),
(75, 'the English knowledge of the learners'),
(76, 'TOEFL Instructor at Avaye Shahir Institute: Amir K'),
(77, 'رایتینگ تافل آی بی تی گروه 1'),
(78, 'دوره های آموزش تافل'),
(79, 'دوره هایی که در دانشگاه شریف برگزار میکنم'),
(80, 'دو نمونه از رایتینگ های هر داوطلب'),
(81, 'به طور رایگان در طول ترم تصحیح میگردد'),
(82, 'یک گارکاه چند ساعته برگزار خواهد شد'),
(83, 'نمونه رایتینگ هر یک از داوطلبین'),
(84, 'نکات کلیدی و نهایی'),
(85, 'مدرس تافل موسسه پردیس آوای شهیر: امیر خادم المله'),
(86, 'The TOEFL iBT courses'),
(87, 'Avaye Shahir'),
(88, 'Sharif University of Technology'),
(89, 'two writing samples of each student'),
(90, 'Writing TOEFL score'),
(91, 'a workshop will be held'),
(92, 'final key points'),
(93, 'TOEFL Instructor at Avaye Shahir Institute: Amir K'),
(94, 'رایتینگ تافل آی بی تی'),
(95, 'TOEFL Instructor at Avaye Shahir Institute: Amir K'),
(96, 'دوره آماده سازی ریدینگ آزمون آیلتس آوای شهیر'),
(97, 'ریدینگ آیلتس آکادمیک: گروه 1'),
(98, 'بکارگیری تکنیک های موثر و برنامه ریزی فشرده'),
(99, 'آموزش تکنیک ها به روش عملی و گام به گام'),
(100, 'شرکت در دو آزمون ریدینگ شبیه سازی شده'),
(101, 'آشنایی با انواع متون آزمون آیلتس'),
(102, 'آشنایی کامل با انواع سوالات آزمون ریدینگ'),
(103, 'تسلط بر تکنیک های مناسب برای پاسخ گویی به انواع سو'),
(104, 'آشنایی با روش های تند خوانی و نحوه بررسی متون'),
(105, 'افزایش سرعت پاسخ گویی به سوالات'),
(106, 'بهبود عملکرد داوطلبان، به میزان ۱ تا ۲.۵ نمره'),
(107, 'ارائه دوره های موثر و کوتاه مدت'),
(108, 'سریع ترین و نتیجه بخش ترین مسیر'),
(109, 'وحید ایزدی فر'),
(110, 'مدرس آیلتس آموزشگاه پردیس آوای شهیر'),
(111, 'با برنامه ریزی دوره های فشرده و کوتاه مدت'),
(112, 'میانبرهایی کار آمد و ثمر بخش'),
(113, 'آشنایی بخش به بخش با تمام فرمت های رایتینگ و آموخت'),
(114, 'بررسی تعداد زیادی از رایتینگ های موفق داوطلبان پیش'),
(115, 'تصحیح رایتینگ داوطلبان در طول دوره'),
(116, 'تصحیح دو نمونه رایتینگ هر داوطلب هدیه ویژه آوای شه'),
(117, 'تصحیح نمونه رایتینگ آیلتس'),
(118, 'پردیس آوای شهیر'),
(119, 'Pardis Avaye Shahir IELTS Speaking Syllabus'),
(120, 'Exam Skills'),
(121, 'Grammar'),
(122, 'Pronunciation'),
(123, 'Personal Information'),
(124, 'Country & Hometown'),
(125, 'Weather'),
(126, 'Expressing Facts'),
(127, 'Expressing Personal Opinion'),
(128, 'Asking for Repetition'),
(129, 'Amirhossein Khezerlou'),
(130, ' University Lecturer and IELTS Trainer'),
(131, 'amirhosseinkhezerlou@gmail.com'),
(132, '09123176412'),
(133, 'Pardis Avaye Shahir'),
(134, 'http://avayeshahir.com/beta/en'),
(135, 'University Lecturer and IELTS Trainer'),
(136, 'يک آزمون کامل'),
(137, 'اسپیکینگ آیلتس (جنرال و آکادمیک): گروه 1'),
(138, 'امیر حسين خضرلو'),
(139, 'IELTS Speaking (General & Academic: group 1'),
(140, 'ریدینگ آیلتس جنرال: گروه 1'),
(141, 'General IELTS Reading'),
(142, 'Reading General IELTS'),
(143, 'رایتینگ آیلتس جنرال: گروه 1'),
(144, 'رایتینگ جنرال آیلتس'),
(145, 'General IELTS Writing'),
(146, 'Writing General IELTS'),
(147, 'Task 1 Writing'),
(148, 'Task one Writing'),
(149, 'Task 2 Writing'),
(150, 'Task two Writing'),
(151, 'General IELTS Task 1 Wrting'),
(152, 'General IELTS Task 2 Writing'),
(153, 'Task 1 General IELTS'),
(154, 'Task 2 General IELTS'),
(155, 'TOEFL iBT Speaking Task'),
(156, 'Speaking TOEFL iBT'),
(157, 'Speaking Skills for TOEFL iBT'),
(158, 'TOEFL Writing Independent'),
(159, 'TOEFL Writing Integrated'),
(160, 'Independent Writing TOEFL'),
(161, 'Integrated Writing TOEFL'),
(162, 'TOEFL iBT Integrated Task'),
(163, 'TOEFL iBT Independent Task'),
(164, 'Writing Skills'),
(165, 'TOEFL iBT Speaking Tasl 1'),
(166, 'TOEFL Speaking Task 2'),
(167, 'TOEFL Speaking Task 3'),
(168, 'TOEFL Speaking Task 4'),
(169, 'TOEFL Speaking Task 5'),
(170, 'TOEFL Speaking Task 6'),
(171, 'IELTS Academic Writing Task 1'),
(172, 'IELTS Academic Writing Task 2'),
(173, '1.	Collins reading for IELTS'),
(174, '2.	The Official Cambridge Guide to IELTS'),
(175, 'IELTS Test Builder 1'),
(176, 'IELTS Test Builder 2'),
(177, 'IELTS trainer'),
(178, 'Cambridge IELTS 1'),
(179, 'Cambridge IELTS 2'),
(180, 'Cambridge IELTS 3'),
(181, 'Cambridge IELTS 4'),
(182, 'Cambridge IELTS 5'),
(183, 'Cambridge IELTS 6'),
(184, 'Cambridge IELTS 7'),
(185, 'Cambridge IELTS 8'),
(186, 'Cambridge IELTS 9'),
(187, 'Cambridge IELTS 10'),
(188, 'Cambridge IELTS 11'),
(189, 'Introduction to IELTS'),
(190, 'Matching headings'),
(191, 'matching sentence endings'),
(192, 'Matching information'),
(193, 'Matching features'),
(194, 'sentence completion'),
(195, 'short-answer questions'),
(196, 'chart completion'),
(197, 'diagram label completion'),
(198, 'Identifying information'),
(199, 'identifying writer’s wives or claims'),
(200, 'Multiple-choice questions'),
(201, 'Vahid Izadifar – IELTS Instructor at Avaye Shahir '),
(202, 'Collins Vocabulary for IELTS'),
(203, 'Cambridge Vocabulary for IELTS'),
(204, 'Common Mistakes at IELTS Advanced'),
(205, 'For and Against Essays'),
(206, 'Opinion Essays'),
(207, 'Solution Essays'),
(208, 'Bar Charts'),
(209, 'Line Graphs'),
(210, 'Pie Charts'),
(211, 'Tables'),
(212, 'Diagrams'),
(213, 'Flow Charts'),
(214, 'Paper Correction'),
(215, 'TOEFL and IELTS Writing Pamphlet Compiled by Amir '),
(216, 'Understanding And Using English Grammar'),
(217, ' Betty S.'),
(218, 'Building Skills for the TOEFL iBT: Beginning'),
(219, ' Developing'),
(220, ' Mastering'),
(221, '2.	Longman Essay Activator'),
(222, 'Barron’s iBT'),
(223, ' CD-ROM'),
(224, 'TPO 1-48'),
(225, 'TPO 1-36'),
(226, 'TPO 40-48'),
(227, 'TOEFL Writing Success 4th Edition Compiled by Amir'),
(228, '.TOEFL Writing Pamphlet Compiled by Amir Khadem M.'),
(229, 'Longman Essay Activator'),
(230, 'Campus Vocabulary'),
(231, 'Essential English Idioms: Elementary'),
(232, ' Intermediate'),
(233, ' & Advanced'),
(234, 'Pre-Toefl and Pre-IELTS Writing Pamphlet Compiled '),
(235, 'Developing'),
(236, 'Mastering'),
(237, 'CD-ROM'),
(238, 'موسسه علمی فرهنگی آوای شهیر'),
(239, '& Advanced'),
(240, 'multiple choice'),
(241, 'true false not given'),
(242, 'matching headings and paragraphs'),
(243, 'text completion'),
(244, 'summary'),
(245, 'matching information and paragraphs'),
(246, ''),
(247, 'تسلط بر تکنیک های مناسب برای پاسخ گویی به انواع سو'),
(248, 'آشنایی بخش به بخش با تمام فرمت های رایتینگ و آموخت'),
(249, 'بررسی تعداد زیادی از رایتینگ های موفق داوطلبان پیش'),
(250, 'تصحیح دو نمونه رایتینگ هر داوطلب هدیه ویژه آوای شه'),
(251, 'IELTS Practice Test Plus 1'),
(252, 'IELTS Practice Test Plus 2'),
(253, 'TOEFL Speaking Task 1'),
(254, 'The overall IELTS framework and the four modules o'),
(255, ' Listening'),
(256, ' Speaking'),
(257, ' and Writing'),
(258, 'Academic IELTS writing modules'),
(259, '20  Common IELTS Essays Prompts Divided by Topic'),
(260, 'Categorized IELTS Essays into 20 separate topics'),
(261, 'IELTS test takers'),
(262, 'سوالات رایج بخش رایتینگ آزمون آیلتس در 20 گروه متف'),
(263, 'سوالات رایج رایتینگ آزمون آیلتس'),
(264, '5 گونه سوال رایج در مهارت رایتینگ آیلتس'),
(265, '5 Common IELTS Essay Question Types'),
(266, 'Grammar Pamphlet for Academic IELTS'),
(267, 'جزوه گرامر آیلتس آکادمیک'),
(268, 'جزوه گرامر آیلتس جنرال'),
(269, 'Avaye Shahir Cultural & Educational Institute'),
(270, 'University of Applied Science and Technology'),
(271, 'Iranian Academic Center for Education'),
(272, ' Culture'),
(273, ' and Research'),
(274, 'Manager of Avaye Shahir Institute: Amir Khademolme'),
(275, 'سالها تدریس تافل در دانشگاه شریف و امیرکبیر'),
(276, 'Amirkabir Polytechnique University'),
(277, 'Note Taking'),
(278, ' Paraphrasing'),
(279, ' Summarizing'),
(280, ' and   Synthesizing skills'),
(281, 'Preparing TOEFL Test Takers'),
(282, 'A Free TOEFL iBT Workshop'),
(283, 'hold a free workshop'),
(284, 'مطالبی در مورد امتحان تافل آی بی تی'),
(285, 'Longman Common Mistakes in English'),
(286, 'خطاهای رایج در زبان انگلیسی (لانگمن('),
(287, 'TOEFL Speaking Tasks 1 & 2'),
(288, 'Tasks 1 & 2 TOEFL Speaking'),
(289, 'Tasks 1 & 2 Speaking TOEFL'),
(290, 'Tasks 2 Speaking TOEFL'),
(291, 'Speaking Tasks 3 & 5 TOEFL'),
(292, 'Speaking Tasks 4 TOEFL'),
(293, 'Speaking Tasks 5 TOEFL'),
(294, 'Tasks 3 Speaking TOEFL'),
(295, 'Tasks 4 Speaking TOEFL'),
(296, 'Tasks 5 Speaking TOEFL'),
(297, 'Tasks 6 Speaking TOEFL'),
(298, 'Speaking Tasks 6 TOEFL'),
(299, 'آشنایی با روند امتحان'),
(300, 'Familiarity with the Test Center Procedures'),
(301, 'A general understanding of the Test Center Procedu'),
(302, 'چه کشورهایی تافل را قبول میکنن'),
(303, 'ETS Site shows which countries accept TOEFL iBT'),
(304, 'یادگیری مهارت اسپیکینک تافل آی بی تی'),
(305, 'the Speaking Skill of TOEFL iBT'),
(306, 'Developing Speaking Intermediate'),
(307, 'Mastering Skills for TOEFL iBT'),
(308, 'Building Speaking'),
(309, '260 iBT speaking topics Ostad Sajedi'),
(310, 'Answer Key for TOEFL Writing Pamphlet by Amir Khad'),
(311, 'English Proverbs and their Translation in Persian'),
(312, 'زیباترین نقل قول های دنیا'),
(313, 'English proficiency exams'),
(314, 'سایت ETS'),
(315, 'نمونه های خوب رایتینگ  تافل در کتاب TOEFL Writing '),
(316, 'Good Writing samples for iBT TOEFL in the book TOE'),
(317, 'Good TOEFL sample writing'),
(318, 'Good iBT TOEFL sample writing'),
(319, 'ETS Video about Independent Writing Task'),
(320, 'Writing Task 2 (Independent)'),
(321, 'رایتینگ دوم تافل   (Independent)'),
(322, 'در مدت کوتاهی تایپ سریع را بیاموزید'),
(323, 'how to type fast'),
(324, 'بهترین منابع برای امتحان تافل آی بی تی'),
(325, 'The best sources for TOEFL iBT Test'),
(326, 'The best books for TOEFL iBT Test'),
(327, 'Grammar Pamphlet for iBT TOEFL'),
(328, 'جزوه گرامر تافل آی بی تی'),
(329, 'منبع فوق العاده ای برای یادگیری واژگان انگلیسی'),
(330, 'این کتاب که اولین کتاب از یک مجموعه شش جلدی'),
(331, 'همه واژه ها، معانی، و مثالها با لهجه آمریکایی خوان'),
(332, 'یادگیری لغات به صورت صحیح'),
(333, '29موضوع طبقه بندی شده رایتینگ تافل'),
(334, 'Essential English Idioms Elementary'),
(335, ' and Advanced'),
(336, 'کتاب اصطلاحات ضروری انگلیسی'),
(337, 'The book Essential English Idioms is a very import'),
(338, 'کتاب اصطلاحات ضروری انگلیسی که 3 سطح مبتدی، متوسط،'),
(339, 'a 6-volume series'),
(340, 'an invaluable source for learning vocabulary'),
(341, 'All the words'),
(342, ' their definition'),
(343, ' and the examples are all read by an American nati'),
(344, 'کتاب کلمات ضروری برای امتحان تافل'),
(345, 'Essential Words for the TOEFL'),
(346, 'کتاب 4000 کلمه ضروری'),
(347, 'the book 4000 Essential Words'),
(348, 'The glossary for the book TOEFL Writing Success 4t'),
(349, 'واژه‌ نامه‌ کتاب TOEFL Writing Success 4th Edition'),
(350, 'ترتیب خواندن واژگان'),
(351, 'study the vocabulary sources in order'),
(352, 'Vocaburaies For TOEFL iBT'),
(353, 'جزوه گرامر تافل دکتری'),
(354, 'Grammar Pamphlet for PhD TOEFL'),
(355, 'The best books for PhD TOEFL Test'),
(356, 'The best books for Ph.D. TOEFL Test'),
(357, 'Longman Complete Course for the Paper-based TOEFL '),
(358, 'Longman PBT Test'),
(359, 'بهترین منابع برای امتحان تافل دکتری'),
(360, 'منابع گرامری امتحان تافل دکتری'),
(361, 'Grammar References for PhD TOEFL'),
(362, 'Listening'),
(363, 'Speaking'),
(364, 'and Writing'),
(365, 'آشنایی بخش به بخش با تمام فرمت های رایتینگ و آموخت'),
(366, 'بررسی تعداد زیادی از رایتینگ های موفق داوطلبان پیش'),
(367, 'The best sources for IELTS Academic Test'),
(368, 'The best sources for Academic IELTS Test'),
(369, 'The best books for IELTS Academic Test'),
(370, 'Grammar Pamphlet for General IELTS'),
(371, 'نمونه رایتینگ های تی پی او 1 تا 24'),
(372, 'TPO 1-24 Writing Independent Answers'),
(373, '24 writing samples of TPO Tests'),
(374, '24 تا نمونه رایتینگ از تی پی او'),
(375, 'Delta’s Key to the Next Generation TOEFL Test'),
(376, 'Cambridge Preparation for the TOEFL Test (4th edit'),
(377, ' multimedia)'),
(378, 'Kaplan iBT TOEFL'),
(379, 'OXFORD iBT TOEFL'),
(380, 'Barron''s How to Prepare for the TOEFL iBT'),
(381, 'Preparation and Practice Listening and Speaking'),
(382, 'Video & PDF Files about Different Modules of the G'),
(383, 'فایل های ویدیوئی، PDF، و Word در مورد قسمت های مخت'),
(384, 'بهترین منابع برای امتحان جی آر ای'),
(385, 'The best sources for GRE Test'),
(386, 'The best books for GRE Test'),
(387, 'Grammar Pamphlet for GRE test'),
(388, 'جزوه گرامر جی آر ای'),
(389, 'این فایل شامل تمامی سوالات  رایتینگ GRE بخش Argume'),
(390, 'This PDF file contains all the GRE Argument Topics'),
(391, ' which should be studied before the GRE exam.'),
(392, 'این کتاب که نسخه های جدید آن نیز منتشر شده منبع بس'),
(393, 'This book whose new versions are also available is'),
(394, 'این کتاب مرجع فوق العاده ای است برای تقویت واژگان '),
(395, 'This book'),
(396, ' which has a great audio file'),
(397, ' is a wonderful source for improving GRE vocabular'),
(398, 'Verbal Advantage - 10 Easy Steps to a Powerful Voc'),
(399, 'کتاب لغت Verbal Advantage (پی دی اف)'),
(400, 'GRE Official Guide 2nd Edition'),
(401, 'An Introduction to GRE Analytical Writing'),
(402, 'which should be studied before the GRE exam.'),
(403, 'which has a great audio file'),
(404, 'is a wonderful source for improving GRE vocabular'),
(405, 'GRE Essay Organization'),
(406, 'GRE Writing Tips'),
(407, 'GRE Time Management'),
(408, 'GRE Intro to Issue Task'),
(409, 'GRE Issue Task Example'),
(410, 'GRE Intro to Argumnet Task'),
(411, 'GRE Logical Fallacies'),
(412, 'GRE Argument Task Brainstorming'),
(413, 'GRE Argument Task Example'),
(414, 'Mark Alan Stewart Gre Answers to the Real Essay Qu'),
(415, 'Barron''s New GRE 19th Eddition'),
(416, 'GRE Argument Topics'),
(417, 'GRE Issue Topics'),
(418, 'Pool of Arguments'),
(419, 'pool of issues'),
(420, 'Gre Sentence Completion'),
(421, 'فلش کارد پیشوندها، پسوندها، و ریشه کلمات انگلیسی'),
(422, 'Word Roots'),
(423, ' Prefixes & Suffixes Flashcards'),
(424, 'Prefixes & Suffixes Flashcards'),
(425, 'English Language Roots'),
(426, ' Prefixes & Suffixes'),
(427, 'Prefixes & Suffixes'),
(428, 'Master the GRE 2014 - Peterson'),
(429, 'The Official Guide fot GMAT Review 2015 - Wiley Pu'),
(430, 'GMAT Sentence Correction Files'),
(431, 'این کتاب منبع خوبی برای بخش گرامر جی ام ای تی میبا'),
(432, 'جزوه های گرامر مقدماتی و گرامر پیشرفته'),
(433, 'Manhattan Sentence Correction Guide'),
(434, 'GMAT grammar tests'),
(435, 'Pre-intermediate and advanced level grammar pamphl'),
(436, 'the Issue and Argument Tasks of GMAT Exam'),
(437, 'GMAT Composition Guidance for the Issue and Argume'),
(438, 'کتاب راهنمای رایتینگ جی ام ای تی'),
(439, 'increase your GMAT Score for Writing'),
(440, 'درک مطلب جی ام ای تی (جی مت)'),
(441, 'انتشارات تامسون'),
(442, 'and Advanced'),
(443, 'their definition'),
(444, 'and the examples are all read by an American nati'),
(445, 'پیشوندها، پسوندها، و ریشه کلمات انگلیسی'),
(446, 'کتاب اصطلاحات ضروری انگلیسی از سطح مقدماتی تا پیشر'),
(447, 'منبع عالی برای یادگیری اصطلاحات'),
(448, 'مهارت های لیسنینگ، اسپیکینگ، و رایتنگ کمک زیادی می'),
(449, 'The glossary for the book TOEFL Writing Success 4t'),
(450, 'واژه‌ نامه‌ کتاب TOEFL Writing Success 4th Edition'),
(451, 'موضوعات جدید تافل'),
(452, 'TOEFL sample essays'),
(453, 'زبان آموزان سطوح متوسطه'),
(454, 'نمونه رایتینگ های تافل'),
(455, 'کلمات و عبارت های بسیار پرکاربرد در زبان انگلیسی'),
(456, '165 writing samples'),
(457, 'common errors of Iranian test takers'),
(458, 'upper intermediate and advanced levels'),
(459, 'دوره تافل آی بی تی موسسه آوای شهیر زیر نظر امیر خا'),
(460, 'ویدیوی آموزش تلفظ انگلیسی'),
(461, 'American Accent Training Program (Pronunciation Wo'),
(462, 'طریقه تلفظ لغات انگلیسی را آموزش میدهد'),
(463, 'how to pronounce English words'),
(464, 'improve your Listening and Speaking skills for the'),
(465, 'Reduced Sounds in English'),
(466, 'learning American accent and pronunciation'),
(467, 'learning British accent and pronunciation'),
(468, 'این کتاب لهجه بریتانیایی را آموزش میدهد'),
(469, 'کلمات خیلی کاربردی'),
(470, 'بهترین منابع برای تقویت مهارت رایتینگ و اسپیکینگ ت'),
(471, 'کلمات ربط و عبارت های کاربردی انگلیسی به صورت طبقه'),
(472, 'Babylon dictionary'),
(473, 'لغت نامه های نرم افزار بابیلون'),
(474, 'لغت نامه های بابیلون'),
(475, 'Babylon glossaries'),
(476, 'منبع مناسبی است برای امتحان تافل دکتری'),
(477, 'منابع امتحان تافل دکتری'),
(478, 'multimedia)'),
(479, 'Reading Comprehension'),
(480, 'مهارت خواندن و درک مطلب امتحان تافل دکتری'),
(481, 'تکنیک های درک مطلب'),
(482, 'Cambridge Computer-based TOEFL'),
(483, 'کتاب لانگمن پی بی تی تست های گرامری پیشرفته ای'),
(484, 'Paper-based TOEFL Test of Longman'),
(485, 'این کتاب منبع بسیار مناسبی برای نمره 8 و 9 در امتح'),
(486, 'a band score of 8 to 9 in IELTS Academic'),
(487, 'نمونه نامه های اداری و بازرگانی بسیار خوبی'),
(488, 'عبارات و کلمه های کلیدی'),
(489, 'عبارات و کلمات کلیدی'),
(490, 'قصد شرکت در امتحان آیلتس جنرال را دارند'),
(491, 'business letters that provide IELTS General test t'),
(492, 'منابع ریدینگ و لیسنینگ آیلتس آکادمیک'),
(493, 'Reading and Listening Sources for IELTS Academic'),
(494, 'بهترین منابع ریدینگ و لیسنینگ آیلتس آکادمیک'),
(495, 'the best IELTS Academic references'),
(496, 'رئوس‌ مطالب و برنامه کلاسی ریدینگ آیلتس'),
(497, 'امتحان واقعی آیلتس آکادمیک و جنرال'),
(498, 'real tests of IELTS Academic and IELTS General'),
(499, 'Thomson Corporation'),
(500, 'GMAT modules'),
(501, 'فایل های بخش گرامر امتحان جی ام ای تی (جی مت)'),
(502, 'Analytical Writing Sample Essays and Commentaries-'),
(503, 'نمونه رایتینگ Argument جی آر ای و روش نمره دهی به '),
(504, 'Analytical Writing Sample Essays and Commentaries-'),
(505, 'Official GRE Verbal Reasoning Practice Questions V'),
(506, 'هر دو گونه رایتینگ امتحان جی  مت  (جی ام ای تی'),
(507, 'IELTS Tutor Video'),
(508, 'ویدیوی آموزشی مهارت های آیلتس'),
(509, 'در این ویدیو، چهار مهارت آیلتس توسط اساتید استرالی'),
(510, 'all the four skills are taught by native Australia'),
(511, 'دانلود رایگان منابع جی آر ای'),
(512, 'دانلود رایگان منابع تافل'),
(513, 'جی آر ای جنرال'),
(514, 'general GRE'),
(515, 'GRE General'),
(516, 'free download '),
(517, 'TOEFL books free download'),
(518, 'GRE books free download'),
(519, 'IELTS Academic free download'),
(520, 'IELTS general free download'),
(521, 'Gmat books free download'),
(522, 'دانلود منابع تافل آی بی تی'),
(523, 'دانلود منابع تافل دکتری'),
(524, 'دانلود منابع آیلتس آکادمیک'),
(525, 'دانلود منابع آیلتس جنرال'),
(526, 'دانلود منابع جی مت'),
(527, 'دانلود منابع جیمت'),
(528, 'دانلود منابع جی آر ای'),
(529, 'آموزش رایگان و برنامه ریزی مطالعه'),
(530, 'منابع آموزشی آزمون GRE'),
(531, 'منابع آموزشی آزمون تافل آی بی تی'),
(532, 'منابع آموزشی آزمون آیلتس آکادمیک'),
(533, 'منابع آموزشی آزمون آیلتس جنرال'),
(534, 'منابع آموزشی آزمون تافل دکتری'),
(535, 'منابع آموزشی آزمون جی آر ای'),
(536, 'منابع آموزشی آزمون جی مت'),
(537, 'کاملترین منابع جی آر ای'),
(538, 'کاملترین منابع جی مت'),
(539, 'کاملترین منابع تافل آی بی تی'),
(540, 'کاملترین منابع آیلتس آکادمیک'),
(541, 'کاملترین منابع آیلتس جنرال'),
(542, 'کاملترین منابع مکالمه'),
(543, 'دانلود منابع زبان انگلیسی'),
(544, 'دانلود مستقیم و رایگان منابع زبان انگلیسی '),
(545, 'جدیدترین سوالات رایتینگ تافل'),
(546, 'جدیدترین سوالات اسپیکینگ تافل'),
(547, 'نمونه سوالات آزمون تافل iBT رایگان'),
(548, 'جزوه نمونه سوالات اسپیکینگ تافل'),
(549, 'دانلود نمونه سوالات کامل و واقعي آزمون تافل و ديگر'),
(550, 'آشنایی با آزمون تافل'),
(551, 'منابع تافل'),
(552, 'Betty S.');

-- --------------------------------------------------------

--
-- Table structure for table `ym_class_tag_rel`
--

CREATE TABLE IF NOT EXISTS `ym_class_tag_rel` (
  `tag_id` int(10) unsigned NOT NULL,
  `class_id` int(10) unsigned NOT NULL,
  PRIMARY KEY (`tag_id`,`class_id`),
  KEY `class_id` (`class_id`)
) ENGINE=InnoDB DEFAULT CHARSET=utf8 COLLATE=utf8_persian_ci;

--
-- Dumping data for table `ym_class_tag_rel`
--

INSERT INTO `ym_class_tag_rel` (`tag_id`, `class_id`) VALUES
(61, 1),
(62, 1),
(63, 1),
(64, 1),
(65, 1),
(66, 1),
(67, 1),
(68, 1),
(69, 1),
(70, 1),
(71, 1),
(155, 1),
(156, 1),
(157, 1),
(165, 1),
(166, 1),
(167, 1),
(168, 1),
(169, 1),
(170, 1),
(218, 1),
(221, 1),
(222, 1),
(224, 1),
(225, 1),
(226, 1),
(235, 1),
(236, 1),
(237, 1),
(238, 1),
(246, 2),
(8, 3),
(21, 3),
(78, 3),
(79, 3),
(80, 3),
(81, 3),
(82, 3),
(83, 3),
(84, 3),
(85, 3),
(86, 3),
(87, 3),
(88, 3),
(89, 3),
(90, 3),
(91, 3),
(92, 3),
(94, 3),
(95, 3),
(62, 4),
(67, 4),
(69, 4),
(70, 4),
(72, 4),
(73, 4),
(74, 4),
(75, 4),
(76, 4),
(96, 7),
(97, 7),
(98, 7),
(99, 7),
(100, 7),
(101, 7),
(102, 7),
(103, 7),
(104, 7),
(105, 7),
(106, 7),
(107, 7),
(108, 7),
(109, 7),
(110, 7),
(173, 7),
(174, 7),
(175, 7),
(176, 7),
(177, 7),
(178, 7),
(179, 7),
(180, 7),
(181, 7),
(182, 7),
(183, 7),
(184, 7),
(185, 7),
(186, 7),
(187, 7),
(188, 7),
(189, 7),
(190, 7),
(191, 7),
(192, 7),
(193, 7),
(194, 7),
(195, 7),
(196, 7),
(197, 7),
(198, 7),
(199, 7),
(200, 7),
(201, 7),
(202, 7),
(203, 7),
(204, 7),
(240, 7),
(241, 7),
(242, 7),
(243, 7),
(244, 7),
(245, 7),
(109, 8),
(110, 8),
(111, 8),
(112, 8),
(113, 8),
(114, 8),
(115, 8),
(116, 8),
(117, 8),
(118, 8),
(171, 8),
(172, 8),
(205, 8),
(206, 8),
(207, 8),
(208, 8),
(209, 8),
(210, 8),
(211, 8),
(212, 8),
(213, 8),
(214, 8),
(215, 8),
(216, 8),
(552, 8),
(119, 9),
(120, 9),
(121, 9),
(122, 9),
(123, 9),
(124, 9),
(125, 9),
(126, 9),
(127, 9),
(128, 9),
(129, 9),
(131, 9),
(132, 9),
(133, 9),
(134, 9),
(135, 9),
(136, 9),
(137, 9),
(138, 9),
(139, 9),
(246, 10),
(140, 11),
(141, 11),
(142, 11),
(143, 12),
(144, 12),
(145, 12),
(146, 12),
(147, 12),
(148, 12),
(149, 12),
(150, 12),
(151, 12),
(152, 12),
(153, 12),
(154, 12),
(246, 13);

-- --------------------------------------------------------

--
-- Table structure for table `ym_comments`
--

CREATE TABLE IF NOT EXISTS `ym_comments` (
  `owner_name` varchar(50) CHARACTER SET latin1 NOT NULL,
  `owner_id` int(12) NOT NULL,
  `comment_id` int(12) NOT NULL AUTO_INCREMENT,
  `parent_comment_id` int(12) DEFAULT NULL,
  `creator_id` int(12) DEFAULT NULL,
  `user_name` varchar(128) COLLATE utf8_persian_ci DEFAULT NULL,
  `user_email` varchar(128) CHARACTER SET latin1 DEFAULT NULL,
  `comment_text` text COLLATE utf8_persian_ci,
  `create_time` int(11) DEFAULT NULL,
  `update_time` int(11) DEFAULT NULL,
  `status` int(1) NOT NULL DEFAULT '0',
  PRIMARY KEY (`comment_id`),
  KEY `owner_name` (`owner_name`,`owner_id`)
) ENGINE=InnoDB  DEFAULT CHARSET=utf8 COLLATE=utf8_persian_ci AUTO_INCREMENT=211 ;

--
-- Dumping data for table `ym_comments`
--

INSERT INTO `ym_comments` (`owner_name`, `owner_id`, `comment_id`, `parent_comment_id`, `creator_id`, `user_name`, `user_email`, `comment_text`, `create_time`, `update_time`, `status`) VALUES
('Pages', 2, 19, NULL, 24, 'Admin', NULL, 'با سلام خدمت همه عزیزان. به قسمت تبادل نظرِ سایت موسسه آوای شهیر خوش آمدید. از این به بعد، در مورد تمرین های داده شده اینجا بحث میکنیم که همه بهره مند بشوند و از دوباره کاری جلوگیری کنیم. لازمه یادآوری کنم که سایت در مرحله اولیه و آزمایشی است. بنابراین، احتمال وجود مشکلاتی هست. ممنون میشم که صبوری کنید و در صورت امکان کمک کنید که هر چه زودتر نواقص احتمالی برطرف بشه. پاینده باشید. امیر خادم.\r\n', 1464282324, NULL, 1),
('Pages', 2, 26, 25, 24, 'Admin', NULL, 'تست', 1464296960, NULL, 1),
('Pages', 2, 30, NULL, 116, NULL, NULL, 'سلام، خوب هستید؟\r\nمن بطرز شکسته بسته ای جواب ترجمه های اخیر رو نوشتم؛ امیدوارم ایراداتش رو یاد بگیرم :)\r\nبا تشکر\r\n\r\n1. I am doing my best to pass the exam\r\n2. Please drink your tea before it has gone cold\r\n3. We have class to class!!??\r\n4. I try my children have a respectful life\r\n5. Goods'' prices have increased up to 10 percent\r\n  6. We are about to finish the project by tomorrow\r\n7. I will wait until you come back', 1464340255, NULL, 0),
('Pages', 2, 33, 30, 99, NULL, NULL, 'باسلام فکر میکنم جمله سوم و هفتم کمی تغییر لازم داره.\r\n3. We have class and class\r\n7. I will be waiting until you come back', 1464343449, NULL, 0),
('Pages', 2, 35, NULL, 45, NULL, NULL, '. I am doing my best to pass the exam\r\n. Please have your tea, before it gets cold\r\n. There is a fine line between a good class and a bad class\r\n. I am endeavoring that my children have an honorable life\r\n. The goods'' prices have increased up to ten percent\r\n. We will finish the project until tomorrow\r\n. I will wait, till you came back ', 1464344418, NULL, 0),
('Pages', 2, 36, 35, 24, 'Admin', NULL, 'Good enough with some minor mistakes.', 1464346422, NULL, 1),
('Pages', 2, 37, 33, 24, 'Admin', NULL, 'Hi. Better this time.', 1464353435, NULL, 1),
('Pages', 2, 39, NULL, 115, NULL, NULL, 'I am doing my best effort in order to success in the test\r\nplease drink your tea until it has been not cold\r\nwe have class, than class\r\nI am trying in order that my children have an honorable life\r\nThe price of goods has risen by 10%.\r\nWe will finish the project until tomorrow.\r\nI will be waiting until you come back.', 1464360156, NULL, 0),
('Pages', 2, 41, NULL, 109, NULL, NULL, 'last channel question answer:\r\n1- I''m doing my best to pass the exam.\r\n2- Please have your tea, before it gets cold.\r\n3- We have class to class.\r\n4- I''m striving in order that my children have a honorable life.\r\n5- The commodities prices have increased up to 10 percent.\r\n6- We are going to finish up the project till tomorrow.! / Tomorrow we will finish up the project.\r\n7- We will wait until you come back.\r\n                                                                               Be Viable :D', 1464360429, NULL, 0),
('Pages', 2, 42, 30, 109, NULL, NULL, 'Hi, does the expression "Goods'' prices" require a ( '' ) !!??', 1464360883, NULL, 0),
('Pages', 2, 46, 39, 24, 'Admin', NULL, 'Not bad Mohamed.\r\n', 1464364402, NULL, 1),
('Pages', 2, 47, 41, 24, 'Admin', NULL, 'Thanks. Very good. ', 1464364596, NULL, 1),
('Pages', 2, 49, NULL, 54, NULL, NULL, ': In reply to AVA channel question\r\n\r\nOne - I am doing my best to pass the exam\r\nTwo – Please have your tea before getting cold\r\nThree – There are classes and classes\r\nFour – I am trying to make my children a decent living\r\nFive – Commodity prices have risen up by %20 \r\nSix - We will finish the project by tomorrow\r\nSeven – I will wait until you come back\r\n\r\nRegards', 1464384580, NULL, 0),
('Pages', 2, 50, 49, 24, 'Admin', NULL, 'Thanks. very good', 1464389586, NULL, 1),
('Pages', 2, 51, 42, 24, 'Admin', NULL, 'Hi. no. Goods Prices/ The price of Goods\r\n  No ('') is needed either   ', 1464389756, NULL, 1),
('Pages', 2, 53, NULL, 126, NULL, NULL, '1- i am trying to do my best to pass the exam.\r\n2- please drink your tea until it is warm\r\n3- do not have any good idea |:\r\n4- i am trying for the sake of a respectful life for my children\r\n5- commodities have increased up to 10 percent on their prices\r\n6- we will finish the project until tomorrow (or maybe up to tomorrow\r\n7- i will wait for you until you come back', 1464428011, NULL, 0),
('Pages', 2, 55, 53, 24, 'Admin', NULL, 'Not bad. I will give the answers tonight.', 1464435723, NULL, 1),
('Pages', 2, 58, NULL, 127, NULL, NULL, 'I am doing my best to pass the exam\r\nPlease drink your tea before it gets cold\r\nThere are many different types of classes\r\nI am trying for my children to have a respectful life\r\nWe will finish the project till tomorrow\r\nI will wait till you get back', 1464448126, NULL, 0),
('Pages', 2, 59, NULL, 127, NULL, NULL, 'I am doing my best to pass the exam\r\nPlease drink your tea before it gets cold\r\nThere are many different types of classes\r\nI am trying for my children to have a respectful life\r\nWe will finish the project till tomorrow\r\nI will wait till you get back', 1464448127, NULL, 0),
('Pages', 2, 60, 58, 127, NULL, NULL, 'The price of goods are increased by 10 percent', 1464448236, NULL, 0),
('Pages', 2, 62, 59, 24, 'Admin', NULL, 'Thanks. Good.', 1464456270, NULL, 1),
('Pages', 2, 64, NULL, 24, 'Admin', NULL, 'سلام به همگی. در این جملات، نکته مهم ترجمه درست "تا" مورد نظر بود. برای سهولت، سوالات رو هم گذاشتم. در ضمن، جملات دوستان نسبتا خوب بودند و قابل قبول ولی جملات ارائه شده بهتر هستند.\r\n۱. دارم تمام تلاشم رو میکنم تا توی امتحان قبول شوم.\r\n۲. لطفا چایتان را میل کنید تا سرد نشده.\r\n۳. کلاس داریم تا کلاس.\r\n۴. دارم تلاش میکنم تا فرزندانم زندگی آبرومندی داشته باشند.\r\n۵. قیمت اجناس تا ۱۰ درصد افزایش یافته. \r\n۶. پروژه را تا فردا تمام خواهیم کرد.\r\n۷. تا شما برگردید، منتظر خواهم ماند.\r\n1. I am doing my best (in order) to pass the test.\r\n2. Please have your tea before it gets cold.\r\n3. We have classes and classes.\r\n4. I am trying hard so that my children can live/lead an honorable life.\r\n5. The price of goods has increased up to/by 10 %.\r\n6. We will finish the project by tomorrow.\r\n7. I will wait here until/till you come back.\r\n\r\nPlease do not hesitate to ask questions if you do not understand the reasons. ', 1464457465, NULL, 1),
('Pages', 2, 65, NULL, 54, NULL, NULL, 'اول اینکه by یک ددلاین رو نشون میده و Up to رنج رو نشون میده\r\nدوم اینکه in order that و so that جفتشون subordinator \r\nهستند از نوع purpose که فقط در جملات کامپلکس استفاده میشن ... یعنی depandant clause میسازند\r\nاما in order to حرف اضافه است فقط و بدنبالش NP یا Ving می آید', 1464459372, NULL, 0),
('Pages', 2, 66, NULL, 54, NULL, NULL, ' By\r\nیک ددلاین رو نشون میده\r\n\r\nUp to\r\n رنج رو نشون میده\r\n\r\nin order that و so that \r\nجفتشون ساب اوردینیتور هستند از نوع  هدف که فقط در جملات کامپلکس استفاده میشن ... یعنی دیپندنت کلاوز میسازند\r\n\r\nin order to \r\nحرف اضافه است فقط و بدنبالش موارد زیر می آید\r\nNP و Ving\r\n', 1464459766, NULL, 0),
('Pages', 2, 67, NULL, 115, NULL, NULL, 'Is this true?\r\nThe price of goods has risen by 10 %\r\n\r\nنمونه این جمله در لانگمن با جستجوی کلمه rise قابل مشاهده است.\r\n', 1464498532, NULL, 0),
('Pages', 2, 95, NULL, 99, NULL, NULL, 'سلام جناب خادم، نظر من اینه که بخش تبادل نظر رو به فرمت یک فروم دربیارید مثل سایت Applyabroad یا شبیه Yahoo Answers فقط Q&A باشه. اینطوری خیلی راحت میشه سوال رو به عنوان یک تاپیک جدید مطرح کنید و دوستان بیان جواب هاشون رو تو همون تاپیک بدن. خودتون بهتر میدونید که خیلی مزایا داره از جمله نظم بالاتر و امکان جستجو بین تاپیک ها. چون من احساس میکنم تعداد کامنت های این بخش به زودی صدها کامنت میشه و به کل از نظم خارج خواهد شد. تعداد زیادی فروم ساز رایگان فارسی هم در اینترنت هست از جمله vBulletin که حتما طراح ساییتون خبر داره. این فروم ها دیگه مشکل راست چین و چپ چین بودن رو هم ندارن.\r\nموفق باشید.', 1464510658, NULL, 0),
('Pages', 2, 98, 95, 24, 'Admin', NULL, 'سلام. ممنون. حتما مطرح میکنم.', 1464516263, NULL, 1),
('Pages', 2, 99, 67, 24, 'Admin', NULL, 'بله درسته.', 1464516287, NULL, 1),
('Pages', 2, 108, NULL, 104, 'Admin', NULL, 'Test', 1464520902, 1464520947, 2),
('Pages', 2, 109, NULL, 104, 'Admin', NULL, 'Test', 1464520903, 1464520944, 2),
('Pages', 2, 110, NULL, 104, 'Admin', NULL, 'تست', 1464521021, 1464521063, 2),
('Pages', 2, 111, NULL, 104, 'Admin', NULL, 'تست', 1464521087, 1464521144, 2),
('Pages', 2, 112, NULL, 104, 'Admin', NULL, 'تست', 1464521112, 1464521140, 2),
('Pages', 2, 113, 95, 24, 'Admin', NULL, 'سلام. به زودی این مشکل حل میشه.\r\n', 1464597892, 1464776517, 2),
('Pages', 2, 114, 95, 24, 'Admin', NULL, 'سلام. به زودی این مشکل حل میشه.\r\n', 1464597892, NULL, 1),
('Pages', 2, 115, NULL, 24, 'Admin', NULL, 'Hi everybody. I write the answers in English to avoid the problem we have with the writing style.\r\nThe difference between "in order to" and "so that/in order that" can be explained through some examples.\r\n1. I am doing my best in order to pass the test.\r\n2. I am doing  so that/in order that I can pass the test.\r\n3. I am doing my best so that/in order that my children can live a better life.\r\nWhen the subject of both verbs "do one''s best" and "pass" are the same, both "in order to and so that/in order that" are correct. When the subjects are different "I" and "my children", we can only use "so that/in order that. Therefore, in example 3, we cannot use "in order to".\r\n\r\n"Up to " is used to say that something is less than or equal to, but not more than a stated value, number, or level. Thus, "up to 10%" shows that the number may have been 1,2, 3, ..., and now it is at most 10%.\r\n\r\nThe phrase "increased by 10%" shows that up to 10% has been added to the previous number. For example, if the number is 40, and it is increased by 10%, the final number will be 44. If the number is 100, and it is increased by 10%, then the final number will be 110.\r\n\r\nI hope you can follow what I said. If you do not, you are welcome to ask your questions. Regards. Khadem.', 1464599863, NULL, 1),
('Pages', 2, 116, NULL, 24, 'Admin', NULL, 'Please translate these sentences into Persian. Pay attention to the use of “a” “an”, and “the”.\r\n1. He is a Green.\r\n2. He is green.\r\n3. A variety of activities are offered in this sports club. \r\n4. The variety of activities offered in this sports club is one of a kind.\r\n5. You''ve got a lot of bottle.\r\n6. I baked a huge cake this morning, and the kids scoffed the lot.\r\n7. It is like a football.\r\n8. It is like football.\r\n', 1464601001, NULL, 1),
('Pages', 2, 117, NULL, 126, NULL, NULL, 'سلام،\r\n1- او طرفدار رنگ سبز است.\r\n2- او سبزه است.\r\n3- فعالیت های متنوعی در این باشگاه ارائه می شود.\r\n4- فعالیت های متنوعی که در این باشگاه ارائه شد گوشه ای از فعالیت های ممکن است.\r\n5- شما بطری های زیادی دارید.\r\n6-من امروز صبح یک کیک بزرگ برای بچه ها پختم در حالی که آن ها من را ب شدت مسخره کردند.\r\n7- آن شبیه به یک مسابقه فوتبال است.\r\n8- آن شبیه به فوتبال بازی کردن است.\r\nممنون', 1464615321, NULL, 0),
('Pages', 2, 118, NULL, 115, NULL, NULL, '1-	اون یه بی تجربه است.\r\n2-	اون بی تجربه است.\r\n3-	یک گوناگونی از فعالیتهایی که در این کلوب ورزشی پیشنهاد شد.\r\n4-	تنوع فعالیتهایی که در این کلوب ورزشی پیشنهاد کرد یک نوع است.\r\n5-	شما مقدار زیادی بطری گرفته اید.\r\n6-	امروز صبح یک کیک بزرگ پختم و بچه ها خیلی خوردند.\r\n7-	اون شبیه یک فوتباله.\r\n8-	اون شبیه فوتباله.\r\n\r\nجمله سوم اگر بجای فعل \r\nare  \r\nاز \r\nis\r\nاستفاده شود ترجمه تغییر میکند\r\nبا تشکر', 1464624927, NULL, 0),
('Pages', 2, 119, NULL, 136, NULL, NULL, '١-او طرفدار محيط زيست است\r\n٢- او كم كم تجربه است\r\n٣-انواع مختلفي فعاليت در اين باشگاه ورزشي اراعه مي شود\r\n٤- انواع مختلف فعاليتي كه در اين باشگاه ورزشي اراعه مي شود منحصر به فرد است\r\n٥- شما بسياري از آب بطري را نوشيديد\r\n٦- من امروز يه كيك بزرگ پختم وبچه ها مقدار زياديش خوردند\r\n٧- اون از نظر شكل مثل يك توپ فوتبال است\r\n٨- اون مثل ورزش فوتبال است', 1464719274, NULL, 0),
('Pages', 2, 120, 119, 24, 'Admin', NULL, 'Bravo!', 1464719998, NULL, 1),
('Pages', 2, 121, 118, 24, 'Admin', NULL, 'Not bad Mohammad. Thanks.\r\n', 1464720063, NULL, 1),
('Pages', 2, 122, 118, 24, 'Admin', NULL, 'Not bad Mohammad. Thanks.\r\n', 1464720064, 1464776527, 2),
('Pages', 2, 123, 117, 24, 'Admin', NULL, 'ممنون.\r\n', 1464720115, 1464776512, 2),
('Pages', 2, 124, 117, 24, 'Admin', NULL, 'ممنون.\r\n', 1464720115, NULL, 1),
('Pages', 2, 125, NULL, 130, NULL, NULL, '1- او از خانواده Green است.\r\n2- او خام و بی تجربه است.\r\n3-تعدا گوناگونی از فعالیت ها در این باشگاه ورزشی ارائه می شوند.\r\n4- تنوع فعالیت های ارائه شده در این باشگاه ورزشی بسیار ویژه است.\r\n5- شما مقدار زیادی از بطری را نوشیده اید.\r\n6-من یک کیک بزرگ امروز صبح پختم و بچه ها با شوق آن را خوردند.\r\n7- آن شبیه توپ فوتبال است.\r\n8- آن شبیه ورزش فوتبال است.', 1464728677, NULL, 0),
('Pages', 2, 126, 125, 24, 'Admin', NULL, 'سلام. خیلی خوب بود. ', 1464763926, NULL, 1),
('Pages', 2, 127, 126, 24, 'Admin', NULL, 'test', 1464776566, 1464776688, 2),
('Pages', 2, 128, 126, 24, 'Admin', NULL, 'تست', 1464776665, 1464776686, 2),
('Pages', 2, 129, NULL, 24, 'Admin', NULL, 'سلام به همه. جواب جملات همراه با توضیح آنها.\r\n1. He is a Green.\r\n2. He is green.\r\n3. A variety of activities are offered in this sports club. \r\n4. The variety of activities offered in this sports club is one of a kind.\r\n5. You''ve got a lot of bottle.\r\n6. I baked a huge cake this morning, and the kids scoffed the lot.\r\n7. It is like a football.\r\n8. It is like football.\r\n\r\n1. چون کلمه Green با حروف بزرگ نوشته شده، قطعا اسم خاص است. بنابراین، ترجمه آن به دو صورت ممکنه که بعضی از دوستان درست ترجمه کردند. \r\nاو یکی از اعضای خانواده گرین است./او یکی از اعضای حزب سبز انگلستان است.\r\n2. در این مثال، green صفت است و به معنی بی تجربه یا خام میباشد.\r\n3. A variety of activities یعنی فعالیت های متفاوت یا متنوع.\r\n4. The variety of activities یعنی تنوع فعالیت ها. بنابراین، ترجمه آن میشود. تنوع فعالیت های ارائه شده در این باشگاه ورزشی منحصر به فرد است (one of a kind).\r\n5. بعد از a lot of، اسم یا به صورت جمع می آید یا به صورت غیر قابل شمارش. پس هرگز اسم مفرد بعد از آن نمی آید. بنابراین، bottle در اینجا باید غیر قابل شمارش باشد که به معنی شجاعت و جرات میباشد. پس، تو خیلی شجاع هستی ترجمه صحیح است.\r\n 6. the lot یعنی همه یک چیز. پس ترجمه آن میشه "تمام کیک را خوردند"\r\n7. بعد از a اسم قابل شمارش می آید. پس، در این جمله، football یعنی توپ فوتبال. شبیه به توپ فوتبال است.\r\n8. ورزش ها غیر قابل شمارش هستند. پس، شبیه فوتبال است.\r\nپاینده باشید. \r\nخادم.\r\n', 1464857068, 1464857659, 2),
('Pages', 2, 130, NULL, 24, 'Admin', NULL, '1. He is a Green.\r\n2. He is green.\r\n3. A variety of activities are offered in this sports club. \r\n4. The variety of activities offered in this sports club is one of a kind.\r\n5. You''ve got a lot of bottle.\r\n6. I baked a huge cake this morning, and the kids scoffed the lot.\r\n7. It is like a football.\r\n8. It is like football.\r\n1. چون کلمه Green با حروف بزرگ نوشته شده، قطعا اسم خاص است. بنابراین، ترجمه آن به دو صورت ممکنه که بعضی از دوستان درست ترجمه کردند. او یکی از اعضای خانواده گرین است./او یکی از اعضای حزب سبز انگلستان است.\r\n 2. در این مثال، green صفت است و به معنی بی تجربه یا خام میباشد.\r\n 3. A variety of activities  یعنی فعالیت های متفاوت یا متنوع.\r\n 4.The variety of activities یعنی تنوع فعالیت ها. بنابراین، ترجمه آن میشود. تنوع فعالیت های ارائه شده در این باشگاه ورزشی منحصر به فرد است (one of a kind).\r\n5.  بعد از a lot of، اسم یا به صورت جمع می آید یا به صورت غیر قابل شمارش. پس هرگز اسم مفرد بعد از آن نمی آید. بنابراین، bottle در اینجا باید غیر قابل شمارش باشد که به معنی شجاعت و جرات میباشد. پس، تو خیلی شجاع هستی ترجمه صحیح است.\r\n6. the lot یعنی همه یک چیز. پس ترجمه آن میشه "تمام کیک را خوردند"\r\n7. بعد از a اسم قابل شمارش می آید. پس، در این جمله، football  یعنی توپ فوتبال. شبیه به توپ فوتبال است.\r\n8. ورزش ها غیر قابل شمارش هستند. پس، شبیه فوتبال است. پاینده باشید. خادم.\r\n', 1464857802, 1464861722, 2),
('Pages', 2, 131, NULL, 24, 'Admin', NULL, '1. چون کلمه Green با حروف بزرگ نوشته شده، قطعا اسم خاص است. بنابراین، ترجمه آن به دو صورت ممکنه که بعضی از دوستان درست ترجمه کردند. او یکی از اعضای خانواده گرین است./او یکی از اعضای حزب سبز انگلستان است.\r\n 2. در این مثال، green صفت است و به معنی بی تجربه یا خام میباشد.\r\n 3.  عبارت "A variety of activities" یعنی فعالیت های متفاوت یا متنوع.\r\n 4. عبارت "the variety of activities" یعنی تنوع فعالیت ها. بنابراین، ترجمه آن میشود. تنوع فعالیت های ارائه شده در این باشگاه ورزشی منحصر به فرد است (one of a kind).\r\n5.  بعد ازa lot of ، اسم یا به صورت جمع می آید یا به صورت غیر قابل شمارش. پس هرگز اسم مفرد بعد از آن نمی آید. بنابراین،  bottle در اینجا باید غیر قابل شمارش باشد که به معنی شجاعت و جرات میباشد. پس، تو خیلی شجاع هستی ترجمه صحیح است.\r\n6. عبارت “the lot” یعنی همه یک چیز. پس ترجمه آن میشه "تمام کیک را خوردند"\r\n7. بعد از a اسم قابل شمارش می آید. پس، در این جمله، football  یعنی توپ فوتبال. شبیه به توپ فوتبال است.\r\n8. ورزش ها غیر قابل شمارش هستند. پس، شبیه فوتبال است. پاینده باشید. خادم.\r\n', 1464861731, NULL, 1),
('Pages', 2, 132, NULL, 145, NULL, NULL, 'با سلام\r\nمن در استفاده از کلمه tend to مشکل دارم. مثلا آیا این جمله درست هست یا خیر؟ برای paraphrase در نوشتن یک مقاله مجبور به استفاده از tend to به جایی usually شدم. \r\nجمله فارسی: معمولا در مطالعات الکتروشیمیایی از سیستم سه الکترودی استفاده می شود.  \r\nترجمه انگلیسی: .In electrochemical studies, it is tend to use the three-electrode system\r\nاگر امکانش هست در مورد نحوه صحیح استفاده از tend to را توضیح بدین.\r\nمثلا آیا', 1465080505, NULL, 0),
('Pages', 2, 133, 132, 24, 'Admin', NULL, 'سلام. tend to do sth یعنی معمولا ولی به صورت مجهول به کار نمیره. \r\nTend to do sth: if something tends to happen, it happens often and is likely to happen again = usually.\r\nMy car tends to overheat in the summer.\r\nPeople tend to need less sleep as they get older.\r\nبنابراین، جمله شما باید به این صورت ترجمه بشه. \r\n.In electrochemical studies, the three-electrode system is usually used. ', 1465207044, NULL, 1),
('Pages', 2, 134, NULL, 54, NULL, NULL, 'A lot of time\r\nیه عالمه وقت\r\n\r\nA lot of times\r\nچندین مرتبه\r\n\r\nA shotgun is no good\r\nتفنگ (هر تفنگی) خوب نیست\r\n\r\nOne shotgun is no good\r\nیک دونه تفنگ خوب نیست\r\n\r\nChinese are very difficult\r\nچینی ها خیلی عجیب و غریب هستند\r\nDifficult = Awkward\r\n\r\nاین کتاب ها سه تا دو دلار هستند\r\nThese books cost 3 by 1 dollars each.\r\n\r\nهمه رقبا باید شانس مساوی برای برد داشته باشند\r\nAll opponents must have an equal chance in order to win\r\n', 1465213289, NULL, 0),
('Pages', 2, 135, NULL, 115, NULL, NULL, '\r\n1- زمان خیلی زیاد(مدت طولانی)\r\n2- چندیدن مرتبه\r\n3- تفنگ ساچمه ایی خوب نیست.\r\n4- یک عدد تفنگ ساچمه ایی خوب نیست.\r\n5- چینی ها خیلی سخت(بدقلق) هستند.\r\n6- These books are between 2 by 3 dollars\r\n7- All the opponents should have the equal chance for the victory\r\n', 1465221764, NULL, 0),
('Pages', 2, 136, NULL, 126, NULL, NULL, '1- زمان زیاد\r\n2- تعداد دفعات زیاد\r\n3- شاتگان خوب نیست\r\n4- یک شاتگان کفایت نمی کند\r\n5- چینی ها خیلی  (سخت گیر، عجیب، بد بدن) هستند\r\n6- these books cost two to three dollar.\r\n7- all of the opponents should benefit from equal chance of winning. ', 1465222332, NULL, 0),
('Pages', 2, 137, NULL, 54, NULL, NULL, 'The other day, I saw him\r\nچند روز پیش دیدمش', 1465224142, NULL, 0),
('Pages', 2, 138, 136, 24, 'Admin', NULL, 'خیلی خوب بود. ', 1465232426, NULL, 1),
('Pages', 2, 139, 135, 24, 'Admin', NULL, 'آفرین. فقط چند خطای کوچک.', 1465232495, NULL, 1),
('Pages', 2, 140, 134, 24, 'Admin', NULL, 'عالی. فقط یک خطا.', 1465232560, NULL, 1),
('Pages', 2, 141, 133, 145, NULL, NULL, 'ممنون و متشکر از پاسختون.', 1465238224, NULL, 0),
('Pages', 2, 142, NULL, 93, NULL, NULL, '1.مدت زیادی\r\n2.بارها(اکثر اوقات(\r\n3.اون تفنگ ساچمه ای خوب نیست.\r\n4.چینی ها خیلی سخت گیر( بدقلق) هستند.\r\n5. Three books of these books are 2 dollars\r\n6.All of competitors should have equel chanceto win\r\n7.اخیرا(چند روز پیش) من او را دیدم. ', 1465242817, NULL, 0),
('Pages', 2, 143, 142, 24, 'Admin', NULL, 'Good.\r\nAll of the competitors....\r\nAll the competitors....\r\nAll competitors....\r\n', 1465244494, NULL, 1),
('Pages', 2, 144, NULL, 115, NULL, NULL, 'The other day, I saw him.\r\nروز دیگری اونو دیدم.', 1465245899, NULL, 0),
('Pages', 2, 145, NULL, 117, NULL, NULL, 'The other day, I saw him\r\nچند روز (شب) پیش دیدمش.', 1465279998, NULL, 0),
('Pages', 2, 146, NULL, 149, NULL, NULL, '1) a lot of time\r\nزمان زیادی\r\n2) a lot of times\r\nزمان های زیادی\r\n3)  A shotgun is no good\r\nیک تفنگ کالا نیست\r\n4) One shotgun is no good\r\nیک تفنگ مناسب نیست\r\n5) Chinese are very difficult\r\nچینی ها خیلی سخت گیر هستند\r\n6) این کتاب های سه تا دو دلار هستند\r\nThese books are three, two dollars.\r\n7. همه رقبا باید شانس مساوی برای برد داشته باشند.\r\nAll competitors should have equal chance to success.\r\n8) The other day, I saw him\r\nروز دیگر، او را دیدم.', 1465287053, NULL, 0),
('Pages', 2, 147, NULL, 130, NULL, NULL, '1- زمان خیلی زیاد\r\n2- به دفعات زیاد (چندین بار)\r\n3- تفنگ خوب نیست (براساس اصول اخلاقی!).\r\n4- یک تفنگ خوب نیست (شاید کافی نیست حتی).\r\n5- چینی ها بدقلق هستند.\r\n6- These books cost 2 to 3 dollars.\r\n7- All rivals should have equal chance to win\r\n8- چند روز پیش دیدمش\r\n', 1465290944, NULL, 0),
('Pages', 2, 148, 144, 24, 'Admin', NULL, 'The other night & The other day both mean "chand rooz/chand shab pish"', 1465316286, NULL, 1),
('Pages', 2, 149, 145, 24, 'Admin', NULL, 'Great!\r\n', 1465316301, NULL, 1),
('Pages', 2, 150, 146, 24, 'Admin', NULL, 'Not bad. "a lot of times" yani chandin bar', 1465316375, NULL, 1),
('Pages', 2, 151, 147, 24, 'Admin', NULL, 'Very good!\r\n', 1465316412, NULL, 1),
('Pages', 2, 152, NULL, 24, 'Admin', NULL, '1- زمان خیلی زیاد\r\n 2- چندین بار\r\n3- تفنگ اصلا خوب نیست.\r\n4- یک تفنگ اصلا کافی نیست.\r\n5- چینی ها بدقلق هستند.\r\n 6- These books are 3 for 2 dollars. \r\n7- All rivals should have an equal chance of winning\r\n8- چند روز پیش دیدمش.', 1465316601, NULL, 1),
('Pages', 2, 153, NULL, 117, NULL, NULL, 'ما تو فارسی میگیم 2 تا 3 دلار  یعنی اول عدد کمتره\r\nاینها برعکس میگن همیشه یعنی 3 تا 2؟ داریم؟ \r\nیا اینکه منظورتون اینه کتابها 3تاشون 2 دلار هستند؟؟ ', 1465322137, NULL, 0),
('Pages', 2, 154, 153, 126, NULL, NULL, 'آره منم با این جمله( 3for2dollar) مشکل دارم، ممنون میشم توضیح بفرمایید.\r\nی چیز دیگه هم هست،  این s آخر dollars اگه نباشه اشتباهه؟', 1465332260, NULL, 0),
('Pages', 2, 155, NULL, 124, NULL, NULL, 'يك روز درميان ميديدمش \r\nThe other day, I saw him.', 1465358220, NULL, 0),
('Pages', 2, 156, NULL, 148, NULL, NULL, 'با سلام\r\nاول اینکه اگه بخواهیم بگیم چینی ها(مردم چین) مگه نباید بگیم the Chinese\r\n2-میشه گفت  each rival?\r\n3-استاد ببخشید میشه یه مثال باotherwiseموقعی که قبل صفت هست رو با معنیش بیاورید تا فرقش رو متوجه بشیم.\r\nخیلی ممنون ', 1465372701, NULL, 0),
('Pages', 2, 157, NULL, 24, 'Admin', NULL, 'Hi everyone. I should explain some points about the previous questions. The Chinese and Chinese people both means "chiniha". If we say "Chinese" alone, it means the Chinese language. Thus, the word "the" was missing in the question. \r\n"Each rival" is not a general term. it means each of these rivals we already mentioned. Therefore, if we want to say something general, "each" is not used.\r\nWish you luck. \r\nKhadem.', 1465380343, NULL, 1),
('Pages', 2, 158, 153, 24, 'Admin', NULL, 'سه تاشون دو دلار بود.', 1465473032, NULL, 1),
('Pages', 2, 159, 154, 24, 'Admin', NULL, 'بله. بیش از یک، s میگیره.', 1465473069, NULL, 1),
('Pages', 2, 160, NULL, 117, NULL, NULL, '6- او کشور را برای همیشه ترک کرد.\r\n5- به خاطر قدرت نظامی مان، آمریکا نمیتواند به ما حمله کند.\r\n4- I have few money.\r\n3- I have a few money.\r\n2- if children enjoy good economic conditions, they will appreciate their parents.\r\n1- yesterday, when I laying down on the bed, I was reading the novel of Windswept.', 1465474361, NULL, 0),
('Pages', 2, 161, NULL, 136, NULL, NULL, 'Hamid Goudarzi\r\n1.I was reading the book "Gone with the Wind" when I lay in the bed yesterday.\r\n2.If children enjoy proper economic situation, they will be grateful to their parents.\r\n3.I have a little money.\r\n4.I have little money.\r\n5.be lotfe ghodrate nezamie ma, amirika nemitavanad be ma hamle konad.\r\n6. ou keshvar ra baraye hamishe tark karde.', 1465476274, NULL, 0),
('Pages', 2, 162, NULL, 126, NULL, NULL, '1- i was reading "Gone with the Wind" while i was lying on the bed yesterday.\r\n2- children would be grateful to their parents if they were financed.\r\n3- i have a little money.\r\n4- i have little money.\r\n5- شکر به خاطر قدرت نظامیمان که سبب شده است تا آمریکا نتواند به ما حمله کند.\r\n6- او کشور را برای همیشه ترک کرد. ', 1465480261, NULL, 0),
('Pages', 2, 163, NULL, 118, NULL, NULL, 'سلام استاد. ترجمه های تمرین امروز کانال:\r\n1. Lying on the bed, I was reading "gone with the wind" book yesterday.\r\n2. If children are financially secure, they will be appreciative of their parents'' support.\r\n3. I have a little money.\r\n4. I have little money.\r\n5. به لطف قدرت نظامی مان، آمریکا نمی تواند به ما حمله کند.\r\n6. او کشور را برای همیشه ترک کرد.\r\n\r\nچطوره استاد؟', 1465480273, NULL, 0),
('Pages', 2, 164, NULL, 130, NULL, NULL, '1-	Yesterday I read ‘Gone with the wind’ when I was lying on the bed.\r\n or\r\nYesterday I read ‘Gone with the wind’, lying on the bed. (I’m not sure though!)\r\n2-	If children benefit from proper economic conditions, they will be appreciative toward their parents.\r\n3-	I have a little money.\r\n4-	I have little money.\r\n5-	به خاطر نیروی ارتش مان، آمریکا نمی تواند به ما حمله کند.\r\n6-	او کشور را برای همیشه ترک کرد.\r\n\r\n\r\n', 1465480832, NULL, 0),
('Pages', 2, 165, 164, 130, NULL, NULL, 'من فکر کردم نوشتین کتاب را خواندم. ولی نوشتین کتاب را میخواندم. پس در این صورت جملات زیر می شود:\r\nyesterday i was reading ''Gone with the wind'' while i was lying on the bed.\r\nor Yesterday i was reading ''Gone with the wind'', while lying on the bed.\r\n ', 1465481318, NULL, 0),
('Pages', 2, 166, NULL, 148, NULL, NULL, 'Hi everybody\r\n1-Yesterday, i was laying on the bed reading the book called''''   ''''\r\n2- If  children are provided a good economic climate(condition), they will appreciate their parents.\r\n3-I have a little money\r\n4-I have little money\r\n5-بخاطر قدرت نظامیمان امریکا نمیتواندبه ما حمله کند\r\n6-او روستا را برای همیشه ترک کرد .\r\n', 1465487206, NULL, 0),
('Pages', 2, 167, 160, 24, 'Admin', NULL, 'سلام. بعد از few اسم جمع میاد نه غیر قابل شمارش. بقیه بعدا ایشالا.', 1465492162, NULL, 1),
('Pages', 2, 168, 161, 24, 'Admin', NULL, 'سلام. عالی. فقط a proper economic situation', 1465492259, NULL, 1),
('Pages', 2, 169, 162, 24, 'Admin', NULL, 'خیلی خوب. شرطی هارو بعدا روش کار میکنیم. thanks to یعنی به لطفٍ (because of)', 1465492551, NULL, 1),
('Pages', 2, 170, 163, 24, 'Admin', NULL, 'عالی. در gone with the wind حروف اصلی مثل g و w باید بزرگ نوشته شوند.', 1465492663, NULL, 1),
('Pages', 2, 171, 165, 24, 'Admin', NULL, 'آفرین.', 1465492703, NULL, 1),
('Pages', 2, 172, 166, 24, 'Admin', NULL, 'provided with a good', 1465492769, NULL, 1),
('Pages', 2, 173, NULL, 115, NULL, NULL, '1- Yesterday, when I had lied in the bed, I was reading the book, Gone with the wind. \r\n2- If the children enjoy a good economic conditions, they will be appreciate versus their parents.\r\n3- I have a little money.\r\n4- I have little money.\r\n5- به لطف قدرت نظامیمان, امریکا نمی تونه به ما حمله کنه\r\n6-او کشور رو برای همیشه ترک کرد\r\n', 1465499066, NULL, 0),
('Pages', 2, 174, NULL, 122, NULL, NULL, '1- I was reading Gone with the Wind yesterday, lying on the bed.\r\n2- Children will be thankful to their parents, If they grow prosperously.\r\n3- I have a little money.\r\n4- I have little money.\r\n5- به لطف نیروی نظامی ما، آمریکا نمی‌تواند به ما حمله کند.\r\n6- او برای همیشه کشور را ترک کرد.', 1465538651, NULL, 0),
('Pages', 2, 175, NULL, 93, NULL, NULL, '1. I was reading the book "Gone With The Wind" when I was lay down in bed yesterday.\r\n2. If children have a good economic condition, they will apperciate their parents.\r\n3. I have a little money .\r\n4. I have a little money.\r\n5.به لطف قدرت نظامی مان، امریکا نمی تواند به ما حمله کند .!\r\n6. او کشور را برای همیشه ترک کرد.!', 1465541399, NULL, 0),
('Pages', 2, 176, 174, 24, 'Admin', NULL, 'Great!', 1465547298, NULL, 1),
('Pages', 2, 177, 173, 24, 'Admin', NULL, 'Hi. Thanks. be appreciative rather than be appreciate. versus is not a good choice. They will be appreciative towards their parents.', 1465547396, NULL, 1),
('Pages', 2, 178, 175, 24, 'Admin', NULL, 'Very good. "Gone With the Wind". In titles, prepositions and a/an/the are written with small letters.', 1465547501, NULL, 1),
('Pages', 2, 179, 177, 115, NULL, NULL, 'Hi\r\nThank you so, for your attention and notice.', 1465549438, NULL, 0),
('Pages', 2, 180, NULL, 124, NULL, NULL, '1-    I was reading "the Gone With the Wind" lying on the bed yesterday.\r\n2-    children would be grateful to their parents if they enjoy a good economic condition.\r\n3-	I have a little money.\r\n4-	I have little money.\r\n5-   از بركت قدرت نظامي ما، آمريكا نميتواند به ما حمله كمد\r\n6-   او كشور را براي هميشه ترك كرد', 1465624617, NULL, 0),
('Pages', 2, 181, 180, 24, 'Admin', NULL, 'Great. Before "Gone with the Wind", "the" is unnecessary.', 1465627694, NULL, 1),
('Pages', 2, 182, NULL, 24, 'Admin', NULL, 'Hi everyone. I already mentioned some of the points having to do with the last exercise in the responses given to your friends. However, an im portant point was left. In his book "Verbal Advantage: Ten Easy Steps to a Powerful Vocabulary", Charles  Harrington Elster beautifully explains the difference. \r\n"To lie means to rest, recline, be situated. You lie on a bed, rest there, recline on it.\r\nTo lay means to put, place, set. You lay a book on a table, put or set it there; you lay your head on a pillow, place it on the pillow. Whatever you\r\ncan put down you can also lay down. You can lay something down, but you can''t lay down, rest, recline. You can lie down, but you can''t lie something\r\ndown. That''s simple, right?\r\nNow, here''s where it gets a bit tricky.\r\nThe past tense of lie is lay: “Last night I lay in bed.” It is wrong to say that you laid in bed, because laid is the past tense of the verb to lay, which\r\nmeans to put, place. You wouldn''t say “Last night I put in bed,” would you? (If you laid in bed last night, you are a chicken.)"  \r\nThus, we have:\r\nLie      lay     lain => lying\r\nLay     laid    laid => laying\r\nGood luck. Khadem\r\n ', 1465629475, NULL, 1),
('Pages', 2, 183, NULL, 155, NULL, NULL, 'Hello Mr. Khadem, \r\nCongratulation on your institute. Hope everything goes well with it. \r\nI have a question, and would be grateful if you help me. \r\nI noticed that newspaper reporters sometimes address sentences in this way: [sentence], he says. Is it acceptable if we write our sentences in the integrated task in this way instead of the starting point? Just a point, this very sentence I cannot find at the moment was not a direct quoting. ', 1465664083, NULL, 0),
('Pages', 2, 184, 183, 24, 'Admin', NULL, 'Hi. Thanks a million for the compliment. Yes why not, but once or twice. The sentence can be paraphrased not a direct quote. Good luck.', 1465711892, NULL, 1),
('Pages', 2, 185, NULL, 157, NULL, NULL, 'Hi Mr.Khadem\r\nThis  is Amir Alipour from Urmia. You told me that I can find the file of TPO here, but I couldnt success. Shall I know where is their exact addrass to download. I would be gratefull in this case.\r\nSincerely ', 1465759031, NULL, 0),
('Pages', 2, 186, 185, 24, 'Admin', NULL, 'Hi there. Nice to here from you again. Sure! They are both in the Reading section of TOEFL iBT and in the Listening section. Good luck.', 1465904473, NULL, 1),
('Pages', 2, 187, 186, 157, NULL, NULL, 'I found them. tnx a lot sir', 1465998674, NULL, 0),
('Pages', 2, 188, 187, 24, 'Admin', NULL, 'Hi. You are quite welcome. Sorry for the delay.', 1466324981, NULL, 1),
('Pages', 2, 189, NULL, 149, NULL, NULL, '1) It might be done with the new system.\r\n2) The new version should be used.', 1466411450, NULL, 0),
('Pages', 2, 190, NULL, 155, NULL, NULL, 'Dear Mr. Kahdem, \r\nI would be thankful for your help regarding the below question. \r\n\r\nIn the following topic, TPO 34, we are supposed to consider the assumption of the difficulty of educating today''s children true, and discuss the cause of this issue, because clause. Am I right?\r\nDo you agree or disagree with the following statement? Educating children is a more difficult task today than it was in the past because they spend so much time on cell phone, online games, and social networking Web site.\r\nIn other words, we should bring some supporting points for this reason in the case of agreement and other causes instead of the mentioned clause for disagreement. \r\n', 1466571582, NULL, 0),
('Pages', 2, 191, 190, 155, NULL, NULL, ', and discuss -> and discuss (this is a typo)', 1466571708, NULL, 0),
('Pages', 2, 192, NULL, 133, NULL, NULL, 'سلام استاد عزیز، خسته نباشید \r\nاین جمله که زیر نوشتم درسته یا فقط در حالت فاعلی میشه این مدلی نوشت. \r\n---The man whose wallet I found is happy ==>>The man, the wallet of whom I found, is happy. ', 1466581130, NULL, 0),
('Pages', 2, 193, 191, 155, NULL, NULL, 'I just found the same topic in your book, topic 121. But it seems completely off-topic to me! I am too confused. I think if the writer had wanted to target the effect of technology on teaching children, he/she would have written the topic in another way.  Would you please help me? I am almost near the date of my exam and today stuck in this annoying problem. \r\np.s: the conclusion paragraph of this essay in the 3rd edition has a typo, I think. After recommend that (do) not ..... / do should be omitted. \r\n', 1466581709, NULL, 0),
('Pages', 2, 194, 193, 155, NULL, NULL, 'من فکر کردم بیشتر و الان به نظرم 121 درسته ولی مشکل دیگه ای وجود دارد و اونم اینکه برای مخالفت توی این موارد جملات غیرساده فقط یک حالت مخالفت وجود ندارد. یعنی هم به هر clause میشه جداگانه ارزش داد و هم به حرف ربطش.  ولی یک حالت موافقت وجود دارد. محافظه کارانه است که موافق بود همیشه. ولی سوالم همچنان هست که از این حالتهای زیر کدامش مد نظر طراح است.(فارسی نوشتم منظورم رو درست برسونم.ببخشید)\r\n\r\nمخالف 1 : آموزش بچه ها سختتر شده(موافقم) چون (مخالفم) وقتشون رو پای اینترنت میگذرونند (موافقم) \r\nبنابراین باید دلیل مخالفتش با چون رو بنویسد یعنی بنویسه چرا فکر میکنه دلیلش این نیست. (مثلا من نوشتم که دلیلِ سختتر شدن آموزش و اینکه وقتشون رو پای اینترنت میگذارن چیزهای دیگه ای است و در هر پاراگراف توضیحشون دادم. یعنی گفتم این دوتا معلولِ یک سری علتِ دیگه اند.)\r\n\r\nمخالف2: آموزش بچه ها سختتر شده(مخالفم یعنی آسونتر شده) چون (مخالفم) وقتشون رو پای اینترنت میگذرونند (موافقم)\r\nبنابراین باید بنویسه آسونتر شده است و دلایلش رو بگه و بگه چرا اینترنت دلیلش نیست. چیزِ دیگه ای دلیلش است.\r\n\r\nمخالف 3: آموزش بچه ها سختتر شده(موافقم) چون (.....) وقتشون رو پای اینترنت میگذرونند (مخالفم)\r\n  بنابراین باید بنویسه که من مخالفم که بچه ها خیلی وقتتشون را پای اینترنت میذارند. ولی قبول دارم اموزش ها سختتر شده و دلیلش را بنویسد. \r\n\r\nموافق: آموزش بچه ها سختتر شده (موافقم) چون (موافقم) وقتشون رو پای اینترنت میگذرونند (موافقم)      \r\nباید بسط بده که چرا اینترنت مانع یادگرفتن بچه ها میشه. \r\n\r\n+فقط موافق بودن است که یک حالت داره و بقیه حالتها باید یکی شو قبول نداشت تا بشه نوشت. \r\n ', 1466587632, NULL, 0),
('Pages', 2, 195, 192, 24, 'Admin', NULL, 'سلام. درسته ولی خیلی کم استفاده میشه.', 1466611851, NULL, 1),
('Pages', 2, 196, 189, 25, 'Admin', NULL, 'Dear Mr. Zare,\r\nThank you for participating in challenges. The following are the answers.\r\n\r\nChallenge 1: the other problem is that the indirect object has come before the direct one in this sentence.\r\n\r\nChallenge 2: Sentence 4 is the best answer.\r\nThe second challenge was choosing the best sentence and the hint was that “in the process of opting for the best sentence, it is generally best to choose the most recent or newest information.” Considering this fact, we can easily learn that sentences 1 and 2 refer to known situations: physics and physicists.  Similarly, sentence 3 also begins with a known situation: velocity.  Opting for velocity and sentence 3 as the best option would be a good choice if velocity weren’t a common topic for physicists. Therefore, sentence 4 is the best situation as it begins with totally new information.\r\n\r\nChallenge 3: \r\n1.	This can/may/might/could be done with the new system.\r\n\r\n2.	The new version must/should be used.\r\n\r\nBoth of your answers are right. Congratulations!\r\n\r\nRegards,\r\n\r\nKhezerlou\r\n', 1466626235, NULL, 1),
('Pages', 2, 197, 195, 133, NULL, NULL, 'استاد مرسی از محبتتون ... واقعا ممنونم', 1466770003, NULL, 0),
('Pages', 2, 198, NULL, 133, NULL, NULL, 'سلام استاد، خسته نباشید. ممنونم از راهنمایی های قبلیتون. دو تا سوال داشتم 1. من تو پاراگراف پایینی از ساختار adjective clause استفاده کردم نمی دونم درسته یا نه میشه کمکم کنید؟ مخصوصا اونجایی که با not only ...but also آوردم. \r\nAsk for the rain fall is the best plea for a divine blessing. The green world which is the best place of living in particular for human beings and in general for other creatures, all of which includes any sizes from micrometers to decameters, beside all inhabitants on it owe the water a great debt for its precious role  as a pivotal vessel in their lives. If I have gain the virtue of capability to invent the new things, without a shred of doubt, I invent a new machine which not only instigates clouds to rain, but can change the sunny weather to the rainy one as well. This invent can play a significant role in the human’s and other species’ life, the reasons of which will be elaborated upon as follows.\r\n2.تو این تست پایین که تو جزوه ی گرامرتون هست من احساس می کنم باید they حذف بشه درسته؟\r\n Infants who respond to brightly colored objects long before they learn words or even complex purposeful movements  \r\nپیشاپیش ممنونم از راهنمایی هاتون\r\n', 1466770821, NULL, 0),
('Pages', 2, 199, 198, 133, NULL, NULL, 'humans''', 1466772110, NULL, 0),
('Pages', 2, 200, NULL, 117, NULL, NULL, 'سلام استاد خسته نباشید\r\nدر مورد such as  سوالی داشتم\r\nدر جزوه مثالی هست در مورد cartoon characters\r\nسرکلاس فرمودید که advance مثال جزوه به این صورته\r\nsuch cartoon characters as Mickey Mouse and Snoopy are still popular.\r\nحالا این جمله ایا درسته؟\r\nsuch factors must be considered to synthesize the nanoparticles as cytotoxicity, and ease of excretion\r\nتعداد فاکتورهاخیلی بیشتر از دو تاست طوری که اگر در انتهای جمله و بعد از فاکتورها بخوام  must be considered to synthesize the nanoparticles  رو بیارم یه کم گیج کننده میشه.', 1466777081, NULL, 0),
('Pages', 2, 201, 200, 24, 'Admin', NULL, 'سلام. نه اون خوب نیست.\r\nsuch factors as cytotoxicity and ease of excretion must be considered to synthesize the nanoparticles.\r\nبعد از اسم جمع باید as بیاد.  ', 1466885462, NULL, 1),
('Pages', 2, 202, NULL, 45, NULL, NULL, 'Dear Mr. Khadem\r\nAs I promised to put a brief analysis of today’s TOEFL exam, I will write down the topics of today’s test and my personal opinion about it.\r\nThe reading part’s topics were as follows:\r\n1.	Group foraging of primates\r\n2.	The Terracotta Army sculptures (the famous sculptures made in the Chinese empire)\r\n3.	The first evidences of domestication and farming\r\n4.	The Indo-European languages\r\n\r\nThe listening part’s lectures’ topics were as follows:\r\n1.	A historic map of America \r\n2.	Finding a specific form of Carbon in the space \r\n3.	Using astronomy in art appreciation\r\n4.	The importance of microclimates for reptiles\r\n\r\nThe speaking part’s topics were as follows:\r\n1.	If you want to present your country to foreigners, which aspect would you choose to talk about? History, art and culture, geography\r\n2.	A factory is going to be opened in your neighbor. Do you think it is advantageous or not?\r\n3.	An announcement about an open day in the campus gym, for encouraging students to exercise more. \r\n4.	A phenomenon about plants of species, which do not grow similarly in order to survive\r\n5.	The woman has bought a nice box of chocolate for her friend, who is going to be awarded tonight in a ceremony dinner, and the chocolate is melted.\r\n6.	The influences of the recording technology on music\r\nThe writing part’s topics were as follows:\r\n1.	The reading’s topic was about three methods of controlling the growth of false bamboo in the UK, and the lecturer refutes them.\r\n2.	Do you prefer that your work space gets redesigned in order to make a more comfortable space for employees, or the quality of the technologies at your work improves?\r\nIn my opinion the exam was as difficult as 40 to 48 TPOs. It had a long format reading part, which was helpful in my opinion, because at first having completely focus on the exam is difficult, and as a result, four passages is better than three. The listening had some tricky questions. \r\nRegarding Amirbahador complex, I should advocate their equipment and discipline, however, I think that their instructions about the test were not enough. I haven’t had a test before, therefore I was not familiar with the procedure of exam and its break time, in addition to the possible distractions of other test takers. I think that experiencing a test in the same environment before the main exam can help noticeably.\r\n\r\nWith best regards\r\nFatemeh Asgharzadeh\r\n\r\n\r\n\r\n\r\n\r\n\r\n', 1466886117, NULL, 0);
INSERT INTO `ym_comments` (`owner_name`, `owner_id`, `comment_id`, `parent_comment_id`, `creator_id`, `user_name`, `user_email`, `comment_text`, `create_time`, `update_time`, `status`) VALUES
('Pages', 2, 203, 198, 24, 'Admin', NULL, 'سلام. خواهش میکنم\r\n\r\n Asking for rainfall is the best plea for a divine blessing. The green world, which is the best place of living for all creatures in general, all of which include different sizes ranging from micrometers to decameters, and for human beings in particular, are all indebted to water for its precious role as a pivotal vessel in their lives. If I were capable of inventing a new thing, without a shred of doubt, I would invent a new machine, which would not only instigate clouds to rain, but could change the sunny weather to a rainy one as well. This invention can play a significant role in the life of humans and other species. The reasons why I believe so are as follows. \r\nInfants respond to brightly colored objects long before they learn words or even complex purposeful movements.\r\nباید بیشتر کار کنید.\r\n', 1466886270, NULL, 1),
('Pages', 2, 204, 202, 24, 'Admin', NULL, 'Hi. Thanks a bunch for the invaluable data you shared with us. I hope others follow suit and do the same thing as you did so that other students can benefit from such experiences. I hope you get a high score, as I know you deserve it. Regards. Amir Khadem.', 1466886665, NULL, 1),
('Pages', 2, 205, 203, 133, NULL, NULL, 'خیلی ممنونم استاد عزیز.', 1466915899, NULL, 0),
('Pages', 2, 206, NULL, 25, 'Admin', NULL, 'Answers to Word Formation article\r\n\r\nChallenge 1: \r\n1. asterisk\r\n2. astrophysics\r\n3. astronomy\r\n4. astral\r\n5. asteroid\r\n\r\nChallenge 2:\r\n\r\nAstronomy is a branch of physics that studies celestial bodies and the universe as a whole, whereas astrology is a pseudoscience claiming to foretell the future based on the positions of the planets, stars, the sun and the moon in the sky. To have a better understanding, consider the following examples.\r\n\r\n1. “Usually people come to me when there’s a drama that they can’t answer,” said Swift, who believes astrology can explain almost everything. — New York Times (Jun 16, 2016)\r\n\r\n2. It does astronomy, physics and environmental science with telescopes, seismographs and instruments that monitor the atmosphere. — US News (Jun 22, 2016)\r\n\r\n\r\nChallenge 3:\r\n\r\n1.  astrologer (ə’s.trɒl.ə.dʒər) n: someone who predicts the future by the positions of the planets, stars, the sun and the moon in the sky.\r\n\r\nShe is an astrologer, though, so she knows that for some, that’ll taint her report. — Seattle Times (May 16, 2016)\r\n\r\n2. astrobiology (æs.trəʊ.baɪ’ɒl.ə.dʒɪ ) n: the branch of biology concerned with the effects of outer space on living organisms and the search for extraterrestrial life\r\n\r\nThat’s increasingly the view of investigators studying the science of exobiology—also known as astrobiology, also known as just plain ET. — Time (Mar 3, 2016)\r\n\r\n3. astrophile (‘æs.troʊ.faɪl) n: someone who is fond of star lore or the acquired knowledge or wisdom about stars; love or fondness of the stars.\r\n\r\nAstrophile is our weekly column on curious cosmic objects, from the solar system to the far reaches of the multiverse. — New Scientist (Jun 24, 2016)\r\n\r\nKhezerlou\r\n', 1467051086, NULL, 1),
('Pages', 2, 207, NULL, 25, 'Admin', NULL, 'Word Order in English (2)\r\n\r\nAnswers for the challenges\r\n\r\n1. Three hundred and fifty subjects participated in the survey.\r\n\r\n2. The referee’s repots have arrived.\r\n\r\n3. The sugar transporter was of particular interest, because it does not affect preferential D-glucose binding but it is inhibitory to the active transport of sugars by the small intestine.\r\n\r\n4. Although algorithms for this kind of processing are reported in the above references, the execution of …\r\n\r\n\r\nRegards,\r\n\r\nKhezerlou\r\n', 1467217583, NULL, 1),
('Pages', 2, 208, NULL, 25, 'Admin', NULL, 'Word Formation 3: Answers\r\n\r\nChallenge 1:\r\n\r\n\r\n1. You really can circumvent the automated application and reach out to your hiring manager.  —Forbes (Aug 3, 2015)\r\n\r\n2. All new human beings arrive vulnerable to circumstances over which they had no influence, but which, in turn, have enormous influence on them. —New York Times (Oct 14, 2015)\r\n\r\n3. The second penguin seemed more circumspect, pausing at length to examine the unfamiliar terrain. —The New Yorker (Mar 12, 2015)\r\n\r\n4. We encourage candor to the point of tactlessness: No circumlocution, no fancy rhetoric, no beating around the bush. —Forbes (Mar 29, 2013)\r\n\r\n5. That’s almost 10 times the circumference of the Earth, which is a surprisingly small 24,859.82 miles. —BBC (Dec 1, 2014)\r\n\r\n\r\nChallenge 2:\r\n\r\ncircumscribe (''sɜr.kəm.skraɪb) v: to draw a geometric figure around another figure so that the two are in contact but do not intersect; restrict or confine\r\n\r\nنوشتن‌ در دور، محدود ومشخص‌ كردن‌\r\n\r\nHere lies a paradox of the road trip: It is a venture into the open frontier, circumscribed by the narrow confines of an automobile.  —New York Times (Sep 15, 2014)\r\n\r\ncircumflex (''sɜr.kəm.fleks) n: a diacritical mark (^ or ~) placed above a vowel in some languages to indicate a special phonetic quality\r\n\r\nکج ،خم ،خميده\r\n\r\nExclamations often have a circumflex inflection, as ‘Really!’ spoken in a sarcastic tone; that is, the pitch rises and falls. —Baum, Paull Franklin\r\n\r\ncircumnavigate (sɜr.kəm.''næv.ɪ.geɪt) v: travel around, either by plane or ship\r\n\r\nدورتادورگيتي‌ يا اقليمي‌ كشتي‌ راني‌ كردن‌، زمين‌ رادورزدن‌، پيرامون‌ پيمودن‌\r\n\r\nBy 1522, Magellan’s expedition had successfully circumnavigated the globe, and Spanish colonies were sprouting across the Americas — Hispaniola, Cuba, Puerto Rico, Jamaica, Panama, Mexico.  —Washington Post\r\n\r\n\r\n\r\nI will be waiting to see your comments on the website: http://avayeshahir.com/beta/en/forum\r\n\r\nThe feedbacks will be provided on Wednesday.\r\n\r\nYou are welcomed to express your comments.\r\n\r\n\r\nRegards,\r\n\r\nHossein Khezerlou\r\n\r\n', 1467610918, NULL, 1),
('Pages', 2, 209, NULL, 117, NULL, NULL, 'Dear Mr. Khadem;\r\nIn the class, you read a sentence and I write one as a response to it, is it true?\r\nSome people believe that a white lie can be an open sesame in a relationship, but as far as I am concerned, "lying is the notorious root of all evils".\r\nMy sentence:\r\nMost of people and I subscribe to the view that lying is the notorious root of all evils. However, as far as one''s reputation is concerned, white lie can be an open sesame to save a relationship.\r\n', 1467644130, NULL, 0),
('Pages', 2, 210, 209, 24, 'Admin', NULL, 'Hi. This is better. Most people and I subscribe to the view that lying is the notorious root of all evil. However, as far as one''s reputation is concerned, a white lie can be an open sesame to save a relationship.', 1467737972, NULL, 1);

-- --------------------------------------------------------

--
-- Table structure for table `ym_counter_save`
--

CREATE TABLE IF NOT EXISTS `ym_counter_save` (
  `save_name` varchar(10) COLLATE utf8_persian_ci NOT NULL,
  `save_value` int(10) unsigned NOT NULL,
  PRIMARY KEY (`save_name`)
) ENGINE=InnoDB DEFAULT CHARSET=utf8 COLLATE=utf8_persian_ci;

--
-- Dumping data for table `ym_counter_save`
--

INSERT INTO `ym_counter_save` (`save_name`, `save_value`) VALUES
('counter', 5238),
('day_time', 2457580),
('max_count', 149),
('max_time', 1466235000),
('yesterday', 110);

-- --------------------------------------------------------

--
-- Table structure for table `ym_counter_users`
--

CREATE TABLE IF NOT EXISTS `ym_counter_users` (
  `user_ip` varchar(255) COLLATE utf8_persian_ci NOT NULL,
  `user_time` int(10) unsigned NOT NULL,
  PRIMARY KEY (`user_ip`)
) ENGINE=InnoDB DEFAULT CHARSET=utf8 COLLATE=utf8_persian_ci;

--
-- Dumping data for table `ym_counter_users`
--

INSERT INTO `ym_counter_users` (`user_ip`, `user_time`) VALUES
('0d9d9fe6df1ac480e4b66e99e883227d', 1468131379),
('10252c39f42c48e2dc0f84eff0f454c3', 1468151761),
('1032423058e3a74d57213a99867b827e', 1468139366),
('1237ea5f26021c0eac8c46e007f23ead', 1468122488),
('137e12b61b217b38533767a84e909525', 1468139650),
('17457e6ba8ceb5811122bcbad718daef', 1468152011),
('1890e927dea6ee1eabe6e5999a4c6891', 1468146550),
('191f87c3629e7e35f1a0a37d944859d2', 1468152291),
('1dd0308c82f7841f48a7bb0c646703fa', 1468153847),
('1dd51bc2480f030f31c75b3c15d9ee52', 1468126992),
('21e6fb52df209cce427ffc9dccb19027', 1468146083),
('224f53bd2356a6a3ab226a6a226b6fe1', 1468143939),
('28666b39b4f4d30a0a9682dcf723a9df', 1468150506),
('2954d3f00ea40cefb7600558852e0575', 1468126966),
('2b50c18cfb23a7a3d30ed87f5b579f92', 1468145862),
('2c136fa72a8b5f9f3452f2e74eeb0ff7', 1468146515),
('2ce979495a4d9a394d083046ae5e65cd', 1468124621),
('2d0f675869b48fd391465a17d137675d', 1468139194),
('352d71152b63bc299ce835dcfa8fad70', 1468144045),
('359d1b435c0a0d9fadc46504d95a9a77', 1468144274),
('39dfe8a8abd540cb9a5e73ac45e66e38', 1468150056),
('3a01bfb29ac3a81d500fc940231b7ad9', 1468135193),
('3a50b9c3a9d81d7d2906c6255199312b', 1468110341),
('3b8e9b8e5b62f1aa0821d74fcba31532', 1468126607),
('40fa5ab50e46d981fda2127e1c6c0fa3', 1468130325),
('47ca7df03b261464e352658d7af913cd', 1468149906),
('4a6d124682606e675572911394fad70b', 1468144231),
('4c41b79a10c6220dcb9fac466cffdc8b', 1468148225),
('511bf5e627cab8313c4397db1acfd515', 1468149877),
('5352b05c9eebf4a0fae8ea519ac2029d', 1468132471),
('575752357933a3f5583221336f683be5', 1468141899),
('577b22a10a550c91286a92203788cb30', 1468140686),
('61e61865b732650cecfe40a97cf1f4f7', 1468150501),
('626be80c648d023551c456f4a9333bd0', 1468098929),
('632f8db1a20fae7d4a18cc2dd1b50597', 1468153560),
('66306863be935d5e418c2218227fdef2', 1468137335),
('6846440c6e7d574675504506f23ee39f', 1468133241),
('694ff894d9bb727808670e13bdacde6e', 1468131848),
('7287d9db925db247c1f8fca17e060d7d', 1468128706),
('731155f5fa47eb02bfff0e706342b56a', 1468148904),
('73b0cec60e9d8190610aeadbc2ca6229', 1468139227),
('77d9280e58ecbf2d8703df05830c53e5', 1468138009),
('7845579a1ce5b3800a6dde76a0be8f38', 1468126178),
('7846a81680fe9904a16e6ce28f682f3c', 1468093501),
('7ae32de746b0aa43eea9846c7b8a1e1f', 1468151366),
('7b75c38b88509f752aed03dca2ac821a', 1468093615),
('7ee74a66bdbb59b644c53935994b1a51', 1468144433),
('7f44b7c026dc56e505b060f81b5e9eb0', 1468104562),
('8838738e1bf4cc225e60dd035bfa4ede', 1468126001),
('8a6ae5719af0fb4a9a95358b84359004', 1468117876),
('8c81352effe6a853ef303d570e37d08e', 1468136031),
('8e8879bb57a845404dd246c2a2290ee9', 1468144241),
('9073a61b1c7aad18d98063396a142eac', 1468113835),
('9203861807284e07826cf2b6a44a0efe', 1468132380),
('92e24316a4f25379cb02fb3d7e6c8266', 1468153705),
('935b06dc4a4698c2fed0b35ba24ff416', 1468152600),
('9565fd7a80e69d7d22df4f83d282749c', 1468152710),
('9632ea0ef1c3055f40d3469ac5648469', 1468132794),
('9bfbd2d72aa8db5ae22d9b173f7ba5a6', 1468149183),
('9c0397bdf244e5a40aa0068bbc8af3bb', 1468126951),
('9dc435f32d3d9d948da5e01f6900ba63', 1468143505),
('9ea6f183325d19d113d2097a46119d22', 1468149528),
('a1f6c0a5dbbbcfe342a58ab8197e9244', 1468144678),
('a3d8e8b8f4ad82829b710d7e5efceea3', 1468140212),
('a44ddd6b5f161424fe1c50ea40cda351', 1468143566),
('aa2a40288fc004250dddb9b00392588f', 1468153481),
('aac1df9142c68978e589c5edadbca8a6', 1468137540),
('acb873a17ac9ed83a169764b99db5dfa', 1468141656),
('b26ab20de3e5ae92bf5639ef807f66e1', 1468133758),
('b49a3b0c4a25a436ab677617cc9c5692', 1468137217),
('b659fab7f9334ef22983019c2963d85e', 1468140859),
('b69a981b885a1af1f44d9774ba54f1c8', 1468152814),
('bafb6931f88a439e99ccf7692017b49f', 1468129247),
('bb811b6b9bf872a69c7d65f0be1c53c0', 1468149472),
('bfec2c06c73ab0433291d62f139145d7', 1468152381),
('c94ae4f9da8c21a8cf0bf7aab8c178c0', 1468134459),
('ce16434ed44bb0f2d4eb27e1de895732', 1468101392),
('d4160ea97f77f28d8c7bfa2ed3a64295', 1468150368),
('d9c94bf02fa0889b440bac8771775bff', 1468150433),
('dadcfc4e3bf969f08ca08f43d8b366e3', 1468093232),
('dc273aea7b006c9de69a4f5db8aca662', 1468130350),
('dfbdb48f8e270472ea5ac2cf41a7f4a0', 1468130316),
('e2907f0b7aed4684a3c5b410797ad98e', 1468132484),
('e385106ec8cd2e6d50a7e995fcb7c34f', 1468146505),
('e4e7884cb908bb38130ceeb225b9bafc', 1468140944),
('eabb89b8d84a93a72772cfa1c79714ff', 1468128836),
('efc852aa1865fd0ab9916ce6fac67de2', 1468152737),
('f1a0fa470303d206b0df50bfe7b65673', 1468133887),
('f3a03263a9a989f95bb4e1e966a15329', 1468101561),
('f428d0ea87c78ee14137391dd825f43d', 1468135387),
('f88461dbd1e956b33af2a50e9f08b526', 1468112302),
('f8c1ced1efe0c3b7ac6b6b58844a037d', 1468123572);

-- --------------------------------------------------------

--
-- Table structure for table `ym_courses`
--

CREATE TABLE IF NOT EXISTS `ym_courses` (
  `id` int(11) unsigned NOT NULL AUTO_INCREMENT,
  `title` varchar(50) COLLATE utf8_persian_ci NOT NULL COMMENT 'عنوان',
  `pic` varchar(200) COLLATE utf8_persian_ci NOT NULL COMMENT 'تصویر',
  `summary` text COLLATE utf8_persian_ci NOT NULL COMMENT 'توضیحات',
  `order` int(10) unsigned NOT NULL,
  `seen` int(10) unsigned NOT NULL DEFAULT '0',
  PRIMARY KEY (`id`)
) ENGINE=InnoDB  DEFAULT CHARSET=utf8 COLLATE=utf8_persian_ci AUTO_INCREMENT=22 ;

--
-- Dumping data for table `ym_courses`
--

INSERT INTO `ym_courses` (`id`, `title`, `pic`, `summary`, `order`, `seen`) VALUES
(13, 'تافل آی بی تی', 'Wkt8u1463598016.png', '<p dir="RTL">دوره های تافل آی بی تی که زیر نظر اینجانب، امیر خادم، در موسسه آوای شهیر برگزار می شود رویکردی متفاوت از مراکز دیگر خواهد داشت.</p>\r\n\r\n<p dir="RTL">مدیریت موسسه آوای شهیر: امیر خادم</p>\r\n', 1, 1641),
(15, 'آیلتس ', 'VtRG01462256706.jpg', '<p>دوره های آموزش آیلتس موسسه پردیس آوای شهیر نیز مانند دوره های تافل آن تفاوت های چشمگیری دارد با دوره هایی که خود اینجانب، امیر خادم، سابقا برگزار میکردم و دوره هایی که موسسات دیگر برگزار میکنند. اول اینکه در این دوره ها تخفیف های ویژه ای برای دانشجویان عزیز در نظر گرفته شده &ndash; که بخشی از آن در سایت نت برگ ارائه خواهد شد &ndash; که شرایط ثبت نام را برای آنها ایده آل میکند. دوم اینکه، برعکس تمام موسسات، دو نمونه از رایتینگ های هر داوطلب به طور رایگان در طول ترم تصحیح میگردد که تاثیر به سزایی در نمره آیلتس آنها خواهد داشت. سوم اینکه در انتهای هر دوره، بنا به نیاز زبان آموزان، یک گارکاه چند ساعته برگزار خواهد شد که در آن صرفا نمونه رایتینگ هر یک از داوطلبین برسی شده ونکات کلیدی و نهایی به آنها آموخته میشود. با برگزاری این دوره ها، امیدواریم که بتوانیم سهم کوچکی در بالا بردن سطح علمی دانشجویان عزیزمان داشته باشیم و راه را برای پیشرفت های آتی آنها هموار سازیم. با آرزوی بهروزی همه عزیزان مدیر موسسه پردیس آوای شهیر: امیر خادم المله</p>\r\n', 2, 424),
(16, 'جی آر ای', 'evVNz1462629946.png', '<p>کتاب ها و منابعی که برای امتحان جی آر ای ارائه شده اند بسیاراند، ولی با خواندن این منابع گلچین شده میتوانید نمره دلخواهتان را بگیرید.</p>\r\n\r\n<p>با آرزوی موفقیت شما</p>\r\n\r\n<p>امیر خادم: مدیر موسسه پردیس آوای شهیر</p>\r\n', 5, 80),
(17, 'جی ام ای تی (جی مت)', 'rQ4U41462692555.png', '<p>این منابع از بهترین منابع امتحان&nbsp;جی ام ای تی (جی مت) هستند که امیدواریم برایتان سودمند باشند.&nbsp;</p>\r\n\r\n<p>امیر خادم</p>\r\n', 6, 58),
(18, 'تافل دکتری', '8971n1462633879.png', '<p>امتحان تافل دکتری، که برای دانشجویان دکتری در ایران برگزار میگردد،&nbsp;همان امتحان تافل پی بی تی است با این تفاوت که بخش رایتینگ ندارد. بنابراین، خواندن این منابع برای یک نمره خوب کافی است.</p>\r\n', 4, 57),
(20, 'دوره گرامر Pre-TOEFL & Pre-IELTS ', 'tByGL1462625982.jpg', '<p>این دوره برای عزیزانی تعریف شده که سطح زبانی آنها پایین تر از سطح متوسط می باشد و آنها را برای کلاس های تافل آی بی تی، آیلتس جنرال و آکادمیک، جی آر ای، جی ام ای تی، و تافل دکتری آماده می سازد.&nbsp;</p>\r\n', 3, 232),
(21, 'کارگاه ها', 'fsDA91464366763.jpg', '<p>موسسه آوای شهیر افتخار دارد که&nbsp;هر چند وقت یکبار کارگاه های متنوعی در خصوص آزمون های تافل، آیلتس، جی آر ای، و جی مت و همچنین کارگاه های حرفه ای مقاله نویسی برگزار نماید.</p>\r\n', 7, 84);

-- --------------------------------------------------------

--
-- Table structure for table `ym_course_tag_rel`
--

CREATE TABLE IF NOT EXISTS `ym_course_tag_rel` (
  `tag_id` int(10) unsigned NOT NULL,
  `course_id` int(10) unsigned NOT NULL,
  PRIMARY KEY (`tag_id`,`course_id`),
  KEY `class_id` (`course_id`)
) ENGINE=InnoDB DEFAULT CHARSET=utf8 COLLATE=utf8_persian_ci;

--
-- Dumping data for table `ym_course_tag_rel`
--

INSERT INTO `ym_course_tag_rel` (`tag_id`, `course_id`) VALUES
(1, 13),
(3, 13),
(4, 13),
(5, 13),
(6, 13),
(5, 15),
(7, 15),
(8, 15),
(9, 15),
(10, 15),
(11, 15),
(12, 15),
(13, 15),
(14, 15),
(15, 15),
(16, 15),
(17, 15),
(18, 15),
(19, 15),
(20, 15),
(21, 15),
(22, 15),
(23, 15),
(28, 16),
(45, 16),
(46, 16),
(47, 16),
(48, 16),
(49, 16),
(50, 17),
(51, 17),
(30, 18),
(36, 18),
(39, 18),
(40, 18),
(41, 18),
(42, 18),
(43, 18),
(44, 18),
(24, 20),
(25, 20),
(26, 20),
(27, 20),
(28, 20),
(29, 20),
(30, 20),
(31, 20),
(32, 20),
(33, 20),
(34, 20),
(35, 20),
(36, 20),
(37, 20),
(38, 20),
(8, 21),
(16, 21),
(52, 21),
(53, 21),
(54, 21),
(55, 21),
(56, 21),
(57, 21),
(58, 21),
(59, 21),
(60, 21);

-- --------------------------------------------------------

--
-- Table structure for table `ym_gallery`
--

CREATE TABLE IF NOT EXISTS `ym_gallery` (
  `id` int(11) unsigned NOT NULL AUTO_INCREMENT,
  `title` varchar(200) COLLATE utf8_persian_ci DEFAULT NULL COMMENT 'عنوان',
  `desc` varchar(1024) COLLATE utf8_persian_ci DEFAULT NULL COMMENT 'توضیحات',
  `file_name` varchar(200) COLLATE utf8_persian_ci NOT NULL COMMENT 'آدرس فایل',
  `order` int(10) NOT NULL,
  PRIMARY KEY (`id`)
) ENGINE=InnoDB  DEFAULT CHARSET=utf8 COLLATE=utf8_persian_ci AUTO_INCREMENT=7 ;

--
-- Dumping data for table `ym_gallery`
--

INSERT INTO `ym_gallery` (`id`, `title`, `desc`, `file_name`, `order`) VALUES
(1, 'موسسه آوای شهیر ', 'با سلام:\r\nبه درخواست بعضی از دانشجویان عزیز که دوست داشتند محیط موسسه آوای شهیر را ببینند، چند تا عکس آپلود شد.', 'W9oaD1463560903.JPG', 1),
(2, 'موسسه آوای شهیر ', '', 'LAVP41463565482.JPG', 2),
(3, 'موسسه آوای شهیر ', '', 'tFcDJ1463565553.JPG', 3),
(5, 'Avaye Shahir Institute', '', 'bnJl11463565742.JPG', 4),
(6, 'Avaye Shahir Institute', '', 'YNvfW1463565801.JPG', 5);

-- --------------------------------------------------------

--
-- Table structure for table `ym_google_maps`
--

CREATE TABLE IF NOT EXISTS `ym_google_maps` (
  `id` int(10) unsigned NOT NULL AUTO_INCREMENT,
  `title` varchar(50) DEFAULT NULL,
  `map_lat` varchar(30) NOT NULL DEFAULT '34.6327505',
  `map_lng` varchar(30) NOT NULL DEFAULT '50.8644157',
  `map_zoom` varchar(5) NOT NULL DEFAULT '10',
  PRIMARY KEY (`id`)
) ENGINE=InnoDB  DEFAULT CHARSET=latin1 AUTO_INCREMENT=2 ;

--
-- Dumping data for table `ym_google_maps`
--

INSERT INTO `ym_google_maps` (`id`, `title`, `map_lat`, `map_lng`, `map_zoom`) VALUES
(1, '', '35.72781914695719', '51.41998856328428', '19');

-- --------------------------------------------------------

--
-- Table structure for table `ym_pages`
--

CREATE TABLE IF NOT EXISTS `ym_pages` (
  `id` int(10) unsigned NOT NULL AUTO_INCREMENT,
  `title` varchar(255) DEFAULT NULL COMMENT 'عنوان',
  `summary` text COMMENT 'متن',
  `category_id` int(11) unsigned DEFAULT NULL,
  PRIMARY KEY (`id`),
  KEY `category_id` (`category_id`)
) ENGINE=InnoDB  DEFAULT CHARSET=utf8 AUTO_INCREMENT=15 ;

--
-- Dumping data for table `ym_pages`
--

INSERT INTO `ym_pages` (`id`, `title`, `summary`, `category_id`) VALUES
(2, 'بخش تبادل نظر', '', 4),
(3, 'تماس با ما', '<p>sadf</p>\r\n', 4),
(5, 'قوانین و مقررات', '<p dir="RTL"><strong>قوانین و مقررات موسسه آوای شهیر</strong></p>\r\n\r\n<ol>\r\n	<li dir="RTL">رعایت شئونات اسلامی،&nbsp;قوانین، و مقررات جمهوری اسلامی ایران و همچنین مقررات موسسه الزامی میباشد<span dir="LTR">.</span></li>\r\n	<li dir="RTL">رعایت ادب در فضای مجازی چه در سایت چه در تلگرام الزامی می باشد<span dir="LTR">.</span></li>\r\n	<li dir="RTL">هیچ یک از اساتید، کارمندان، و مراجعین حق ندارند مسائل سیاسی را در محیط آموزشگاه و یا در فضای سایبری موسسه مطرح کند.</li>\r\n	<li dir="RTL">شهریه به هیچ عنوان مسترد نمی گردد<span dir="LTR">.</span></li>\r\n	<li dir="RTL">همراه داشتن فیش ثبت نام برای اولین حضور سر کلاس&nbsp;الزامی می باشد<span dir="LTR">.</span></li>\r\n	<li dir="RTL">تغییر روز و ساعت کلاس امکان پذیر نمی باشد مگر با موافقت کتبی کلیه دانشجویان و استاد و تایید موسسه<span dir="LTR">.</span></li>\r\n	<li dir="RTL">استفاده از تلفن همراه در طول مدت کلاس ممنوع می باشد<span dir="LTR">.</span></li>\r\n	<li dir="RTL">توضیحات مندرجه در مورد هر دوره را با دقت مطالعه نموده و متناسب با این توضیحات ثبت نام فرمایید<span dir="LTR">.</span></li>\r\n	<li dir="RTL">اطلاعیه ها و دستورالعمل هایی که&nbsp;در سایت و یا از طریق تلگرام در اختیارتان قرار میگیرد&nbsp;را بدقت مطالعه فرمایید<span dir="LTR">.</span></li>\r\n	<li dir="RTL">آوای شهیر هرگز اطلاعات شما را بصورت تلفنی یا از طریق پیامک درخواست نخواهد کرد. درصورتیکه فردی با این عنوان اطلاعات شما را درخواست نمود، موارد را به مدیریت گزارش فرمایید<span dir="LTR">.</span></li>\r\n	<li dir="RTL"><span dir="RTL">هرگونه مورد نامناسبی</span>&nbsp;<span dir="RTL">در فضای کلاس و موسسه را بلافاصله به مدیریت گزارش فرمایید</span>.</li>\r\n</ol>\r\n', 1),
(12, 'درباره ما', '<p dir="RTL" style="text-align:justify">تلفیق تحصیلات آکادمیک و سالها تجربه تدریس و ترجمه در سطوح مختلف از سال 1381 تا کنون در موسسات معتبر و&nbsp;مراکز علمی&nbsp;و&nbsp;دانشگاهی از قبیل جهاد دانشگاهی علامه طباطبایی، دانشگاه علمی کاربردی، و دانشگاه شریف منجر به&nbsp;پایه گذاری موسسه علمی-فرهنگی پردیس آوای شهیر در سال 1394 شد&nbsp;که در زمینه های فرهنگی وهنری به طور عام و آموزش زبان انگلیسی به طور خاص فعالیت خود را آغاز کرده و تلاش میکند تا خدماتی نو و خلاقانه را&nbsp;به&nbsp;مردم عزیز ایران ارائه&nbsp;کند. امیدواریم سابقه چندین ساله&nbsp;تحقیق و تدریس اینجانب و اساتید مجرب موسسه آوای شهیر&nbsp;در زمینه زبان انگلیسی راه گشای عزیزانی باشد که قصد همراه شدن با ما را دارند.</p>\r\n\r\n<p dir="RTL" style="text-align:justify">به امید بهروزی شما</p>\r\n\r\n<p dir="RTL" style="text-align:justify">مدیر موسسه آوای شهیر:&nbsp;امیر خادم المله</p>\r\n', 4),
(14, 'راهنما', '<p>ستیدبمشسکدئیب</p>\r\n', 2);

-- --------------------------------------------------------

--
-- Table structure for table `ym_page_categories`
--

CREATE TABLE IF NOT EXISTS `ym_page_categories` (
  `id` int(11) unsigned NOT NULL AUTO_INCREMENT,
  `name` varchar(255) DEFAULT NULL COMMENT 'عنوان',
  `slug` varchar(255) DEFAULT NULL COMMENT 'آدرس',
  `multiple` tinyint(1) unsigned DEFAULT '1' COMMENT 'چند صحفه ای',
  PRIMARY KEY (`id`)
) ENGINE=InnoDB  DEFAULT CHARSET=utf8 AUTO_INCREMENT=5 ;

--
-- Dumping data for table `ym_page_categories`
--

INSERT INTO `ym_page_categories` (`id`, `name`, `slug`, `multiple`) VALUES
(1, 'قوانین', 'rules', 1),
(2, 'راهنما', 'guide', 1),
(3, 'آزاد', 'free', 1),
(4, 'صفحات اصلی', 'base', 1);

-- --------------------------------------------------------

--
-- Table structure for table `ym_personnel`
--

CREATE TABLE IF NOT EXISTS `ym_personnel` (
  `id` int(10) unsigned NOT NULL AUTO_INCREMENT,
  `name` varchar(50) COLLATE utf8_persian_ci NOT NULL COMMENT 'نام',
  `family` varchar(50) COLLATE utf8_persian_ci NOT NULL COMMENT 'نام خانوادگی',
  `post` varchar(50) COLLATE utf8_persian_ci NOT NULL COMMENT 'سمت',
  `avatar` varchar(500) COLLATE utf8_persian_ci DEFAULT NULL COMMENT 'آواتار',
  `resume` text COLLATE utf8_persian_ci COMMENT 'رزومه',
  `email` varchar(100) COLLATE utf8_persian_ci NOT NULL COMMENT 'پست الکترونیک',
  `social_links` varchar(2000) COLLATE utf8_persian_ci DEFAULT NULL COMMENT 'شبکه های اجتماعی',
  `grade` varchar(100) COLLATE utf8_persian_ci DEFAULT NULL COMMENT 'سطح تحصیلات',
  `tell` varchar(11) COLLATE utf8_persian_ci DEFAULT NULL,
  `address` text COLLATE utf8_persian_ci,
  `file` varchar(500) COLLATE utf8_persian_ci DEFAULT NULL COMMENT 'فایل رزومه',
  PRIMARY KEY (`id`)
) ENGINE=InnoDB DEFAULT CHARSET=utf8 COLLATE=utf8_persian_ci AUTO_INCREMENT=1 ;

-- --------------------------------------------------------

--
-- Table structure for table `ym_places`
--

CREATE TABLE IF NOT EXISTS `ym_places` (
  `id` int(10) unsigned NOT NULL AUTO_INCREMENT COMMENT 'شناسه',
  `name` varchar(200) NOT NULL COMMENT 'عنوان',
  `town_id` int(10) unsigned NOT NULL COMMENT 'والد',
  PRIMARY KEY (`id`),
  KEY `town_id` (`town_id`)
) ENGINE=InnoDB  DEFAULT CHARSET=utf8 COMMENT='شهر ها' AUTO_INCREMENT=444 ;

--
-- Dumping data for table `ym_places`
--

INSERT INTO `ym_places` (`id`, `name`, `town_id`) VALUES
(1, 'تبریز', 1),
(2, 'كندوان', 1),
(3, 'بندر شرفخانه', 1),
(4, 'مراغه', 1),
(5, ' ', 1),
(6, 'شبستر', 1),
(7, 'مرند', 1),
(8, 'جلفا', 1),
(9, 'سراب', 1),
(10, 'هادیشهر', 1),
(11, 'بناب', 1),
(12, 'كلیبر', 1),
(13, 'تسوج', 1),
(14, 'اهر', 1),
(15, 'هریس', 1),
(16, 'عجبشیر', 1),
(17, 'هشترود', 1),
(18, 'ملكان', 1),
(19, 'بستان آباد', 1),
(20, 'ورزقان', 1),
(21, 'اسكو', 1),
(22, 'آذر شهر', 1),
(23, 'قره آغاج', 1),
(24, 'ممقان', 1),
(25, 'صوفیان', 1),
(26, 'ایلخچی', 1),
(27, 'خسروشهر', 1),
(28, 'باسمنج', 1),
(29, 'سهند', 1),
(30, 'ارومیه', 2),
(31, 'نقده', 2),
(32, 'ماكو', 2),
(33, 'تكاب', 2),
(34, 'خوی', 2),
(35, 'مهاباد', 2),
(36, 'سر دشت', 2),
(37, 'چالدران', 2),
(38, 'بوكان', 2),
(39, 'میاندوآب', 2),
(40, 'سلماس', 2),
(41, 'شاهین دژ', 2),
(42, 'پیرانشهر', 2),
(43, 'سیه چشمه', 2),
(44, 'اشنویه', 2),
(45, 'چایپاره', 2),
(46, 'پلدشت', 2),
(47, 'شوط', 2),
(48, 'اردبیل', 3),
(49, 'سرعین', 3),
(50, 'بیله سوار', 3),
(51, 'پارس آباد', 3),
(52, 'خلخال', 3),
(53, 'مشگین شهر', 3),
(54, 'مغان', 3),
(55, 'نمین', 3),
(56, 'نیر', 3),
(57, 'كوثر', 3),
(58, 'کیوی', 3),
(59, 'گرمی', 3),
(60, 'اصفهان', 4),
(61, 'فریدن', 4),
(62, 'فریدون شهر', 4),
(63, 'فلاورجان', 4),
(64, 'گلپایگان', 4),
(65, 'دهاقان', 4),
(66, 'نطنز', 4),
(67, 'نایین', 4),
(68, 'تیران', 4),
(69, 'كاشان', 4),
(70, 'فولاد شهر', 4),
(71, 'اردستان', 4),
(72, 'سمیرم', 4),
(73, 'درچه', 4),
(74, 'کوهپایه', 4),
(75, 'مباركه', 4),
(76, 'شهرضا', 4),
(77, 'خمینی شهر', 4),
(78, 'شاهین شهر', 4),
(79, 'نجف آباد', 4),
(80, 'دولت آباد', 4),
(81, 'زرین شهر', 4),
(82, 'آران و بیدگل', 4),
(83, 'باغ بهادران', 4),
(84, 'خوانسار', 4),
(85, 'مهردشت', 4),
(86, 'علویجه', 4),
(87, 'عسگران', 4),
(88, 'نهضت آباد', 4),
(89, 'حاجی آباد', 4),
(90, 'تودشک', 4),
(91, 'ورزنه', 4),
(92, 'ایلام', 6),
(93, 'مهران', 6),
(94, 'دهلران', 6),
(95, 'آبدانان', 6),
(96, 'شیروان چرداول', 6),
(97, 'دره شهر', 6),
(98, 'ایوان', 6),
(99, 'سرابله', 6),
(100, 'بوشهر', 7),
(101, 'تنگستان', 7),
(102, 'دشتستان', 7),
(103, 'دیر', 7),
(104, 'دیلم', 7),
(105, 'كنگان', 7),
(106, 'گناوه', 7),
(107, 'ریشهر', 7),
(108, 'دشتی', 7),
(109, 'خورموج', 7),
(110, 'اهرم', 7),
(111, 'برازجان', 7),
(112, 'خارك', 7),
(113, 'جم', 7),
(114, 'کاکی', 7),
(115, 'عسلویه', 7),
(116, 'بردخون', 7),
(117, 'تهران', 8),
(118, 'ورامین', 8),
(119, 'فیروزكوه', 8),
(120, 'ری', 8),
(121, 'دماوند', 8),
(122, 'اسلامشهر', 8),
(123, 'رودهن', 8),
(124, 'لواسان', 8),
(125, 'بومهن', 8),
(126, 'تجریش', 8),
(127, 'فشم', 8),
(128, 'كهریزك', 8),
(129, 'پاكدشت', 8),
(130, 'چهاردانگه', 8),
(131, 'شریف آباد', 8),
(132, 'قرچك', 8),
(133, 'باقرشهر', 8),
(134, 'شهریار', 8),
(135, 'رباط كریم', 8),
(136, 'قدس', 8),
(137, 'ملارد', 8),
(138, 'شهركرد', 9),
(139, 'فارسان', 9),
(140, 'بروجن', 9),
(141, 'چلگرد', 9),
(142, 'اردل', 9),
(143, 'لردگان', 9),
(144, 'سامان', 9),
(145, 'قائن', 10),
(146, 'فردوس', 10),
(147, 'بیرجند', 10),
(148, 'نهبندان', 10),
(149, 'سربیشه', 10),
(150, 'طبس مسینا', 10),
(151, 'قهستان', 10),
(152, 'درمیان', 10),
(153, 'مشهد', 11),
(154, 'نیشابور', 11),
(155, 'سبزوار', 11),
(156, 'كاشمر', 11),
(157, 'گناباد', 11),
(158, 'طبس', 11),
(159, 'تربت حیدریه', 11),
(160, 'خواف', 11),
(161, 'تربت جام', 11),
(162, 'تایباد', 11),
(163, 'قوچان', 11),
(164, 'سرخس', 11),
(165, 'بردسكن', 11),
(166, 'فریمان', 11),
(167, 'چناران', 11),
(168, 'درگز', 11),
(169, 'كلات', 11),
(170, 'طرقبه', 11),
(171, 'سر ولایت', 11),
(172, 'بجنورد', 12),
(173, 'اسفراین', 12),
(174, 'جاجرم', 12),
(175, 'شیروان', 12),
(176, 'آشخانه', 12),
(177, 'گرمه', 12),
(178, 'ساروج', 12),
(179, 'اهواز', 13),
(181, 'شوش', 13),
(182, 'آبادان', 13),
(183, 'خرمشهر', 13),
(184, 'مسجد سلیمان', 13),
(185, 'ایذه', 13),
(186, 'شوشتر', 13),
(187, 'اندیمشك', 13),
(188, 'سوسنگرد', 13),
(189, 'هویزه', 13),
(190, 'دزفول', 13),
(191, 'شادگان', 13),
(192, 'بندر ماهشهر', 13),
(193, 'بندر امام خمینی', 13),
(194, 'امیدیه', 13),
(195, 'بهبهان', 13),
(196, 'رامهرمز', 13),
(197, 'باغ ملك', 13),
(198, 'هندیجان', 13),
(199, 'لالی', 13),
(200, 'رامشیر', 13),
(201, 'حمیدیه', 13),
(202, 'دغاغله', 13),
(203, 'ملاثانی', 13),
(204, 'شادگان', 13),
(205, 'ویسی', 13),
(206, 'زنجان', 14),
(207, 'ابهر', 14),
(208, 'خدابنده', 14),
(209, 'كارم', 14),
(210, 'ماهنشان', 14),
(211, 'خرمدره', 14),
(212, 'ایجرود', 14),
(213, 'زرین آباد', 14),
(214, 'آب بر', 14),
(215, 'قیدار', 14),
(216, 'سمنان', 15),
(217, 'شاهرود', 15),
(218, 'گرمسار', 15),
(219, 'ایوانكی', 15),
(220, 'دامغان', 15),
(221, 'بسطام', 15),
(222, 'زاهدان', 16),
(223, 'چابهار', 16),
(224, 'خاش', 16),
(225, 'سراوان', 16),
(226, 'زابل', 16),
(227, 'سرباز', 16),
(228, 'نیكشهر', 16),
(229, 'ایرانشهر', 16),
(230, 'راسك', 16),
(231, 'میرجاوه', 16),
(232, 'شیراز', 17),
(233, 'اقلید', 17),
(234, 'داراب', 17),
(235, 'فسا', 17),
(236, 'مرودشت', 17),
(237, 'خرم بید', 17),
(238, 'آباده', 17),
(239, 'كازرون', 17),
(240, 'ممسنی', 17),
(241, 'سپیدان', 17),
(242, 'لار', 17),
(243, 'فیروز آباد', 17),
(244, 'جهرم', 17),
(245, 'نی ریز', 17),
(246, 'استهبان', 17),
(247, 'لامرد', 17),
(248, 'مهر', 17),
(249, 'حاجی آباد', 17),
(250, 'نورآباد', 17),
(251, 'اردكان', 17),
(252, 'صفاشهر', 17),
(253, 'ارسنجان', 17),
(254, 'قیروكارزین', 17),
(255, 'سوریان', 17),
(256, 'فراشبند', 17),
(257, 'سروستان', 17),
(258, 'ارژن', 17),
(259, 'گویم', 17),
(260, 'داریون', 17),
(261, 'زرقان', 17),
(262, 'خان زنیان', 17),
(263, 'کوار', 17),
(264, 'ده بید', 17),
(265, 'باب انار/خفر', 17),
(266, 'بوانات', 17),
(267, 'خرامه', 17),
(268, 'خنج', 17),
(269, 'سیاخ دارنگون', 17),
(270, 'قزوین', 18),
(271, 'تاكستان', 18),
(272, 'آبیك', 18),
(273, 'بوئین زهرا', 18),
(274, 'قم', 19),
(275, 'طالقان', 5),
(276, 'نظرآباد', 5),
(277, 'اشتهارد', 5),
(278, 'هشتگرد', 5),
(279, 'كن', 5),
(280, 'آسارا', 5),
(281, 'شهرک گلستان', 5),
(282, 'اندیشه', 5),
(283, 'كرج', 5),
(284, 'نظر آباد', 5),
(285, 'گوهردشت', 5),
(286, 'ماهدشت', 5),
(287, 'مشکین دشت', 5),
(288, 'سنندج', 20),
(289, 'دیواندره', 20),
(290, 'بانه', 20),
(291, 'بیجار', 20),
(292, 'سقز', 20),
(293, 'كامیاران', 20),
(294, 'قروه', 20),
(295, 'مریوان', 20),
(296, 'صلوات آباد', 20),
(297, 'حسن آباد', 20),
(298, 'كرمان', 21),
(299, 'راور', 21),
(300, 'بابك', 21),
(301, 'انار', 21),
(302, 'کوهبنان', 21),
(303, 'رفسنجان', 21),
(304, 'بافت', 21),
(305, 'سیرجان', 21),
(306, 'كهنوج', 21),
(307, 'زرند', 21),
(308, 'بم', 21),
(309, 'جیرفت', 21),
(310, 'بردسیر', 21),
(311, 'كرمانشاه', 22),
(312, 'اسلام آباد غرب', 22),
(313, 'سر پل ذهاب', 22),
(314, 'كنگاور', 22),
(315, 'سنقر', 22),
(316, 'قصر شیرین', 22),
(317, 'گیلان غرب', 22),
(318, 'هرسین', 22),
(319, 'صحنه', 22),
(320, 'پاوه', 22),
(321, 'جوانرود', 22),
(322, 'شاهو', 22),
(323, 'یاسوج', 23),
(324, 'گچساران', 23),
(325, 'دنا', 23),
(326, 'دوگنبدان', 23),
(327, 'سی سخت', 23),
(328, 'دهدشت', 23),
(329, 'لیكك', 23),
(330, 'گرگان', 24),
(331, 'آق قلا', 24),
(332, 'گنبد كاووس', 24),
(333, 'علی آباد كتول', 24),
(334, 'مینو دشت', 24),
(335, 'تركمن', 24),
(336, 'كردكوی', 24),
(337, 'بندر گز', 24),
(338, 'كلاله', 24),
(339, 'آزاد شهر', 24),
(340, 'رامیان', 24),
(341, 'رشت', 25),
(342, 'منجیل', 25),
(343, 'لنگرود', 25),
(344, 'رود سر', 25),
(345, 'تالش', 25),
(346, 'آستارا', 25),
(347, 'ماسوله', 25),
(348, 'آستانه اشرفیه', 25),
(349, 'رودبار', 25),
(350, 'فومن', 25),
(351, 'صومعه سرا', 25),
(352, 'بندرانزلی', 25),
(353, 'كلاچای', 25),
(354, 'هشتپر', 25),
(355, 'رضوان شهر', 25),
(356, 'ماسال', 25),
(357, 'شفت', 25),
(358, 'سیاهكل', 25),
(359, 'املش', 25),
(360, 'لاهیجان', 25),
(361, 'خشک بیجار', 25),
(362, 'خمام', 25),
(363, 'لشت نشا', 25),
(364, 'بندر کیاشهر', 25),
(365, 'خرم آباد', 26),
(366, 'ماهشهر', 26),
(367, 'دزفول', 26),
(368, 'بروجرد', 26),
(369, 'دورود', 26),
(370, 'الیگودرز', 26),
(371, 'ازنا', 26),
(372, 'نور آباد', 26),
(373, 'كوهدشت', 26),
(374, 'الشتر', 26),
(375, 'پلدختر', 26),
(376, 'ساری', 27),
(377, 'آمل', 27),
(378, 'بابل', 27),
(379, 'بابلسر', 27),
(380, 'بهشهر', 27),
(381, 'تنكابن', 27),
(382, 'جویبار', 27),
(383, 'چالوس', 27),
(384, 'رامسر', 27),
(385, 'سواد كوه', 27),
(386, 'قائم شهر', 27),
(387, 'نكا', 27),
(388, 'نور', 27),
(389, 'بلده', 27),
(390, 'نوشهر', 27),
(391, 'پل سفید', 27),
(392, 'محمود آباد', 27),
(393, 'فریدون كنار', 27),
(394, 'اراك', 28),
(395, 'آشتیان', 28),
(396, 'تفرش', 28),
(397, 'خمین', 28),
(398, 'دلیجان', 28),
(399, 'ساوه', 28),
(400, 'سربند', 28),
(401, 'محلات', 28),
(402, 'شازند', 28),
(403, 'بندرعباس', 29),
(404, 'قشم', 29),
(405, 'كیش', 29),
(406, 'بندر لنگه', 29),
(407, 'بستك', 29),
(408, 'حاجی آباد', 29),
(409, 'دهبارز', 29),
(410, 'انگهران', 29),
(411, 'میناب', 29),
(412, 'ابوموسی', 29),
(413, 'بندر جاسك', 29),
(414, 'تنب بزرگ', 29),
(415, 'بندر خمیر', 29),
(416, 'پارسیان', 29),
(417, 'قشم', 29),
(418, 'همدان', 30),
(419, 'ملایر', 30),
(420, 'تویسركان', 30),
(421, 'نهاوند', 30),
(422, 'كبودر اهنگ', 30),
(423, 'رزن', 30),
(424, 'اسدآباد', 30),
(425, 'بهار', 30),
(426, 'یزد', 31),
(427, 'تفت', 31),
(428, 'اردكان', 31),
(429, 'ابركوه', 31),
(430, 'میبد', 31),
(431, 'طبس', 31),
(432, 'بافق', 31),
(433, 'مهریز', 31),
(434, 'اشكذر', 31),
(435, 'هرات', 31),
(436, 'خضرآباد', 31),
(437, 'شاهدیه', 31),
(438, 'حمیدیه شهر', 31),
(439, 'سید میرزا', 31),
(440, 'زارچ', 31),
(441, 'دستجرد', 19),
(442, 'کهک', 19),
(443, 'خلجستان', 19);

-- --------------------------------------------------------

--
-- Table structure for table `ym_site_setting`
--

CREATE TABLE IF NOT EXISTS `ym_site_setting` (
  `id` int(11) NOT NULL AUTO_INCREMENT,
  `name` varchar(255) NOT NULL,
  `title` varchar(255) CHARACTER SET utf8 COLLATE utf8_persian_ci NOT NULL,
  `value` text CHARACTER SET utf8 COLLATE utf8_persian_ci NOT NULL,
  PRIMARY KEY (`id`)
) ENGINE=MyISAM  DEFAULT CHARSET=utf8 AUTO_INCREMENT=8 ;

--
-- Dumping data for table `ym_site_setting`
--

INSERT INTO `ym_site_setting` (`id`, `name`, `title`, `value`) VALUES
(1, 'site_title', 'عنوان سایت', 'موسسه علمی فرهنگی پردیس آوای شهیر'),
(2, 'default_title', 'عنوان پیش فرض صفحات', ' آوای شهیر'),
(3, 'keywords', 'کلمات کلیدی سایت', 'آوای شهیر'),
(4, 'site_description', 'شرح وبسایت', 'به امید بهروزی شما \r\nمدیر موسسه آوای شهیر: امیر خادم المله'),
(5, 'message', 'پیام وبسایت', 'دوستانی که قصد ثبت نام در دوره های تعریف شده را دارند میتوانند  از طریق شماره تلفن های سایت تماس گرفته و حضوری ثبت نام کنند و یا با واریز وجه به حساب 5664203988  یا به شماره کارت 6104337831520232 نزد بانک ملت به نام امیر خادم المله و ارسال شماره پیگیری از طریق ایمیل به pardis@avayeshahir.com و یا info@avayeshahir.com با ذکر دقیق گروه و ساعت کلاس ثبت نام خود را انجام دهند.\r\n با آرزوی موفقیت شما عزیزان\r\nامیر خادم المله: مدیر موسسه آوای شهیر\r\n '),
(6, 'message_en', 'پیام انگلیسی وبسایت', 'Those dear students who want to enroll for the offered courses can do so by contacting us through the telephone numbers provided in the site and enroll in person, or they can deposit the tuition to the following bank account, 5664203988 or card number 6104337831520232, at Mellat Bank, and give us the receipt through the following email addresses: pardis@avayeshahir.com or info@avayeshahir.com.\r\nWish you all success\r\nAmir Khademolmelleh: Manager of Avaye Shahir Institute'),
(7, 'message_state', 'وضعیت نمایش پیام', '1');

-- --------------------------------------------------------

--
-- Table structure for table `ym_teacher_details`
--

CREATE TABLE IF NOT EXISTS `ym_teacher_details` (
  `user_id` int(10) unsigned NOT NULL,
  `avatar` varchar(500) COLLATE utf8_persian_ci DEFAULT NULL COMMENT 'آواتار',
  `name` varchar(50) COLLATE utf8_persian_ci DEFAULT NULL COMMENT 'نام',
  `family` varchar(50) COLLATE utf8_persian_ci DEFAULT NULL COMMENT 'نام خانوادگی',
  `grade` varchar(100) COLLATE utf8_persian_ci DEFAULT NULL COMMENT 'سطح تحصیلات',
  `resume` text COLLATE utf8_persian_ci COMMENT 'روزمه',
  `social_links` varchar(2000) COLLATE utf8_persian_ci DEFAULT NULL COMMENT 'لینک های اجتماعی',
  `tell` varchar(11) CHARACTER SET utf8 DEFAULT NULL COMMENT 'شماره تماس',
  `address` text COLLATE utf8_persian_ci COMMENT 'آدرس',
  `file` varchar(500) COLLATE utf8_persian_ci DEFAULT NULL COMMENT 'فایل رزومه',
  PRIMARY KEY (`user_id`)
) ENGINE=InnoDB DEFAULT CHARSET=utf8 COLLATE=utf8_persian_ci;

--
-- Dumping data for table `ym_teacher_details`
--

INSERT INTO `ym_teacher_details` (`user_id`, `avatar`, `name`, `family`, `grade`, `resume`, `social_links`, `tell`, `address`, `file`) VALUES
(32, '9uDEr1462688452.jpg', 'علیرضا ', 'غفاریان', 'کارشناسی ارشد', '', NULL, '09125383080', '', 'MyXK41462690656.pdf'),
(33, 'CTVEE1460894933.jpg', 'امیر ', 'خادم المله', 'کارشناسی ارشد', '<p dir="ltr" style="text-align:justify">Name:&nbsp;&nbsp;&nbsp;&nbsp;&nbsp;&nbsp;&nbsp;&nbsp;&nbsp;&nbsp;&nbsp;&nbsp;&nbsp;&nbsp;&nbsp;&nbsp;&nbsp;&nbsp;&nbsp;&nbsp;&nbsp;&nbsp;&nbsp;&nbsp;&nbsp;&nbsp;&nbsp;&nbsp;&nbsp;&nbsp;&nbsp;&nbsp;&nbsp;&nbsp;&nbsp;&nbsp;&nbsp;&nbsp;&nbsp;&nbsp;&nbsp;&nbsp;&nbsp;&nbsp;&nbsp;&nbsp;&nbsp;&nbsp;&nbsp;&nbsp;&nbsp;&nbsp;&nbsp;&nbsp;&nbsp;&nbsp; Amir Khademolmelleh</p>\r\n\r\n<p dir="ltr" style="text-align:justify">Date of birth:&nbsp;&nbsp;&nbsp;&nbsp;&nbsp;&nbsp;&nbsp;&nbsp;&nbsp;&nbsp;&nbsp;&nbsp;&nbsp;&nbsp;&nbsp;&nbsp;&nbsp;&nbsp;&nbsp;&nbsp;&nbsp;&nbsp;&nbsp;&nbsp;&nbsp;&nbsp;&nbsp;&nbsp;&nbsp;&nbsp;&nbsp;&nbsp;&nbsp;&nbsp;&nbsp;&nbsp;&nbsp;&nbsp;&nbsp;&nbsp;&nbsp;&nbsp;&nbsp;&nbsp;&nbsp; Jan. 6<sup>th</sup>, 1970</p>\r\n\r\n<p dir="ltr" style="text-align:justify">Nationality:&nbsp;&nbsp;&nbsp;&nbsp;&nbsp;&nbsp;&nbsp;&nbsp;&nbsp;&nbsp;&nbsp;&nbsp;&nbsp;&nbsp;&nbsp;&nbsp;&nbsp;&nbsp;&nbsp;&nbsp;&nbsp;&nbsp;&nbsp;&nbsp;&nbsp;&nbsp;&nbsp;&nbsp;&nbsp;&nbsp;&nbsp;&nbsp;&nbsp;&nbsp;&nbsp;&nbsp;&nbsp;&nbsp; &nbsp;&nbsp;&nbsp;&nbsp;&nbsp;&nbsp;&nbsp;&nbsp;&nbsp; Iranian</p>\r\n\r\n<p dir="ltr" style="text-align:justify">Profession:&nbsp;&nbsp;&nbsp;&nbsp;&nbsp;&nbsp;&nbsp;&nbsp;&nbsp;&nbsp;&nbsp;&nbsp;&nbsp;&nbsp;&nbsp;&nbsp;&nbsp;&nbsp;&nbsp;&nbsp;&nbsp;&nbsp;&nbsp;&nbsp;&nbsp;&nbsp;&nbsp;&nbsp;&nbsp;&nbsp;&nbsp;&nbsp;&nbsp;&nbsp;&nbsp;&nbsp;&nbsp;&nbsp;&nbsp;&nbsp;&nbsp;&nbsp;&nbsp;&nbsp;&nbsp;&nbsp;&nbsp;&nbsp;&nbsp;&nbsp;University Instructor and Freelance Translator</p>\r\n\r\n<p dir="ltr" style="text-align:justify">Marital Status:&nbsp;&nbsp;&nbsp;&nbsp;&nbsp;&nbsp;&nbsp;&nbsp;&nbsp;&nbsp;&nbsp;&nbsp;&nbsp;&nbsp;&nbsp;&nbsp;&nbsp;&nbsp;&nbsp;&nbsp;&nbsp;&nbsp;&nbsp;&nbsp;&nbsp;&nbsp;&nbsp;&nbsp;&nbsp;&nbsp;&nbsp;&nbsp;&nbsp;&nbsp;&nbsp;&nbsp;&nbsp;&nbsp;&nbsp;&nbsp;&nbsp;&nbsp;&nbsp; Married</p>\r\n\r\n<p dir="ltr" style="text-align:justify">Language:&nbsp;&nbsp;&nbsp;&nbsp;&nbsp;&nbsp;&nbsp;&nbsp;&nbsp;&nbsp;&nbsp;&nbsp;&nbsp;&nbsp;&nbsp;&nbsp;&nbsp;&nbsp;&nbsp;&nbsp;&nbsp;&nbsp;&nbsp;&nbsp;&nbsp;&nbsp;&nbsp;&nbsp;&nbsp;&nbsp;&nbsp; &nbsp;&nbsp;&nbsp;&nbsp;&nbsp;&nbsp;&nbsp;&nbsp;&nbsp; &nbsp;&nbsp;&nbsp;&nbsp;&nbsp;&nbsp;&nbsp; Persian, English</p>\r\n\r\n<p dir="ltr" style="text-align:justify">Address: &nbsp;&nbsp;&nbsp;&nbsp;&nbsp;&nbsp;&nbsp;&nbsp;&nbsp;&nbsp;&nbsp;&nbsp;&nbsp;&nbsp;&nbsp;&nbsp;&nbsp;&nbsp;&nbsp;&nbsp;&nbsp;&nbsp;&nbsp;&nbsp;&nbsp;&nbsp;&nbsp;&nbsp;&nbsp;&nbsp;&nbsp;&nbsp;&nbsp;&nbsp;&nbsp;&nbsp;&nbsp;&nbsp;&nbsp;&nbsp;&nbsp;&nbsp;&nbsp;&nbsp;&nbsp;&nbsp;&nbsp;&nbsp;&nbsp;&nbsp;&nbsp; No. 3, Zanbagh 12<sup>th</sup> Street, Razakan, Karaj</p>\r\n\r\n<p dir="ltr" style="text-align:justify">Telephone:&nbsp;&nbsp;&nbsp;&nbsp;&nbsp;&nbsp;&nbsp;&nbsp;&nbsp;&nbsp;&nbsp;&nbsp;&nbsp;&nbsp;&nbsp;&nbsp;&nbsp;&nbsp;&nbsp;&nbsp;&nbsp;&nbsp;&nbsp;&nbsp;&nbsp;&nbsp;&nbsp;&nbsp;&nbsp;&nbsp;&nbsp;&nbsp;&nbsp;&nbsp;&nbsp;&nbsp;&nbsp;&nbsp;&nbsp; &nbsp;&nbsp;&nbsp;&nbsp;&nbsp;&nbsp;&nbsp;&nbsp;&nbsp;0912-2341201</p>\r\n\r\n<p dir="ltr" style="text-align:justify">E-mail:&nbsp;&nbsp;&nbsp;&nbsp;&nbsp;&nbsp;&nbsp;&nbsp;&nbsp;&nbsp;&nbsp;&nbsp;&nbsp;&nbsp;&nbsp;&nbsp;&nbsp;&nbsp;&nbsp;&nbsp;&nbsp;&nbsp;&nbsp;&nbsp;&nbsp;&nbsp;&nbsp;&nbsp;&nbsp;&nbsp;&nbsp;&nbsp;&nbsp;&nbsp;&nbsp;&nbsp;&nbsp;&nbsp;&nbsp;&nbsp;&nbsp;&nbsp;&nbsp;&nbsp;&nbsp;&nbsp;&nbsp;&nbsp;&nbsp;&nbsp;&nbsp;&nbsp;&nbsp;&nbsp;&nbsp; <a href="mailto:khadem@sharif.edu">khadem@sharif.edu</a>;</p>\r\n\r\n<p dir="ltr" style="text-align:justify">&nbsp; &nbsp; &nbsp; &nbsp; &nbsp; &nbsp; &nbsp; &nbsp; &nbsp; &nbsp; &nbsp; &nbsp; &nbsp; &nbsp; &nbsp; &nbsp; &nbsp; &nbsp; &nbsp; &nbsp; &nbsp; &nbsp; &nbsp; &nbsp; &nbsp; &nbsp; &nbsp; &nbsp; &nbsp; &nbsp; &nbsp; &nbsp; &nbsp; &nbsp;<a href="mailto:khadem8234@yahoo.com">khadem8234@yahoo.com</a>;</p>\r\n\r\n<p dir="ltr" style="text-align:justify">&nbsp; &nbsp; &nbsp; &nbsp; &nbsp; &nbsp; &nbsp; &nbsp; &nbsp; &nbsp; &nbsp; &nbsp; &nbsp; &nbsp; &nbsp; &nbsp; &nbsp; &nbsp; &nbsp; &nbsp; &nbsp; &nbsp; &nbsp; &nbsp; &nbsp; &nbsp; &nbsp; &nbsp; &nbsp; &nbsp; &nbsp; &nbsp; &nbsp; &nbsp;<a href="mailto:amir8234@yahoo.com">amir8234@yahoo.com</a>;</p>\r\n\r\n<p dir="ltr" style="text-align:justify">&nbsp;&nbsp;&nbsp;&nbsp;&nbsp;&nbsp;&nbsp;&nbsp;&nbsp;&nbsp;&nbsp;&nbsp;&nbsp;&nbsp;&nbsp;&nbsp;&nbsp;&nbsp;&nbsp;&nbsp;&nbsp;&nbsp;&nbsp;&nbsp;&nbsp;&nbsp;&nbsp;&nbsp;&nbsp;&nbsp;&nbsp;&nbsp;&nbsp;&nbsp;&nbsp;&nbsp;&nbsp;&nbsp;&nbsp;&nbsp;&nbsp;&nbsp;&nbsp;&nbsp;&nbsp;&nbsp;&nbsp;&nbsp;&nbsp;&nbsp;&nbsp;&nbsp;&nbsp;&nbsp;&nbsp;&nbsp;&nbsp;&nbsp;&nbsp;&nbsp;&nbsp;&nbsp;&nbsp;&nbsp;&nbsp;&nbsp;&nbsp;<a href="mailto:amirkhadem8234@gmail.com">amirkhadem8234@gmail.com</a></p>\r\n\r\n<p dir="ltr" style="text-align:justify">&nbsp;&nbsp;&nbsp;&nbsp;&nbsp;&nbsp;&nbsp;&nbsp;&nbsp;</p>\r\n\r\n<p dir="ltr" style="text-align:justify"><strong>Education:</strong></p>\r\n\r\n<p dir="ltr" style="text-align:justify">2004 &ndash; 2007&nbsp;&nbsp;&nbsp;&nbsp;&nbsp;&nbsp;&nbsp;&nbsp;&nbsp;&nbsp;&nbsp;&nbsp; &nbsp;&nbsp;&nbsp;&nbsp;&nbsp;&nbsp;&nbsp;&nbsp;&nbsp;&nbsp;&nbsp;&nbsp;&nbsp;&nbsp;&nbsp;&nbsp;&nbsp;&nbsp;&nbsp;&nbsp;&nbsp;&nbsp;&nbsp;&nbsp;&nbsp;&nbsp;&nbsp;&nbsp;&nbsp;&nbsp;&nbsp;&nbsp;&nbsp;&nbsp;&nbsp;&nbsp;&nbsp;&nbsp;&nbsp;Allameh Tabataba&#39;i University</p>\r\n\r\n<p dir="ltr" style="text-align:justify">&nbsp;&nbsp;&nbsp;&nbsp;&nbsp;&nbsp;&nbsp;&nbsp;&nbsp;&nbsp;&nbsp;&nbsp;&nbsp;&nbsp;&nbsp;&nbsp;&nbsp;&nbsp;&nbsp;&nbsp;&nbsp;&nbsp;&nbsp;&nbsp;&nbsp;&nbsp;&nbsp;&nbsp;&nbsp;&nbsp;&nbsp;&nbsp;&nbsp;&nbsp;&nbsp;&nbsp;&nbsp;&nbsp;&nbsp;&nbsp;&nbsp;&nbsp;&nbsp;&nbsp;&nbsp;&nbsp;&nbsp;&nbsp;&nbsp;&nbsp;&nbsp;&nbsp;&nbsp;&nbsp;&nbsp;&nbsp;&nbsp;&nbsp;&nbsp;&nbsp;&nbsp;&nbsp;&nbsp;&nbsp;&nbsp;&nbsp;&nbsp;&nbsp;&nbsp;&nbsp;&nbsp; [Tehran, Iran]</p>\r\n\r\n<p dir="ltr" style="text-align:justify">&nbsp;&nbsp;&nbsp;&nbsp;&nbsp;&nbsp;&nbsp;&nbsp;&nbsp;&nbsp;&nbsp;&nbsp;&nbsp;&nbsp;&nbsp;&nbsp;&nbsp;&nbsp;&nbsp;&nbsp;&nbsp;&nbsp;&nbsp;&nbsp;&nbsp;&nbsp;&nbsp;&nbsp;&nbsp;&nbsp;&nbsp;&nbsp;&nbsp;&nbsp;&nbsp;&nbsp;&nbsp;&nbsp;&nbsp;&nbsp;&nbsp;&nbsp;&nbsp; &nbsp;&nbsp;&nbsp;&nbsp;&nbsp;&nbsp;&nbsp;&nbsp;&nbsp;&nbsp;&nbsp;&nbsp;&nbsp;&nbsp;&nbsp;&nbsp;&nbsp;&nbsp;&nbsp;&nbsp;&nbsp;&nbsp;&nbsp;&nbsp;&nbsp;&nbsp;&nbsp;&nbsp;M.A.Translation Studies</p>\r\n\r\n<p dir="ltr" style="text-align:justify">&nbsp;</p>\r\n\r\n<p dir="ltr" style="text-align:justify">1995 &ndash; 1999&nbsp;&nbsp;&nbsp;&nbsp;&nbsp;&nbsp;&nbsp;&nbsp;&nbsp;&nbsp;&nbsp;&nbsp;&nbsp;&nbsp;&nbsp;&nbsp;&nbsp;&nbsp;&nbsp;&nbsp;&nbsp;&nbsp;&nbsp;&nbsp;&nbsp;&nbsp;&nbsp;&nbsp;&nbsp;&nbsp;&nbsp;&nbsp;&nbsp;&nbsp;&nbsp;&nbsp;&nbsp;&nbsp;&nbsp;&nbsp;&nbsp;&nbsp;&nbsp;&nbsp;&nbsp;&nbsp;&nbsp;&nbsp;&nbsp;&nbsp;&nbsp; University of Kashan</p>\r\n\r\n<p dir="ltr" style="text-align:justify">&nbsp;&nbsp;&nbsp;&nbsp;&nbsp;&nbsp;&nbsp;&nbsp;&nbsp;&nbsp;&nbsp;&nbsp;&nbsp;&nbsp;&nbsp;&nbsp;&nbsp;&nbsp;&nbsp;&nbsp;&nbsp;&nbsp;&nbsp;&nbsp;&nbsp;&nbsp;&nbsp;&nbsp;&nbsp;&nbsp;&nbsp;&nbsp;&nbsp;&nbsp;&nbsp;&nbsp;&nbsp;&nbsp;&nbsp;&nbsp;&nbsp;&nbsp;&nbsp;&nbsp;&nbsp;&nbsp;&nbsp;&nbsp;&nbsp;&nbsp;&nbsp;&nbsp;&nbsp;&nbsp;&nbsp;&nbsp;&nbsp;&nbsp;&nbsp; &nbsp;&nbsp;&nbsp;&nbsp;&nbsp;&nbsp;&nbsp;&nbsp;&nbsp;&nbsp;&nbsp;&nbsp;[Kashan, Isfahan, Iran]</p>\r\n\r\n<p dir="ltr" style="text-align:justify">&nbsp;&nbsp;&nbsp;&nbsp;&nbsp;&nbsp;&nbsp;&nbsp;&nbsp;&nbsp;&nbsp;&nbsp;&nbsp;&nbsp;&nbsp;&nbsp;&nbsp;&nbsp;&nbsp;&nbsp;&nbsp;&nbsp;&nbsp;&nbsp;&nbsp;&nbsp;&nbsp;&nbsp;&nbsp;&nbsp;&nbsp;&nbsp;&nbsp;&nbsp;&nbsp;&nbsp;&nbsp;&nbsp;&nbsp;&nbsp;&nbsp;&nbsp;&nbsp;&nbsp;&nbsp;&nbsp; &nbsp;&nbsp;&nbsp;&nbsp;&nbsp;&nbsp;&nbsp;&nbsp;&nbsp;&nbsp;&nbsp;&nbsp;&nbsp;&nbsp;&nbsp;&nbsp;&nbsp;&nbsp;&nbsp;&nbsp;&nbsp;&nbsp;&nbsp;&nbsp;&nbsp;B.A English &lt;&gt; Farsi / Persian Translation</p>\r\n\r\n<p dir="ltr" style="text-align:justify">&nbsp;</p>\r\n\r\n<p dir="ltr" style="text-align:justify">1994 &ndash; 1997&nbsp;&nbsp;&nbsp;&nbsp;&nbsp;&nbsp;&nbsp;&nbsp;&nbsp;&nbsp;&nbsp;&nbsp;&nbsp;&nbsp;&nbsp;&nbsp;&nbsp;&nbsp;&nbsp;&nbsp;&nbsp;&nbsp;&nbsp;&nbsp;&nbsp;&nbsp;&nbsp;&nbsp;&nbsp;&nbsp;&nbsp;&nbsp;&nbsp;&nbsp;&nbsp;&nbsp;&nbsp;&nbsp;&nbsp;&nbsp;&nbsp;&nbsp;&nbsp;&nbsp;&nbsp;&nbsp;&nbsp;&nbsp;&nbsp;&nbsp;&nbsp;&nbsp; Shahid Rajaee University</p>\r\n\r\n<p dir="ltr" style="text-align:justify">&nbsp;&nbsp;&nbsp;&nbsp;&nbsp;&nbsp;&nbsp;&nbsp;&nbsp;&nbsp;&nbsp;&nbsp;&nbsp;&nbsp;&nbsp;&nbsp;&nbsp;&nbsp;&nbsp;&nbsp;&nbsp;&nbsp;&nbsp;&nbsp;&nbsp;&nbsp;&nbsp;&nbsp;&nbsp;&nbsp;&nbsp;&nbsp;&nbsp;&nbsp;&nbsp;&nbsp;&nbsp;&nbsp;&nbsp;&nbsp;&nbsp;&nbsp;&nbsp;&nbsp;&nbsp;&nbsp;&nbsp;&nbsp;&nbsp;&nbsp;&nbsp;&nbsp;&nbsp;&nbsp;&nbsp;&nbsp;&nbsp;&nbsp;&nbsp;&nbsp;&nbsp;&nbsp;&nbsp;&nbsp;&nbsp;&nbsp;&nbsp;&nbsp;&nbsp;&nbsp;&nbsp;&nbsp; [Tehran, Iran]</p>\r\n\r\n<p dir="ltr" style="text-align:justify">&nbsp; &nbsp; &nbsp; &nbsp; &nbsp; &nbsp; &nbsp; &nbsp; &nbsp; &nbsp; &nbsp; &nbsp; &nbsp; &nbsp; &nbsp; &nbsp; &nbsp; &nbsp; &nbsp; &nbsp; &nbsp; &nbsp; &nbsp; &nbsp; &nbsp; &nbsp; &nbsp; &nbsp; &nbsp; &nbsp; &nbsp; &nbsp; &nbsp; &nbsp; &nbsp; &nbsp; &nbsp; Associate Diploma in Auto mechanics</p>\r\n\r\n<p dir="ltr" style="text-align:justify">&nbsp;</p>\r\n\r\n<p dir="ltr" style="text-align:justify">1989 &ndash; 1994&nbsp;&nbsp;&nbsp;&nbsp;&nbsp;&nbsp;&nbsp;&nbsp;&nbsp;&nbsp;&nbsp;&nbsp;&nbsp;&nbsp;&nbsp;&nbsp;&nbsp;&nbsp;&nbsp;&nbsp;&nbsp;&nbsp;&nbsp;&nbsp;&nbsp;&nbsp;&nbsp;&nbsp;&nbsp;&nbsp;&nbsp;&nbsp;&nbsp;&nbsp;&nbsp;&nbsp;&nbsp;&nbsp;&nbsp;&nbsp;&nbsp;&nbsp;&nbsp;&nbsp;&nbsp;&nbsp;&nbsp;&nbsp;&nbsp;&nbsp;&nbsp;&nbsp; Motahari Technical School</p>\r\n\r\n<p dir="ltr" style="text-align:justify">&nbsp; &nbsp; &nbsp; &nbsp; &nbsp; &nbsp; &nbsp; &nbsp; &nbsp; &nbsp; &nbsp; &nbsp; &nbsp; &nbsp; &nbsp; &nbsp; &nbsp; &nbsp; &nbsp; &nbsp; &nbsp; &nbsp; &nbsp; &nbsp; &nbsp; &nbsp; &nbsp; &nbsp; &nbsp; &nbsp; &nbsp; &nbsp; &nbsp; &nbsp; &nbsp; &nbsp; &nbsp;[Tehran, Iran]</p>\r\n\r\n<p dir="ltr" style="text-align:justify">&nbsp; &nbsp; &nbsp; &nbsp; &nbsp; &nbsp; &nbsp; &nbsp; &nbsp; &nbsp; &nbsp; &nbsp; &nbsp; &nbsp; &nbsp; &nbsp; &nbsp; &nbsp; &nbsp; &nbsp; &nbsp; &nbsp; &nbsp; &nbsp; &nbsp; &nbsp; &nbsp; &nbsp; &nbsp; &nbsp; &nbsp; &nbsp; &nbsp; &nbsp; &nbsp; &nbsp; &nbsp;Diploma in Auto mechanics</p>\r\n\r\n<p dir="ltr" style="text-align:justify"><strong>Job Experiences:</strong></p>\r\n\r\n<ul dir="ltr">\r\n	<li style="text-align:justify">Manager of Pardise Avaye Shahir Institute</li>\r\n	<li style="text-align:justify">Holding 4 Workshops on Writing Research Papers: Sharif University of Technology</li>\r\n	<li style="text-align:justify">Experience of teaching General English, TOEFL iBT, PhD TOEFL, and PBT TOEFL for 9 years at Sharif University of Technology</li>\r\n	<li style="text-align:justify">Experience of teaching TOEFL iBT for 4 years at Amirkabir University</li>\r\n	<li style="text-align:justify">Experience of teaching PhD TOEFL at Tehran University</li>\r\n	<li style="text-align:justify">Experience of teaching Translation at Elmi-Karbordi University for 5 years</li>\r\n	<li style="text-align:justify">Experience of teaching TOEFL, IELTS, and Conversation at Academic Center for Education, Culture, and Research, Allameh Tabatabaei, for 5 years</li>\r\n	<li style="text-align:justify">Experience of teaching English at such English institutes as Sokhan, Shokooh, and Peyman at different levels ranging from basic to advanced courses for 5 years</li>\r\n	<li style="text-align:justify">Translation of articles for such magazines as Cinema and Farabi</li>\r\n	<li style="text-align:justify">Interpreter of Professor Eghbal in a seminar held in Soureh Pictures Company</li>\r\n	<li style="text-align:justify">Translator trainer in Academic Center for Education, Culture, and Research, Allameh Tabatabaei for 5 years</li>\r\n	<li style="text-align:justify">Edition of articles for ISI Journals for 12 years</li>\r\n</ul>\r\n\r\n<p dir="ltr" style="text-align:justify">&nbsp;</p>\r\n\r\n<p dir="ltr" style="text-align:justify"><strong>Summary of Qualifications:</strong></p>\r\n\r\n<ul dir="ltr">\r\n	<li style="text-align:justify">Proficiency in computer skills and Microsoft Word</li>\r\n	<li style="text-align:justify">Skillful in internet-related activities: search engines, emails, and websites, to name but a few</li>\r\n	<li style="text-align:justify">Ability to work effectively as part of a team within the Education Service</li>\r\n	<li style="text-align:justify">Able to work under pressure and remain calm in stressful situations</li>\r\n</ul>\r\n\r\n<p dir="ltr" style="text-align:justify">&nbsp;</p>\r\n\r\n<p dir="ltr" style="text-align:justify"><strong>Publications:</strong></p>\r\n\r\n<ul dir="ltr">\r\n	<li style="text-align:justify">Khademolmelle, A. (2011), TOEFL Writing Success: Integrated and Independent. Tehran: Nask Publications.</li>\r\n	<li style="text-align:justify">Khademolmelle, A. (2012), TOEFL Writing Success 2<sup>nd</sup> Edition. Tehran: Nask Publications.</li>\r\n	<li style="text-align:justify">Khademolmelle, A. (2013), TOEFL Writing Success 3<sup>rd</sup> Edition. Tehran: Jangal Publications.</li>\r\n	<li style="text-align:justify">Khademolmelle, A. (2015), TOEFL Writing Success 4<sup>th</sup> Edition. Tehran: Jangal Publications.</li>\r\n</ul>\r\n\r\n<p dir="ltr" style="text-align:justify">&nbsp;</p>\r\n\r\n<p dir="ltr" style="text-align:justify"><strong>Compiled Pamphlets:</strong></p>\r\n\r\n<ul dir="ltr">\r\n	<li style="text-align:justify">Pamphlet for Translation English &lt;&gt; Farsi / Persian</li>\r\n	<li style="text-align:justify">Pamphlet for TOEFL iBT Writing</li>\r\n	<li style="text-align:justify">Pamphlet for TOEFL PBT</li>\r\n	<li style="text-align:justify">Pamphlet for Phd TOEFL</li>\r\n	<li style="text-align:justify">Pamphlet for General IELTS Writing</li>\r\n	<li style="text-align:justify">Pamphlet for Academic IELTS Writing</li>\r\n	<li style="text-align:justify">Pamphlet for TOEFL Reading</li>\r\n</ul>\r\n\r\n<p dir="ltr" style="text-align:justify">&nbsp;</p>\r\n\r\n<p dir="ltr" style="text-align:justify"><strong>Hobbies:</strong></p>\r\n\r\n<ul>\r\n	<li dir="ltr" style="text-align:justify">Sports: Soccer, chess, table tennis, swimming</li>\r\n	<li dir="ltr" style="text-align:justify">Leisure: Reading novels, listening to music, watching movies</li>\r\n</ul>\r\n', '{"0":{"value":"http:\\/\\/facebook.com\\/amir.khadem.18"},"1":{"value":"http:\\/\\/twitter.com\\/khadem8234a"},"3":{"title":"academia.edu","value":"https:\\/\\/atu-ir.academia.edu\\/amirkhademolmele"},"4":{"title":"\\u0644\\u06cc\\u0646\\u06a9\\u062f \\u0627\\u06cc\\u0646","value":"https:\\/\\/www.linkedin.com\\/in\\/amir-khadem-23b88333"}}', '09122341201', 'خیابان شهید بهشتی، خیابان قائم مقام فراهانی (سرافراز)، کوچه دهم، پلاک 9، واحد 1\r\nتلفن: 88736668، 88730902، 88730902.\r\n', 'mxF6B1461063217.pdf'),
(34, 'YmXYA1461257443.jpg', 'حمید', 'شهیری', 'کارشناسی ارشد', '<p>ی</p>\r\n', NULL, '09123493375', 'تهران - خیابان مفتح جنوبی - خیابان سمیه شرقی - ساختمان خاقانی - پ. 83 - بلوک شرقی - ط. دوم', NULL),
(41, 'fLzep1463429585.jpg', 'حسین', 'خضرلو', 'کارشناسی ارشد', '<p dir="ltr" style="text-align:center"><strong>Hossein Khezerlou</strong></p>\r\n\r\n<p dir="ltr" style="text-align:center">&nbsp;Curriculum Vitae: May 2016</p>\r\n\r\n<table align="left" border="1" cellpadding="1" cellspacing="1" style="width:500px">\r\n	<tbody>\r\n		<tr>\r\n			<td>\r\n			<p dir="ltr"><strong>Phone:</strong> 09123176412</p>\r\n			</td>\r\n			<td>\r\n			<p dir="ltr"><strong>E-mail: </strong>&nbsp;&nbsp;&nbsp;&nbsp;<a href="mailto:amirhosseinkhezerlou@gmail.com">amirhosseinkhezerlou@gmail.com</a></p>\r\n\r\n			<p dir="ltr">&nbsp;&nbsp;&nbsp;&nbsp;&nbsp;&nbsp;&nbsp;&nbsp;&nbsp;&nbsp;&nbsp;&nbsp;&nbsp;&nbsp;&nbsp;&nbsp;&nbsp;<u>ibr@livealiveu.com</u></p>\r\n			</td>\r\n		</tr>\r\n	</tbody>\r\n</table>\r\n\r\n<p>&nbsp;</p>\r\n\r\n<p dir="ltr" style="text-align:center">&nbsp;</p>\r\n\r\n<p dir="ltr" style="text-align:center">&nbsp;</p>\r\n\r\n<p dir="ltr" style="text-align:justify">&nbsp;</p>\r\n\r\n<p dir="ltr" style="text-align:justify"><strong>Teaching Objective </strong>&hellip;&hellip;&hellip;&hellip;.&hellip;&hellip;&hellip;&hellip;&hellip;&hellip;&hellip;&hellip;&hellip;&hellip;&hellip;&hellip;&hellip;&hellip;&hellip;&hellip;&hellip;&hellip;&hellip;&hellip;&hellip;&hellip;&hellip;&hellip;&hellip;&hellip;&hellip;&hellip;&hellip;&hellip;&hellip;&hellip;&hellip;&hellip;</p>\r\n\r\n<p dir="ltr" style="margin-left:14.2pt; text-align:justify">Teaching is the best way of learning. I always enjoy learning. Moreover, teaching is a way to have a connection with the society in an academic and friendly manner, I think. I am interested in social improvement. Being a teacher, I can effect this improvement, I hope.</p>\r\n\r\n<p dir="ltr" style="text-align:justify">&nbsp;</p>\r\n\r\n<p dir="ltr" style="text-align:justify"><strong>Education</strong> &hellip;&hellip;&hellip;&hellip;&hellip;&hellip;&hellip;&hellip;&hellip;&hellip;&hellip;&hellip;&hellip;&hellip;&hellip;&hellip;&hellip;&hellip;&hellip;&hellip;&hellip;&hellip;&hellip;&hellip;&hellip;&hellip;&hellip;&hellip;&hellip;&hellip;&hellip;&hellip;&hellip;&hellip;&hellip;&hellip;&hellip;&hellip;&hellip;&hellip;&hellip;&hellip;&hellip;&hellip;&hellip;&hellip;&hellip;&hellip;&hellip;&hellip;&hellip;............................</p>\r\n\r\n<table border="0" cellpadding="0" cellspacing="0" dir="ltr">\r\n	<tbody>\r\n		<tr>\r\n			<td style="width:133px">\r\n			<p style="text-align:justify"><strong>Master of Arts</strong></p>\r\n			</td>\r\n			<td style="width:95px">\r\n			<p style="text-align:justify">2008 &ndash; 2010</p>\r\n			</td>\r\n			<td style="width:492px">\r\n			<p style="text-align:justify">Applied Linguistics (TEFL), The University of Zanjan, Zanjan, Iran.</p>\r\n\r\n			<p style="text-align:justify">Thesis:<em> Politeness In Iran: Refusal Strategies Among Male Speakers Of Farsi. </em>Supervisor:<em> Dr. Ataolla Maleki</em></p>\r\n\r\n			<p style="text-align:justify">&nbsp;</p>\r\n			</td>\r\n		</tr>\r\n		<tr>\r\n			<td style="width:133px">\r\n			<p style="text-align:justify"><strong>Bachelor of Arts</strong></p>\r\n			</td>\r\n			<td style="width:95px">\r\n			<p style="text-align:justify">2001 &ndash; 2006</p>\r\n			</td>\r\n			<td style="width:492px">\r\n			<p style="text-align:justify">English Translation, The University of Payame-Noor, Shahriar Branch, Tehran, Iran.</p>\r\n			</td>\r\n		</tr>\r\n	</tbody>\r\n</table>\r\n\r\n<p dir="ltr" style="text-align:justify">&nbsp;</p>\r\n\r\n<p dir="ltr" style="text-align:justify"><strong>Community Service</strong> &hellip;&hellip;&hellip;&hellip;&hellip;&hellip;&hellip;&hellip;&hellip;&hellip;&hellip;&hellip;&hellip;&hellip;&hellip;&hellip;&hellip;&hellip;&hellip;&hellip;&hellip;&hellip;&hellip;&hellip;&hellip;&hellip;&hellip;&hellip;&hellip;&hellip;&hellip;&hellip;&hellip;&hellip;&hellip;&hellip;&hellip;&hellip;&hellip;&hellip;&hellip;&hellip;&hellip;&hellip;&hellip;&hellip;&hellip;&hellip;&hellip;&hellip;&hellip;&hellip;...</p>\r\n\r\n<table border="1" cellpadding="0" cellspacing="0" dir="ltr">\r\n	<tbody>\r\n		<tr>\r\n			<td style="width:104px">\r\n			<p style="text-align:justify">1996 &ndash; 2013</p>\r\n			</td>\r\n			<td style="width:596px">\r\n			<p style="text-align:justify">Nasr Factory, Tehran, Iran</p>\r\n\r\n			<ul>\r\n				<li style="text-align:justify"><em>Post: English Translator (2004 &ndash; 2013)</em></li>\r\n				<li style="text-align:justify"><em>Post: Office Worker (1996 &ndash; 2004)</em></li>\r\n			</ul>\r\n\r\n			<p style="text-align:justify">&nbsp;</p>\r\n			</td>\r\n		</tr>\r\n		<tr>\r\n			<td style="width:104px">\r\n			<p style="text-align:justify">2013 &ndash; Present</p>\r\n			</td>\r\n			<td style="width:596px">\r\n			<p style="text-align:justify">Imam Ali University, Tehran, Iran</p>\r\n\r\n			<ul>\r\n				<li style="text-align:justify"><em>Post: University Lecturer (2013 &ndash; Present)</em></li>\r\n			</ul>\r\n\r\n			<p style="text-align:justify">&nbsp;</p>\r\n			</td>\r\n		</tr>\r\n	</tbody>\r\n</table>\r\n\r\n<p dir="ltr" style="text-align:justify">&nbsp;</p>\r\n\r\n<p dir="ltr" style="text-align:justify"><strong>Teaching Experience</strong> &hellip;&hellip;&hellip;&hellip;&hellip;&hellip;&hellip;&hellip;&hellip;&hellip;&hellip;&hellip;&hellip;&hellip;&hellip;&hellip;&hellip;&hellip;&hellip;&hellip;&hellip;&hellip;&hellip;&hellip;&hellip;&hellip;&hellip;&hellip;&hellip;&hellip;&hellip;&hellip;&hellip;&hellip;&hellip;&hellip;&hellip;&hellip;&hellip;&hellip;&hellip;&hellip;&hellip;&hellip;&hellip;&hellip;&hellip;&hellip;&hellip;&hellip;&hellip;&hellip;</p>\r\n\r\n<table border="1" cellpadding="0" cellspacing="0" dir="ltr">\r\n	<tbody>\r\n		<tr>\r\n			<td style="width:104px">\r\n			<p style="text-align:justify">2013 - Present</p>\r\n			</td>\r\n			<td style="width:595px">\r\n			<p style="text-align:justify">Sharif University of Technology, Tehran, Iran</p>\r\n\r\n			<ul>\r\n				<li style="text-align:justify"><em>Post: University Lecturer</em></li>\r\n				<li style="text-align:justify"><em>Courses Taught:</em>\r\n				<ul style="list-style-type:circle">\r\n					<li><em>General English (Active Skills for Reading: Book 4)</em></li>\r\n					<li><em>Technical English for Mechanical Engineering Students (Personal Pamphlet)</em></li>\r\n					<li><em>Technical English for Electrical Engineering Students (Personal Pamphlet)</em></li>\r\n				</ul>\r\n				</li>\r\n			</ul>\r\n\r\n			<p style="text-align:justify">&nbsp;</p>\r\n			</td>\r\n		</tr>\r\n		<tr>\r\n			<td style="width:104px">\r\n			<p style="text-align:justify">2010 - Present</p>\r\n			</td>\r\n			<td style="width:595px">\r\n			<p style="text-align:justify"><em>Private classes:</em></p>\r\n\r\n			<ul>\r\n				<li style="text-align:justify"><em>IELTS (Four Skills); (Personal Pamphlet, Cambridge Practice Tests for IELTS: 4 -10)</em></li>\r\n				<li style="text-align:justify"><em>TOEFL (Four Skills); (Personal Pamphlet, Barron&rsquo;s, Longman&rsquo;s, ETS&rsquo;s)</em></li>\r\n				<li style="text-align:justify"><em>GRE (Verbal, Writing); (Personal Pamphlet, Barron&rsquo;s, ETS&rsquo;s, Manhattan&rsquo;s, Princeton&rsquo;s)</em></li>\r\n				<li style="text-align:justify"><em>MSRT/MCHE English Exam (Personal Pamphlet, Sample Questions)</em></li>\r\n			</ul>\r\n\r\n			<p style="text-align:justify">&nbsp;</p>\r\n			</td>\r\n		</tr>\r\n		<tr>\r\n			<td style="width:104px">\r\n			<p style="text-align:justify">2011 - 2014</p>\r\n			</td>\r\n			<td style="width:595px">\r\n			<p style="text-align:justify">Tehran Oxford Language Center (Diako), Tehran, Iran.</p>\r\n\r\n			<ul>\r\n				<li style="text-align:justify"><em>Post: English Instructor (General English Classes, Free Discussion Classes, Pre-IELTS and IELTS Classes)</em></li>\r\n				<li style="text-align:justify"><em>Books Taught:</em>\r\n				<ul style="list-style-type:circle">\r\n					<li><em>General (Landmarks, English Results, Smart Choices, In Englishes)</em></li>\r\n					<li><em>IELTS (Institute&rsquo;s Pamphlet, Personal Pamphlet, Focus on IELTS, Barron&rsquo;s, New Insights into IELTS, Kaplan, Cambridge Practice Tests for IELTS: 4 - 8)</em></li>\r\n				</ul>\r\n				</li>\r\n			</ul>\r\n\r\n			<p style="text-align:justify">&nbsp;</p>\r\n			</td>\r\n		</tr>\r\n		<tr>\r\n			<td style="width:104px">\r\n			<p style="text-align:justify">2012 - 2013</p>\r\n			</td>\r\n			<td style="width:595px">\r\n			<p style="text-align:justify">Sokhan Language Institute, Tehran, Iran.</p>\r\n\r\n			<ul>\r\n				<li style="text-align:justify"><em>Post: English Instructor (IELTS 1 and 2)</em></li>\r\n				<li style="text-align:justify"><em>Books Taught:</em>\r\n				<ul style="list-style-type:circle">\r\n					<li><em>IELTS (Personal Pamphlet, Focus on IELTS, New Insights into IELTS, Cambridge Practice Tests for IELTS: 4 - 8)</em></li>\r\n				</ul>\r\n				</li>\r\n			</ul>\r\n\r\n			<p style="text-align:justify">&nbsp;</p>\r\n			</td>\r\n		</tr>\r\n		<tr>\r\n			<td style="width:104px">\r\n			<p style="text-align:justify">2012 - 2013</p>\r\n			</td>\r\n			<td style="width:595px">\r\n			<p style="text-align:justify">Silverline Language Institute, Tehran, Iran.</p>\r\n\r\n			<ul>\r\n				<li style="text-align:justify"><em>Post: IELTS and TOEFL Supervisor, English Instructor</em></li>\r\n				<li style="text-align:justify"><em>Books Taught:</em>\r\n				<ul style="list-style-type:circle">\r\n					<li><em>General (Waystages, KET exam pamphlet)</em></li>\r\n					<li><em>IELTS (Institute&rsquo;s Pamphlet, Personal Pamphlet, Focus on IELTS, Barron&rsquo;s, New Insights into IELTS, Kaplan, Cambridge Practice Tests for IELTS: 4 - 7)</em></li>\r\n				</ul>\r\n				</li>\r\n			</ul>\r\n\r\n			<p style="text-align:justify">&nbsp;</p>\r\n			</td>\r\n		</tr>\r\n		<tr>\r\n			<td style="width:104px">\r\n			<p style="text-align:justify">2010 &ndash; 2011</p>\r\n			</td>\r\n			<td style="width:595px">\r\n			<p style="text-align:justify">Iran Canada Language Institute, Tehran, Iran.</p>\r\n\r\n			<ul>\r\n				<li style="text-align:justify"><em>Post: English Instructor</em></li>\r\n				<li style="text-align:justify"><em>Books Taught:</em>\r\n				<ul style="list-style-type:circle">\r\n					<li><em>General (Top Notches, Summits)</em></li>\r\n				</ul>\r\n				</li>\r\n			</ul>\r\n\r\n			<p style="text-align:justify">&nbsp;</p>\r\n			</td>\r\n		</tr>\r\n		<tr>\r\n			<td style="width:104px">\r\n			<p style="text-align:justify">2006 &ndash; 2011</p>\r\n			</td>\r\n			<td style="width:595px">\r\n			<p style="text-align:justify">Danesh Mazid Language Institute, Tehran, Iran.</p>\r\n\r\n			<ul>\r\n				<li style="text-align:justify"><em>Post: English Instructor</em></li>\r\n				<li style="text-align:justify"><em>Books Taught: </em>\r\n				<ul style="list-style-type:circle">\r\n					<li><em>General (Interchanges, Passages, Tactics for Listening)</em></li>\r\n					<li><em>IELTS (Personal Pamphlet, IELTS Masterclass, Barrons, Objective IELTS, Kaplan, Cambridge Practice Tests for IELTS: 4 - 7)</em></li>\r\n					<li><em>TOEFL PBT, iBT (Personal Pamphlet, Longman, Barron&rsquo;s, Delta, Cambridge)</em></li>\r\n				</ul>\r\n				</li>\r\n			</ul>\r\n\r\n			<p style="text-align:justify">&nbsp;</p>\r\n			</td>\r\n		</tr>\r\n	</tbody>\r\n</table>\r\n\r\n<p dir="ltr" style="text-align:justify">&nbsp;</p>\r\n\r\n<p dir="ltr" style="text-align:justify"><strong>Academic Affiliation</strong> &hellip;&hellip;&hellip;&hellip;&hellip;&hellip;&hellip;&hellip;&hellip;&hellip;&hellip;&hellip;&hellip;&hellip;&hellip;&hellip;&hellip;&hellip;&hellip;&hellip;&hellip;&hellip;&hellip;&hellip;&hellip;&hellip;&hellip;&hellip;&hellip;&hellip;&hellip;&hellip;&hellip;&hellip;&hellip;&hellip;&hellip;&hellip;&hellip;&hellip;&hellip;&hellip;&hellip;&hellip;&hellip;&hellip;&hellip;&hellip;&hellip;&hellip;&hellip;&hellip;.</p>\r\n\r\n<table border="1" cellpadding="0" cellspacing="0" dir="ltr">\r\n	<tbody>\r\n		<tr>\r\n			<td style="width:133px">\r\n			<p style="text-align:justify">2010 &ndash; Present</p>\r\n			</td>\r\n			<td style="width:567px">\r\n			<p style="text-align:justify">Teaching English Language and Literature Society&nbsp; of Iran (TELLSI)</p>\r\n\r\n			<p style="text-align:justify">&nbsp;</p>\r\n			</td>\r\n		</tr>\r\n		<tr>\r\n			<td style="width:133px">\r\n			<p style="text-align:justify">2010 &ndash; Present</p>\r\n			</td>\r\n			<td style="width:567px">\r\n			<p style="text-align:justify">Linguistics Society of Iran (ISI)</p>\r\n\r\n			<p style="text-align:justify">&nbsp;</p>\r\n			</td>\r\n		</tr>\r\n	</tbody>\r\n</table>\r\n\r\n<p dir="ltr" style="text-align:justify">&nbsp;</p>\r\n\r\n<p dir="ltr" style="text-align:justify"><strong>Other Working Experiences </strong>&hellip;&hellip;&hellip;&hellip;&hellip;&hellip;&hellip;&hellip;&hellip;&hellip;&hellip;&hellip;&hellip;&hellip;&hellip;&hellip;&hellip;&hellip;&hellip;&hellip;&hellip;&hellip;&hellip;&hellip;&hellip;&hellip;&hellip;&hellip;&hellip;&hellip;&hellip;&hellip;&hellip;&hellip;&hellip;&hellip;&hellip;&hellip;&hellip;&hellip;&hellip;&hellip;&hellip;&hellip;&hellip;&hellip;&hellip;...</p>\r\n\r\n<table border="1" cellpadding="0" cellspacing="0" dir="ltr">\r\n	<tbody>\r\n		<tr>\r\n			<td style="width:133px">\r\n			<p style="text-align:justify">2015 &ndash; Present</p>\r\n			</td>\r\n			<td style="width:567px">\r\n			<p style="text-align:justify"><em>International Business Relations</em> in Samar Ara Qeshm Company.</p>\r\n\r\n			<p style="text-align:justify">&nbsp;</p>\r\n			</td>\r\n		</tr>\r\n		<tr>\r\n			<td style="width:133px">\r\n			<p style="text-align:justify">2015 - Present</p>\r\n			</td>\r\n			<td style="width:567px">\r\n			<p style="text-align:justify"><em>Scientific Article Editing</em></p>\r\n			</td>\r\n		</tr>\r\n	</tbody>\r\n</table>\r\n\r\n<p dir="ltr" style="text-align:justify">&nbsp;</p>\r\n\r\n<p dir="ltr" style="text-align:justify">&nbsp;</p>\r\n', NULL, '09123176412', '', 'JKsLB1463825435.pdf'),
(73, '4956U1463240087.jpg', 'وحید', 'ایزدی فر', 'کارشناسی ارشد', '<p dir="ltr">Name:&nbsp;&nbsp;&nbsp;&nbsp;&nbsp;&nbsp;&nbsp;&nbsp;&nbsp;&nbsp;&nbsp;&nbsp;&nbsp;&nbsp;&nbsp;&nbsp;&nbsp;&nbsp;&nbsp;&nbsp;&nbsp;&nbsp;&nbsp;&nbsp;&nbsp;&nbsp;&nbsp;&nbsp;&nbsp;&nbsp;&nbsp;&nbsp;&nbsp;&nbsp;&nbsp; &nbsp;&nbsp;&nbsp;&nbsp;&nbsp;&nbsp;&nbsp;&nbsp;&nbsp;&nbsp;&nbsp;&nbsp;&nbsp;&nbsp;&nbsp;&nbsp;&nbsp;&nbsp;&nbsp;&nbsp; Vahid Izadifar</p>\r\n\r\n<p dir="ltr">Date of birth:&nbsp;&nbsp;&nbsp;&nbsp;&nbsp;&nbsp;&nbsp;&nbsp;&nbsp;&nbsp;&nbsp;&nbsp;&nbsp;&nbsp;&nbsp;&nbsp;&nbsp;&nbsp;&nbsp;&nbsp;&nbsp;&nbsp;&nbsp;&nbsp;&nbsp;&nbsp;&nbsp; &nbsp;&nbsp;&nbsp;&nbsp;&nbsp;&nbsp;&nbsp;&nbsp;&nbsp;&nbsp;&nbsp;&nbsp;&nbsp;&nbsp;&nbsp;&nbsp;&nbsp;&nbsp;Jun, 18<sup>th</sup>, 1989</p>\r\n\r\n<p dir="ltr">Nationality:&nbsp;&nbsp;&nbsp;&nbsp;&nbsp;&nbsp;&nbsp;&nbsp;&nbsp;&nbsp;&nbsp;&nbsp;&nbsp;&nbsp;&nbsp;&nbsp;&nbsp;&nbsp;&nbsp;&nbsp;&nbsp;&nbsp;&nbsp;&nbsp;&nbsp;&nbsp;&nbsp;&nbsp;&nbsp;&nbsp;&nbsp;&nbsp; &nbsp;&nbsp;&nbsp;&nbsp;&nbsp;&nbsp;&nbsp;&nbsp;&nbsp;&nbsp;&nbsp;&nbsp;&nbsp;&nbsp;&nbsp;&nbsp;Iranian</p>\r\n\r\n<p dir="ltr">Marital Status: &nbsp; &nbsp; &nbsp; &nbsp; &nbsp; &nbsp; &nbsp; &nbsp; &nbsp; &nbsp; &nbsp; &nbsp; &nbsp; &nbsp; &nbsp; &nbsp; &nbsp; &nbsp; &nbsp; &nbsp; &nbsp; &nbsp;Married</p>\r\n\r\n<p dir="ltr">Language:&nbsp;&nbsp;&nbsp;&nbsp;&nbsp;&nbsp;&nbsp;&nbsp;&nbsp;&nbsp;&nbsp;&nbsp;&nbsp;&nbsp;&nbsp;&nbsp;&nbsp;&nbsp;&nbsp;&nbsp;&nbsp;&nbsp;&nbsp;&nbsp;&nbsp;&nbsp;&nbsp;&nbsp;&nbsp;&nbsp;&nbsp;&nbsp;&nbsp;&nbsp;&nbsp; &nbsp;&nbsp;&nbsp;&nbsp;&nbsp;&nbsp;&nbsp; &nbsp; &nbsp; &nbsp; Persian, English, Arabic</p>\r\n\r\n<p dir="ltr">Telephone:&nbsp;&nbsp;&nbsp;&nbsp;&nbsp;&nbsp;&nbsp;&nbsp;&nbsp;&nbsp;&nbsp;&nbsp;&nbsp;&nbsp;&nbsp;&nbsp;&nbsp;&nbsp;&nbsp;&nbsp;&nbsp;&nbsp;&nbsp;&nbsp;&nbsp;&nbsp;&nbsp;&nbsp;&nbsp;&nbsp;&nbsp;&nbsp;&nbsp; &nbsp;&nbsp;&nbsp;&nbsp;&nbsp;&nbsp;&nbsp;&nbsp;&nbsp;&nbsp;&nbsp;&nbsp;&nbsp;&nbsp;&nbsp;09351626124</p>\r\n\r\n<p dir="ltr">E-mail:&nbsp;&nbsp;&nbsp;&nbsp;&nbsp;&nbsp;&nbsp;&nbsp;&nbsp;&nbsp;&nbsp;&nbsp;&nbsp;&nbsp;&nbsp;&nbsp;&nbsp;&nbsp;&nbsp;&nbsp;&nbsp;&nbsp;&nbsp;&nbsp;&nbsp;&nbsp; &nbsp;&nbsp;&nbsp;&nbsp;&nbsp;&nbsp;&nbsp;&nbsp;&nbsp;&nbsp;&nbsp;&nbsp;&nbsp;&nbsp;&nbsp;&nbsp;&nbsp;&nbsp;&nbsp;&nbsp;&nbsp;&nbsp;&nbsp;&nbsp;&nbsp; &nbsp; &nbsp;<a href="mailto:izadifarvahid@gmail.com">izadifarvahid@gmail.com</a></p>\r\n\r\n<p dir="ltr">&nbsp;</p>\r\n\r\n<p dir="ltr"><strong>Education:</strong></p>\r\n\r\n<p dir="ltr">2012-2014&nbsp;&nbsp;&nbsp;&nbsp;&nbsp;&nbsp;&nbsp;&nbsp;&nbsp;&nbsp;&nbsp;&nbsp;&nbsp;&nbsp;&nbsp;&nbsp;&nbsp;&nbsp;&nbsp;&nbsp;&nbsp;&nbsp;&nbsp;&nbsp;&nbsp;&nbsp;&nbsp;&nbsp;&nbsp;&nbsp; &nbsp;&nbsp;&nbsp;&nbsp;&nbsp;&nbsp;&nbsp;&nbsp;&nbsp;&nbsp;&nbsp;&nbsp;&nbsp;&nbsp;&nbsp;&nbsp;&nbsp;&nbsp;Allameh Tabataba&rsquo;i University</p>\r\n\r\n<p dir="ltr">&nbsp;&nbsp;&nbsp;&nbsp;&nbsp;&nbsp;&nbsp;&nbsp;&nbsp;&nbsp;&nbsp;&nbsp;&nbsp;&nbsp;&nbsp;&nbsp;&nbsp;&nbsp;&nbsp;&nbsp;&nbsp;&nbsp;&nbsp;&nbsp;&nbsp;&nbsp;&nbsp;&nbsp;&nbsp;&nbsp;&nbsp;&nbsp;&nbsp;&nbsp;&nbsp;&nbsp;&nbsp;&nbsp;&nbsp;&nbsp;&nbsp;&nbsp;&nbsp;&nbsp;&nbsp;&nbsp;&nbsp;&nbsp;&nbsp;&nbsp;&nbsp;&nbsp;&nbsp;&nbsp; &nbsp;&nbsp;&nbsp;&nbsp;&nbsp;&nbsp;&nbsp;&nbsp;&nbsp;&nbsp;&nbsp;&nbsp;&nbsp;&nbsp;&nbsp;&nbsp;&nbsp;&nbsp;&nbsp;&nbsp;&nbsp;&nbsp;&nbsp;&nbsp;&nbsp;&nbsp;&nbsp;&nbsp;[Tehran, Iran]</p>\r\n\r\n<p dir="ltr">&nbsp;&nbsp;&nbsp;&nbsp;&nbsp;&nbsp;&nbsp;&nbsp;&nbsp;&nbsp;&nbsp;&nbsp;&nbsp;&nbsp;&nbsp;&nbsp;&nbsp;&nbsp;&nbsp;&nbsp;&nbsp;&nbsp;&nbsp;&nbsp;&nbsp;&nbsp;&nbsp;&nbsp;&nbsp;&nbsp;&nbsp;&nbsp;&nbsp;&nbsp;&nbsp;&nbsp;&nbsp;&nbsp;&nbsp;&nbsp;&nbsp;&nbsp;&nbsp;&nbsp;&nbsp;&nbsp;&nbsp;&nbsp;&nbsp;&nbsp;&nbsp;&nbsp;&nbsp;&nbsp;&nbsp; &nbsp;&nbsp;&nbsp;&nbsp;&nbsp;&nbsp;&nbsp;&nbsp;&nbsp;&nbsp;&nbsp;&nbsp;&nbsp;&nbsp;&nbsp;&nbsp;&nbsp;&nbsp;&nbsp;&nbsp;&nbsp;&nbsp;&nbsp;&nbsp;&nbsp;&nbsp;&nbsp;&nbsp;&nbsp;&nbsp;M.A. TEFL</p>\r\n\r\n<p dir="ltr">2008-2012&nbsp;&nbsp;&nbsp;&nbsp;&nbsp;&nbsp;&nbsp;&nbsp;&nbsp;&nbsp;&nbsp;&nbsp;&nbsp;&nbsp;&nbsp;&nbsp;&nbsp;&nbsp;&nbsp;&nbsp;&nbsp;&nbsp;&nbsp;&nbsp;&nbsp;&nbsp;&nbsp;&nbsp;&nbsp;&nbsp; &nbsp;&nbsp;&nbsp;&nbsp;&nbsp;&nbsp;&nbsp;&nbsp;&nbsp;&nbsp;&nbsp;&nbsp;&nbsp;&nbsp;&nbsp;&nbsp;&nbsp;Chabahar Maritime University</p>\r\n\r\n<p dir="ltr">&nbsp;&nbsp;&nbsp;&nbsp;&nbsp;&nbsp;&nbsp;&nbsp;&nbsp;&nbsp;&nbsp;&nbsp;&nbsp;&nbsp;&nbsp;&nbsp;&nbsp;&nbsp;&nbsp;&nbsp;&nbsp;&nbsp;&nbsp;&nbsp;&nbsp;&nbsp;&nbsp;&nbsp;&nbsp;&nbsp; &nbsp;&nbsp;&nbsp;&nbsp;&nbsp;&nbsp;&nbsp;&nbsp;&nbsp;&nbsp;&nbsp;&nbsp;&nbsp;&nbsp;&nbsp;&nbsp;&nbsp;&nbsp;&nbsp;&nbsp;&nbsp;&nbsp;&nbsp;&nbsp;&nbsp;&nbsp;&nbsp;&nbsp;&nbsp;&nbsp;&nbsp;&nbsp;&nbsp;&nbsp;&nbsp;&nbsp;&nbsp;&nbsp;&nbsp;&nbsp;&nbsp;&nbsp;&nbsp;&nbsp;&nbsp;&nbsp;&nbsp;&nbsp;&nbsp;&nbsp;&nbsp;[Chabahar, Iran]</p>\r\n\r\n<p dir="ltr">&nbsp;&nbsp;&nbsp;&nbsp;&nbsp;&nbsp;&nbsp;&nbsp;&nbsp;&nbsp;&nbsp;&nbsp;&nbsp;&nbsp;&nbsp;&nbsp;&nbsp;&nbsp;&nbsp;&nbsp;&nbsp;&nbsp;&nbsp;&nbsp;&nbsp;&nbsp;&nbsp;&nbsp;&nbsp;&nbsp;&nbsp;&nbsp;&nbsp;&nbsp;&nbsp;&nbsp;&nbsp;&nbsp;&nbsp;&nbsp;&nbsp;&nbsp;&nbsp;&nbsp;&nbsp;&nbsp;&nbsp;&nbsp;&nbsp;&nbsp;&nbsp;&nbsp;&nbsp;&nbsp;&nbsp;&nbsp; &nbsp;&nbsp;&nbsp;&nbsp;&nbsp;&nbsp;&nbsp;&nbsp;&nbsp;&nbsp;&nbsp;&nbsp;&nbsp;&nbsp;&nbsp;&nbsp;&nbsp;&nbsp;&nbsp;B.A Translation Studies</p>\r\n\r\n<p dir="ltr">&nbsp;</p>\r\n\r\n<p dir="ltr"><strong>Job Experience:</strong></p>\r\n\r\n<table border="1" cellpadding="0" cellspacing="0" dir="ltr">\r\n	<tbody>\r\n		<tr>\r\n			<td style="width:85px">\r\n			<p>&nbsp;2012-2015</p>\r\n			</td>\r\n			<td style="width:246px">\r\n			<p>&nbsp;Safa Language Center (SLC)</p>\r\n\r\n			<p>&nbsp;&nbsp;&nbsp;&nbsp;&nbsp;&nbsp;&nbsp;&nbsp;&nbsp;&nbsp;&nbsp;&nbsp;&nbsp; [Tehran, Iran]</p>\r\n\r\n			<p>&nbsp;&nbsp;&nbsp;&nbsp;&nbsp;&nbsp;&nbsp;&nbsp;&nbsp;&nbsp;&nbsp;&nbsp;&nbsp;&nbsp;&nbsp; 6 Branches</p>\r\n			</td>\r\n			<td style="width:293px">\r\n			<p>&nbsp;Instructor, Teacher trainer, Supervisor</p>\r\n\r\n			<p>&nbsp;</p>\r\n			</td>\r\n		</tr>\r\n		<tr>\r\n			<td style="width:85px">\r\n			<p>&nbsp;2013-2015</p>\r\n			</td>\r\n			<td style="width:246px">\r\n			<p>&nbsp;Nasim Language Center (NLC)</p>\r\n\r\n			<p>&nbsp;&nbsp;&nbsp;&nbsp;&nbsp;&nbsp;&nbsp;&nbsp;&nbsp;&nbsp;&nbsp;&nbsp;&nbsp;&nbsp;&nbsp; [Karaj, Iran]</p>\r\n			</td>\r\n			<td style="width:293px">\r\n			<p>&nbsp;Instructor, Teacher trainer, Supervisor</p>\r\n			</td>\r\n		</tr>\r\n		<tr>\r\n			<td style="width:85px">\r\n			<p>&nbsp;2012-present</p>\r\n			</td>\r\n			<td style="width:246px">\r\n			<p>&nbsp;Marefat Language Academy (MLA)</p>\r\n\r\n			<p>&nbsp;&nbsp;&nbsp;&nbsp;&nbsp;&nbsp;&nbsp;&nbsp;&nbsp;&nbsp;&nbsp;&nbsp;&nbsp;&nbsp;&nbsp; [Karaj, Iran]</p>\r\n			</td>\r\n			<td style="width:293px">\r\n			<p>&nbsp;Instructor, Teacher Trainer, Head of YL &nbsp;Department</p>\r\n			</td>\r\n		</tr>\r\n		<tr>\r\n			<td style="width:85px">\r\n			<p>&nbsp;2012-2013</p>\r\n			</td>\r\n			<td style="width:246px">\r\n			<p>&nbsp;Shokouh-e-Andisheh</p>\r\n\r\n			<p>&nbsp;&nbsp;&nbsp;&nbsp;&nbsp;&nbsp;&nbsp;&nbsp;&nbsp;&nbsp;&nbsp;&nbsp;&nbsp;&nbsp; [Tehran, Iran]</p>\r\n			</td>\r\n			<td style="width:293px">\r\n			<p>&nbsp;Instructor, Head Teacher, Test Administrator</p>\r\n			</td>\r\n		</tr>\r\n		<tr>\r\n			<td style="width:85px">\r\n			<p>&nbsp;2012-2013</p>\r\n			</td>\r\n			<td style="width:246px">\r\n			<p>&nbsp;Ertebatat Language Center</p>\r\n\r\n			<p>&nbsp;&nbsp;&nbsp;&nbsp;&nbsp;&nbsp;&nbsp;&nbsp;&nbsp;&nbsp;&nbsp;&nbsp;&nbsp; [Karaj, Iran]</p>\r\n			</td>\r\n			<td style="width:293px">\r\n			<p>&nbsp;Head Teacher, Test Administrator</p>\r\n			</td>\r\n		</tr>\r\n		<tr>\r\n			<td style="width:85px">\r\n			<p>&nbsp;2012-2013</p>\r\n			</td>\r\n			<td style="width:246px">\r\n			<p>&nbsp;Zaban Negar</p>\r\n\r\n			<p>&nbsp;&nbsp;&nbsp;&nbsp;&nbsp;&nbsp;&nbsp;&nbsp;&nbsp;&nbsp;&nbsp;&nbsp;&nbsp;&nbsp; [Tehran, Iran]</p>\r\n			</td>\r\n			<td style="width:293px">\r\n			<p>&nbsp;Instructor</p>\r\n			</td>\r\n		</tr>\r\n	</tbody>\r\n</table>\r\n\r\n<p dir="ltr">&nbsp;</p>\r\n\r\n<p dir="ltr"><strong>Books Taught:</strong></p>\r\n\r\n<p dir="ltr"><strong>General English:</strong></p>\r\n\r\n<table border="1" cellpadding="0" cellspacing="0" dir="ltr">\r\n	<tbody>\r\n		<tr>\r\n			<td style="width:312px">\r\n			<p>&nbsp;Touchstone (1-4)</p>\r\n			</td>\r\n			<td style="width:312px">\r\n			<p>&nbsp;Landmark (upper intermediate &amp; advanced)</p>\r\n			</td>\r\n		</tr>\r\n		<tr>\r\n			<td style="width:312px">\r\n			<p>&nbsp;English result (upper )</p>\r\n			</td>\r\n			<td style="width:312px">\r\n			<p>&nbsp;Headway (starter-5)</p>\r\n			</td>\r\n		</tr>\r\n		<tr>\r\n			<td style="width:312px">\r\n			<p>&nbsp;American English File (1-4)</p>\r\n			</td>\r\n			<td style="width:312px">\r\n			<p>&nbsp;FCE gold</p>\r\n			</td>\r\n		</tr>\r\n		<tr>\r\n			<td style="width:312px">\r\n			<p>&nbsp;Top notch (fundamental- 3B)</p>\r\n			</td>\r\n			<td style="width:312px">\r\n			<p>&nbsp;Connect (1-3)</p>\r\n			</td>\r\n		</tr>\r\n		<tr>\r\n			<td style="width:312px">\r\n			<p>&nbsp;Summit (1&amp;2)</p>\r\n			</td>\r\n			<td style="width:312px">\r\n			<p>&nbsp;CAE result</p>\r\n			</td>\r\n		</tr>\r\n	</tbody>\r\n</table>\r\n\r\n<p dir="ltr">&nbsp;</p>\r\n\r\n<p dir="ltr"><strong>IELTS:</strong></p>\r\n\r\n<table border="1" cellpadding="0" cellspacing="0" dir="ltr">\r\n	<tbody>\r\n		<tr>\r\n			<td style="width:312px">\r\n			<p>&nbsp;Ready for IELTS</p>\r\n			</td>\r\n			<td style="width:312px">\r\n			<p>&nbsp;Writing for IELTS</p>\r\n			</td>\r\n		</tr>\r\n		<tr>\r\n			<td style="width:312px">\r\n			<p>&nbsp;Focus on IELTS</p>\r\n			</td>\r\n			<td style="width:312px">\r\n			<p>&nbsp;Focus on IELTS Reading and Writing</p>\r\n			</td>\r\n		</tr>\r\n		<tr>\r\n			<td style="width:312px">\r\n			<p>&nbsp;Reading for IELTS</p>\r\n			</td>\r\n			<td style="width:312px">\r\n			<p>&nbsp;IELTS Trainer</p>\r\n			</td>\r\n		</tr>\r\n		<tr>\r\n			<td style="width:312px">\r\n			<p>&nbsp;IELTS Objective</p>\r\n			</td>\r\n			<td style="width:312px">\r\n			<p>&nbsp;Focus on IELTS Academic Practice Tests</p>\r\n			</td>\r\n		</tr>\r\n		<tr>\r\n			<td style="width:312px">\r\n			<p>&nbsp;IELTS Test Builder 1 &amp;&nbsp;2</p>\r\n			</td>\r\n			<td style="width:312px">\r\n			<p>&nbsp;IELTS 5-10</p>\r\n			</td>\r\n		</tr>\r\n		<tr>\r\n			<td style="width:312px">\r\n			<p>&nbsp;Achieve IELTS (1 &amp; 2)</p>\r\n			</td>\r\n			<td style="width:312px">\r\n			<p>&nbsp;National Geographic IELTS 1</p>\r\n			</td>\r\n		</tr>\r\n		<tr>\r\n			<td style="width:312px">\r\n			<p>&nbsp;McGraw Hill IELTS 5</p>\r\n			</td>\r\n			<td style="width:312px">\r\n			<p>&nbsp;New Insight into IELTS</p>\r\n			</td>\r\n		</tr>\r\n		<tr>\r\n			<td style="width:312px">\r\n			<p>&nbsp;Barron&rsquo;s Practice Test</p>\r\n			</td>\r\n			<td style="width:312px">\r\n			<p>&nbsp;Improve your IELTS Reading Skills</p>\r\n			</td>\r\n		</tr>\r\n		<tr>\r\n			<td style="width:312px">\r\n			<p>&nbsp;Vocabulary for IELTS</p>\r\n			</td>\r\n			<td style="width:312px">\r\n			<p>&nbsp;Check your English Vocabulary for IELTS</p>\r\n			</td>\r\n		</tr>\r\n		<tr>\r\n			<td style="width:312px">\r\n			<p>&nbsp;Grammar for IELTS</p>\r\n			</td>\r\n			<td style="width:312px">\r\n			<p>&nbsp;IELTS Introduction</p>\r\n			</td>\r\n		</tr>\r\n	</tbody>\r\n</table>\r\n\r\n<p dir="ltr">&nbsp;</p>\r\n\r\n<p dir="ltr"><strong>Under my Supervision:</strong></p>\r\n\r\n<table border="1" cellpadding="0" cellspacing="0" dir="ltr">\r\n	<tbody>\r\n		<tr>\r\n			<td style="width:312px">\r\n			<p>&nbsp;Tiny talk &nbsp;(1-3)</p>\r\n			</td>\r\n			<td style="width:312px">\r\n			<p>&nbsp;Back Pack (Starter-5)</p>\r\n			</td>\r\n		</tr>\r\n		<tr>\r\n			<td style="width:312px">\r\n			<p>&nbsp;Phonics for Kids (1-6)</p>\r\n			</td>\r\n			<td style="width:312px">\r\n			<p>&nbsp;American File (Starter-4)</p>\r\n			</td>\r\n		</tr>\r\n		<tr>\r\n			<td style="width:312px">\r\n			<p>&nbsp;Oxford Phonics</p>\r\n			</td>\r\n			<td style="width:312px">\r\n			<p>&nbsp;Head Way (Starter-5)</p>\r\n			</td>\r\n		</tr>\r\n		<tr>\r\n			<td style="width:312px">\r\n			<p>&nbsp;Magic Time (1&amp;2)</p>\r\n			</td>\r\n			<td style="width:312px">\r\n			<p>&nbsp;Pocket (Little-3)</p>\r\n			</td>\r\n		</tr>\r\n		<tr>\r\n			<td style="width:312px">\r\n			<p>&nbsp;Touch Stone&nbsp; (1-4)</p>\r\n			</td>\r\n			<td style="width:312px">\r\n			<p>&nbsp;Top Notch (Fundamental-3)</p>\r\n			</td>\r\n		</tr>\r\n		<tr>\r\n			<td style="width:312px">\r\n			<p>&nbsp;Get Ready (1 &amp; 2)</p>\r\n			</td>\r\n			<td style="width:312px">\r\n			<p>&nbsp;Happy (House/Street/World/Earth)</p>\r\n			</td>\r\n		</tr>\r\n		<tr>\r\n			<td style="width:312px">\r\n			<p>&nbsp;Summit (1 &amp; 2)</p>\r\n			</td>\r\n			<td style="width:312px">\r\n			<p>&nbsp;Hey There (1-3)</p>\r\n			</td>\r\n		</tr>\r\n		<tr>\r\n			<td style="width:312px">\r\n			<p>&nbsp;Family and Friends (First- 5)</p>\r\n			</td>\r\n			<td style="width:312px">\r\n			<p>&nbsp;</p>\r\n			</td>\r\n		</tr>\r\n	</tbody>\r\n</table>\r\n\r\n<p dir="ltr">&nbsp;</p>\r\n\r\n<p dir="ltr">&nbsp;</p>\r\n', NULL, '09351626124', 'خیابان شهید بهشتی، خیابان قائم مقام فراهانی (سرافراز)، کوچه دهم، پلاک 9، واحد 1', 'sjZ3X1463241188.pdf');

-- --------------------------------------------------------

--
-- Table structure for table `ym_towns`
--

CREATE TABLE IF NOT EXISTS `ym_towns` (
  `id` int(10) unsigned NOT NULL AUTO_INCREMENT COMMENT 'شناسه',
  `name` varchar(100) NOT NULL COMMENT 'عنوان',
  PRIMARY KEY (`id`)
) ENGINE=InnoDB  DEFAULT CHARSET=utf8 COMMENT='استان ها' AUTO_INCREMENT=32 ;

--
-- Dumping data for table `ym_towns`
--

INSERT INTO `ym_towns` (`id`, `name`) VALUES
(1, 'آذربايجان شرقی'),
(2, 'آذربايجان غربی'),
(3, 'اردبيل'),
(4, 'اصفهان'),
(5, 'البرز'),
(6, 'ايلام'),
(7, 'بوشهر'),
(8, 'تهران'),
(9, 'چهارمحال بختياری'),
(10, 'خراسان جنوبی'),
(11, 'خراسان رضوی'),
(12, 'خراسان شمالی'),
(13, 'خوزستان'),
(14, 'زنجان'),
(15, 'سمنان'),
(16, 'سيستان و بلوچستان'),
(17, 'فارس'),
(18, 'قزوين'),
(19, 'قم'),
(20, 'كردستان'),
(21, 'كرمان'),
(22, 'كرمانشاه'),
(23, 'كهكيلويه و بويراحمد'),
(24, 'گلستان'),
(25, 'گيلان'),
(26, 'لرستان'),
(27, 'مازندران'),
(28, 'مركزی'),
(29, 'هرمزگان'),
(30, 'همدان'),
(31, 'يزد');

-- --------------------------------------------------------

--
-- Table structure for table `ym_translations`
--

CREATE TABLE IF NOT EXISTS `ym_translations` (
  `id` int(11) NOT NULL AUTO_INCREMENT,
  `table_name` varchar(100) NOT NULL,
  `model_id` int(11) NOT NULL,
  `attribute` varchar(100) NOT NULL,
  `lang` varchar(6) NOT NULL,
  `value` mediumtext NOT NULL,
  PRIMARY KEY (`id`),
  KEY `attribute` (`attribute`),
  KEY `table_name` (`table_name`)
) ENGINE=InnoDB  DEFAULT CHARSET=utf8 AUTO_INCREMENT=2402 ;

--
-- Dumping data for table `ym_translations`
--

INSERT INTO `ym_translations` (`id`, `table_name`, `model_id`, `attribute`, `lang`, `value`) VALUES
(59, 'ym_pages', 5, 'title', 'en', 'Terms and Privacy'),
(60, 'ym_pages', 5, 'summary', 'en', '<p dir="ltr" style="text-align: justify;">Terms and Policies of Avaye Shahir Institute:</p>\r\n\r\n<ol>\r\n	<li dir="ltr" style="text-align: justify;">Observing Islamic principles &ndash; such as Islamic hijab &ndash; as we as the rules set by Avaye Shahir Institute is mandatory.</li>\r\n	<li dir="ltr" style="text-align: justify;">Observing netiquette (Net etiquette) on the cyber space whether on our site or on our Telegram channel is obligatory.</li>\r\n	<li dir="ltr" style="text-align: justify;">No one - including the teachers, employees, and the clients - is supposed to talk politics in the Institute or on the cyber space provided by the Institute.</li>\r\n	<li dir="ltr" style="text-align: justify;">Under no circumstances is the tuition fee refunded.</li>\r\n	<li dir="ltr" style="text-align: justify;">Having enrollment bill is necessary for your first presence in the class.</li>\r\n	<li dir="ltr" style="text-align: justify;">It is not possible to change the time and the day of the classes unless the teacher and the institute agree to do so and all other classmates agree with it in writing.</li>\r\n	<li dir="ltr" style="text-align: justify;">Using mobile phones throughout the time of the class is prohibited.</li>\r\n	<li dir="ltr" style="text-align: justify;">Before enrolling for a course, read the announcements carefully and then enroll.</li>\r\n	<li dir="ltr" style="text-align: justify;">Please follow the announcements and the news sent to you by means of the site or Telegram channel.</li>\r\n	<li dir="ltr" style="text-align: justify;">Avaye Shahir Institute never asks you to provide your personal information on the phone or through text messages. Please inform the management if such a case happens.</li>\r\n	<li dir="ltr" style="text-align: justify;">Please inform the management about any irregularities in the class or in the Institute.</li>\r\n</ol>\r\n'),
(61, 'ym_pages', 3, 'title', 'en', 'Contact Us'),
(62, 'ym_pages', 3, 'summary', 'en', '<p>asdg</p>\r\n'),
(63, 'ym_pages', 2, 'title', 'en', 'Forum'),
(64, 'ym_pages', 2, 'summary', 'en', ''),
(65, 'ym_pages', 12, 'title', 'en', 'About Us - index page'),
(66, 'ym_pages', 12, 'summary', 'en', '<p dir="ltr" style="text-align: justify;">The integration of academic studies and years of translating and teaching at all levels - from 1381 up to now - in prestigious institutions and universities such as University of Applied Science and Technology; Iranian Academic Center for Education, Culture, and Research; and Sharif University of Technology, to name but a few, culminated in the establishment of Avaye Shahir Cultural &amp; Educational Institute in 1394, which is active in such fields as arts, science, and culture in general and different languages in particular. Thanks to the years of academic research and teaching experience of its learned instructors in the field of the English Language, Avaye Shahir tries to offer some innovative and new services to those who want to accompany us.<br />\r\nWish you all the best<br />\r\nManager of Avaye Shahir Institute: Amir Khademolmelleh</p>\r\n'),
(71, '{{class_categories}}', 20, 'title', 'en', 'Reading'),
(72, '{{class_categories}}', 20, 'summary', 'en', ''),
(73, '{{class_categories}}', 21, 'title', 'en', 'Speaking'),
(74, '{{class_categories}}', 21, 'summary', 'en', ''),
(76, '{{class_categories}}', 22, 'title', 'en', 'Writing'),
(77, '{{class_categories}}', 22, 'summary', 'en', ''),
(89, '{{class_categories}}', 23, 'title', 'en', 'Listening'),
(90, '{{class_categories}}', 23, 'summary', 'en', ''),
(105, '{{teacher_details}}', 32, 'name', 'en', 'Alireza'),
(106, '{{teacher_details}}', 32, 'family', 'en', 'Ghaffarian'),
(107, '{{teacher_details}}', 32, 'grade', 'en', 'M.A. in Translation Studies'),
(108, '{{teacher_details}}', 32, 'resume', 'en', '<p dir="ltr" style="text-align: center;"><strong>My Resume</strong></p>\r\n\r\n<p dir="ltr"><strong>Name</strong>: &nbsp; &nbsp; &nbsp; &nbsp; &nbsp; &nbsp; &nbsp; &nbsp; &nbsp; &nbsp; &nbsp; &nbsp; &nbsp;Alireza Ghaffarian</p>\r\n\r\n<p dir="ltr"><strong>Date of birth</strong>:&nbsp;&nbsp;&nbsp;&nbsp;&nbsp;&nbsp;&nbsp;&nbsp; &nbsp;&nbsp;&nbsp;&nbsp;&nbsp;14/11/1973</p>\r\n\r\n<p dir="ltr"><strong>Nationality</strong>:&nbsp;&nbsp;&nbsp;&nbsp;&nbsp;&nbsp;&nbsp;&nbsp; &nbsp;&nbsp;&nbsp;&nbsp;&nbsp;&nbsp;&nbsp;&nbsp;Iranian</p>\r\n\r\n<p dir="ltr"><strong>Profession</strong>: &nbsp; &nbsp; &nbsp; &nbsp; &nbsp; &nbsp; &nbsp; &nbsp; &nbsp;English language instructor, interpreter, translator, and tour leader</p>\r\n\r\n<p dir="ltr"><strong>Marital Status</strong>:&nbsp;&nbsp;&nbsp;&nbsp; &nbsp;&nbsp;&nbsp;&nbsp;&nbsp; &nbsp;Married</p>\r\n\r\n<p dir="ltr"><strong>Language</strong>: &nbsp;&nbsp;&nbsp;&nbsp;&nbsp;&nbsp;&nbsp;&nbsp;&nbsp;&nbsp;&nbsp;&nbsp;&nbsp;&nbsp;&nbsp;&nbsp; &nbsp;English, Persian</p>\r\n\r\n<p dir="ltr"><strong>Telephone</strong>: &nbsp; &nbsp; &nbsp; &nbsp; &nbsp; &nbsp; &nbsp; &nbsp; &nbsp;0912-5383080</p>\r\n\r\n<p dir="ltr"><strong>E-mail</strong>:&nbsp;&nbsp;&nbsp;&nbsp;&nbsp;&nbsp;&nbsp;&nbsp;&nbsp;&nbsp;&nbsp;&nbsp;&nbsp;&nbsp;&nbsp;&nbsp; &nbsp;&nbsp;&nbsp;&nbsp;&nbsp;&nbsp;&nbsp;&nbsp;Erfan_ghaffarian@yahoo.com</p>\r\n\r\n<p dir="ltr"><strong>Education</strong>:&nbsp;&nbsp;&nbsp;&nbsp;&nbsp;&nbsp;&nbsp;&nbsp;&nbsp;&nbsp; &nbsp;&nbsp;&nbsp;&nbsp;&nbsp;&nbsp; &nbsp;</p>\r\n\r\n<p dir="ltr">2005-2008&nbsp;&nbsp;&nbsp;&nbsp;&nbsp;&nbsp;&nbsp;&nbsp;&nbsp; &nbsp;&nbsp;&nbsp;&nbsp;&nbsp;&nbsp;&nbsp;&nbsp;&nbsp; Tarbiatmoallem University (Tehran-Iran)</p>\r\n\r\n<p dir="ltr">&nbsp; &nbsp; &nbsp; &nbsp; &nbsp; &nbsp; &nbsp; &nbsp; &nbsp; &nbsp; &nbsp; &nbsp; &nbsp; &nbsp; &nbsp; &nbsp; &nbsp; &nbsp; &nbsp;M. A. in Translation Studies</p>\r\n\r\n<p dir="ltr">&nbsp;&nbsp;&nbsp;&nbsp;&nbsp;&nbsp;&nbsp;&nbsp;&nbsp;&nbsp; &nbsp;&nbsp;&nbsp;&nbsp;&nbsp;&nbsp;&nbsp;&nbsp;&nbsp;&nbsp;&nbsp;&nbsp;&nbsp;&nbsp;&nbsp;&nbsp;&nbsp;&nbsp;&nbsp;&nbsp;</p>\r\n\r\n<p dir="ltr">1995-1999&nbsp;&nbsp;&nbsp;&nbsp;&nbsp;&nbsp;&nbsp;&nbsp;&nbsp; &nbsp;&nbsp;&nbsp;&nbsp;&nbsp;&nbsp;&nbsp;&nbsp;&nbsp; Kashan-University</p>\r\n\r\n<p dir="ltr">&nbsp; &nbsp; &nbsp; &nbsp; &nbsp; &nbsp; &nbsp; &nbsp; &nbsp; &nbsp; &nbsp; &nbsp; &nbsp; &nbsp; &nbsp; &nbsp; &nbsp; &nbsp; &nbsp;B.A. in English&lt;&gt; Persian Translation</p>\r\n\r\n<p dir="ltr">&nbsp;</p>\r\n\r\n<p dir="ltr"><strong>Job &amp; Educational Experiences:</strong></p>\r\n\r\n<p dir="ltr">- Working as a teacher for the ILA (Iran Language Institute) from Basic levels to Advanced levels</p>\r\n\r\n<p dir="ltr">- Teaching conversation at Zaban Negar institute</p>\r\n\r\n<p dir="ltr">- Teaching conversation at Amir Kabir University</p>\r\n\r\n<p dir="ltr">- Teaching CAE and conversation at Ayandeh Sazan institute</p>\r\n\r\n<p dir="ltr">- Teaching conversation at Shokouh institute</p>\r\n\r\n<p dir="ltr">- Working as a supervisor at Shokouh institute</p>\r\n\r\n<p dir="ltr">- Teaching English in Allameh Helli school</p>\r\n\r\n<p dir="ltr">&nbsp;</p>\r\n\r\n<p dir="ltr"><strong>Translation and Interpretation Experiences</strong>:</p>\r\n\r\n<p dir="ltr">- Working for MTN Irancell as a Legislative Translator and interpreter</p>\r\n\r\n<p dir="ltr">- Working for the Federation of the Disabled as a translator and interpreter</p>\r\n\r\n<p dir="ltr">- Working as an interpreter for Atiyeh Sazan in an international meeting</p>\r\n\r\n<p dir="ltr">- Working as an interpreter for sports teams in Japan, Poland, Russia, China, and the Netherlands</p>\r\n\r\n<p dir="ltr">- Experience of translating and editing books, articles, and essays</p>\r\n\r\n<p dir="ltr">&nbsp;</p>\r\n'),
(109, '{{teacher_details}}', 32, 'address', 'en', ''),
(131, '{{class_category_files}}', 39, 'title', 'en', ''),
(132, '{{class_category_files}}', 39, 'summary', 'en', ''),
(143, '{{teacher_details}}', 33, 'name', 'en', 'Amir'),
(144, '{{teacher_details}}', 33, 'family', 'en', 'Khademolmelleh'),
(145, '{{teacher_details}}', 33, 'grade', 'en', 'M.A. in Translation Studies'),
(146, '{{teacher_details}}', 33, 'resume', 'en', '<p dir="ltr" style="text-align:justify">Name:&nbsp;&nbsp;&nbsp;&nbsp;&nbsp;&nbsp;&nbsp;&nbsp;&nbsp;&nbsp;&nbsp;&nbsp;&nbsp;&nbsp;&nbsp;&nbsp;&nbsp;&nbsp;&nbsp;&nbsp;&nbsp;&nbsp;&nbsp;&nbsp;&nbsp;&nbsp;&nbsp;&nbsp;&nbsp;&nbsp;&nbsp;&nbsp;&nbsp;&nbsp;&nbsp;&nbsp;&nbsp;&nbsp;&nbsp;&nbsp;&nbsp;&nbsp;&nbsp;&nbsp;&nbsp;&nbsp;&nbsp;&nbsp;&nbsp;&nbsp;&nbsp;&nbsp;&nbsp;&nbsp;&nbsp;&nbsp; Amir Khademolmelleh</p>\r\n\r\n<p dir="ltr" style="text-align:justify">Date of birth:&nbsp;&nbsp;&nbsp;&nbsp;&nbsp;&nbsp;&nbsp;&nbsp;&nbsp;&nbsp;&nbsp;&nbsp;&nbsp;&nbsp;&nbsp;&nbsp;&nbsp;&nbsp;&nbsp;&nbsp;&nbsp;&nbsp;&nbsp;&nbsp;&nbsp;&nbsp;&nbsp;&nbsp;&nbsp;&nbsp;&nbsp;&nbsp;&nbsp;&nbsp;&nbsp;&nbsp;&nbsp;&nbsp;&nbsp;&nbsp;&nbsp;&nbsp;&nbsp;&nbsp;&nbsp; Jan. 6<sup>th</sup>, 1970</p>\r\n\r\n<p dir="ltr" style="text-align:justify">Nationality:&nbsp;&nbsp;&nbsp;&nbsp;&nbsp;&nbsp;&nbsp;&nbsp;&nbsp;&nbsp;&nbsp;&nbsp;&nbsp;&nbsp;&nbsp;&nbsp;&nbsp;&nbsp;&nbsp;&nbsp;&nbsp;&nbsp;&nbsp;&nbsp;&nbsp;&nbsp;&nbsp;&nbsp;&nbsp;&nbsp;&nbsp;&nbsp;&nbsp;&nbsp;&nbsp;&nbsp;&nbsp;&nbsp; &nbsp;&nbsp;&nbsp;&nbsp;&nbsp;&nbsp;&nbsp;&nbsp;&nbsp; Iranian</p>\r\n\r\n<p dir="ltr" style="text-align:justify">Profession:&nbsp;&nbsp;&nbsp;&nbsp;&nbsp;&nbsp;&nbsp;&nbsp;&nbsp;&nbsp;&nbsp;&nbsp;&nbsp;&nbsp;&nbsp;&nbsp;&nbsp;&nbsp;&nbsp;&nbsp;&nbsp;&nbsp;&nbsp;&nbsp;&nbsp;&nbsp;&nbsp;&nbsp;&nbsp;&nbsp;&nbsp;&nbsp;&nbsp;&nbsp;&nbsp;&nbsp;&nbsp;&nbsp;&nbsp;&nbsp;&nbsp;&nbsp;&nbsp;&nbsp;&nbsp;&nbsp;&nbsp;&nbsp;&nbsp;&nbsp;University Instructor and Freelance Translator</p>\r\n\r\n<p dir="ltr" style="text-align:justify">Marital Status:&nbsp;&nbsp;&nbsp;&nbsp;&nbsp;&nbsp;&nbsp;&nbsp;&nbsp;&nbsp;&nbsp;&nbsp;&nbsp;&nbsp;&nbsp;&nbsp;&nbsp;&nbsp;&nbsp;&nbsp;&nbsp;&nbsp;&nbsp;&nbsp;&nbsp;&nbsp;&nbsp;&nbsp;&nbsp;&nbsp;&nbsp;&nbsp;&nbsp;&nbsp;&nbsp;&nbsp;&nbsp;&nbsp;&nbsp;&nbsp;&nbsp;&nbsp;&nbsp; Married</p>\r\n\r\n<p dir="ltr" style="text-align:justify">Language:&nbsp;&nbsp;&nbsp;&nbsp;&nbsp;&nbsp;&nbsp;&nbsp;&nbsp;&nbsp;&nbsp;&nbsp;&nbsp;&nbsp;&nbsp;&nbsp;&nbsp;&nbsp;&nbsp;&nbsp;&nbsp;&nbsp;&nbsp;&nbsp;&nbsp;&nbsp;&nbsp;&nbsp;&nbsp;&nbsp;&nbsp; &nbsp;&nbsp;&nbsp;&nbsp;&nbsp;&nbsp;&nbsp;&nbsp;&nbsp; &nbsp;&nbsp;&nbsp;&nbsp;&nbsp;&nbsp;&nbsp; Persian, English</p>\r\n\r\n<p dir="ltr" style="text-align:justify">Address: &nbsp;&nbsp;&nbsp;&nbsp;&nbsp;&nbsp;&nbsp;&nbsp;&nbsp;&nbsp;&nbsp;&nbsp;&nbsp;&nbsp;&nbsp;&nbsp;&nbsp;&nbsp;&nbsp;&nbsp;&nbsp;&nbsp;&nbsp;&nbsp;&nbsp;&nbsp;&nbsp;&nbsp;&nbsp;&nbsp;&nbsp;&nbsp;&nbsp;&nbsp;&nbsp;&nbsp;&nbsp;&nbsp;&nbsp;&nbsp;&nbsp;&nbsp;&nbsp;&nbsp;&nbsp;&nbsp;&nbsp;&nbsp;&nbsp;&nbsp;&nbsp; No. 3, Zanbagh 12<sup>th</sup> Street, Razakan, Karaj</p>\r\n\r\n<p dir="ltr" style="text-align:justify">Telephone:&nbsp;&nbsp;&nbsp;&nbsp;&nbsp;&nbsp;&nbsp;&nbsp;&nbsp;&nbsp;&nbsp;&nbsp;&nbsp;&nbsp;&nbsp;&nbsp;&nbsp;&nbsp;&nbsp;&nbsp;&nbsp;&nbsp;&nbsp;&nbsp;&nbsp;&nbsp;&nbsp;&nbsp;&nbsp;&nbsp;&nbsp;&nbsp;&nbsp;&nbsp;&nbsp;&nbsp;&nbsp;&nbsp;&nbsp; &nbsp;&nbsp;&nbsp;&nbsp;&nbsp;&nbsp;&nbsp;&nbsp;&nbsp;0912-2341201</p>\r\n\r\n<p dir="ltr" style="text-align:justify">E-mail:&nbsp;&nbsp;&nbsp;&nbsp;&nbsp;&nbsp;&nbsp;&nbsp;&nbsp;&nbsp;&nbsp;&nbsp;&nbsp;&nbsp;&nbsp;&nbsp;&nbsp;&nbsp;&nbsp;&nbsp;&nbsp;&nbsp;&nbsp;&nbsp;&nbsp;&nbsp;&nbsp;&nbsp;&nbsp;&nbsp;&nbsp;&nbsp;&nbsp;&nbsp;&nbsp;&nbsp;&nbsp;&nbsp;&nbsp;&nbsp;&nbsp;&nbsp;&nbsp;&nbsp;&nbsp;&nbsp;&nbsp;&nbsp;&nbsp;&nbsp;&nbsp;&nbsp;&nbsp;&nbsp;&nbsp; <a href="mailto:khadem@sharif.edu">khadem@sharif.edu</a>;</p>\r\n\r\n<p dir="ltr" style="text-align:justify">&nbsp; &nbsp; &nbsp; &nbsp; &nbsp; &nbsp; &nbsp; &nbsp; &nbsp; &nbsp; &nbsp; &nbsp; &nbsp; &nbsp; &nbsp; &nbsp; &nbsp; &nbsp; &nbsp; &nbsp; &nbsp; &nbsp; &nbsp; &nbsp; &nbsp; &nbsp; &nbsp; &nbsp; &nbsp; &nbsp; &nbsp; &nbsp; &nbsp; &nbsp;<a href="mailto:khadem8234@yahoo.com">khadem8234@yahoo.com</a>;</p>\r\n\r\n<p dir="ltr" style="text-align:justify">&nbsp; &nbsp; &nbsp; &nbsp; &nbsp; &nbsp; &nbsp; &nbsp; &nbsp; &nbsp; &nbsp; &nbsp; &nbsp; &nbsp; &nbsp; &nbsp; &nbsp; &nbsp; &nbsp; &nbsp; &nbsp; &nbsp; &nbsp; &nbsp; &nbsp; &nbsp; &nbsp; &nbsp; &nbsp; &nbsp; &nbsp; &nbsp; &nbsp; &nbsp;<a href="mailto:amir8234@yahoo.com">amir8234@yahoo.com</a>;</p>\r\n\r\n<p dir="ltr" style="text-align:justify">&nbsp;&nbsp;&nbsp;&nbsp;&nbsp;&nbsp;&nbsp;&nbsp;&nbsp;&nbsp;&nbsp;&nbsp;&nbsp;&nbsp;&nbsp;&nbsp;&nbsp;&nbsp;&nbsp;&nbsp;&nbsp;&nbsp;&nbsp;&nbsp;&nbsp;&nbsp;&nbsp;&nbsp;&nbsp;&nbsp;&nbsp;&nbsp;&nbsp;&nbsp;&nbsp;&nbsp;&nbsp;&nbsp;&nbsp;&nbsp;&nbsp;&nbsp;&nbsp;&nbsp;&nbsp;&nbsp;&nbsp;&nbsp;&nbsp;&nbsp;&nbsp;&nbsp;&nbsp;&nbsp;&nbsp;&nbsp;&nbsp;&nbsp;&nbsp;&nbsp;&nbsp;&nbsp;&nbsp;&nbsp;&nbsp;&nbsp;&nbsp;<a href="mailto:amirkhadem8234@gmail.com">amirkhadem8234@gmail.com</a></p>\r\n\r\n<p dir="ltr" style="text-align:justify">&nbsp;&nbsp;&nbsp;&nbsp;&nbsp;&nbsp;&nbsp;&nbsp;&nbsp;</p>\r\n\r\n<p dir="ltr" style="text-align:justify"><strong>Education:</strong></p>\r\n\r\n<p dir="ltr" style="text-align:justify">2004 &ndash; 2007&nbsp;&nbsp;&nbsp;&nbsp;&nbsp;&nbsp;&nbsp;&nbsp;&nbsp;&nbsp;&nbsp;&nbsp; &nbsp;&nbsp;&nbsp;&nbsp;&nbsp;&nbsp;&nbsp;&nbsp;&nbsp;&nbsp;&nbsp;&nbsp;&nbsp;&nbsp;&nbsp;&nbsp;&nbsp;&nbsp;&nbsp;&nbsp;&nbsp;&nbsp;&nbsp;&nbsp;&nbsp;&nbsp;&nbsp;&nbsp;&nbsp;&nbsp;&nbsp;&nbsp;&nbsp;&nbsp;&nbsp;&nbsp;&nbsp;&nbsp;&nbsp;Allameh Tabataba&#39;i University</p>\r\n\r\n<p dir="ltr" style="text-align:justify">&nbsp;&nbsp;&nbsp;&nbsp;&nbsp;&nbsp;&nbsp;&nbsp;&nbsp;&nbsp;&nbsp;&nbsp;&nbsp;&nbsp;&nbsp;&nbsp;&nbsp;&nbsp;&nbsp;&nbsp;&nbsp;&nbsp;&nbsp;&nbsp;&nbsp;&nbsp;&nbsp;&nbsp;&nbsp;&nbsp;&nbsp;&nbsp;&nbsp;&nbsp;&nbsp;&nbsp;&nbsp;&nbsp;&nbsp;&nbsp;&nbsp;&nbsp;&nbsp;&nbsp;&nbsp;&nbsp;&nbsp;&nbsp;&nbsp;&nbsp;&nbsp;&nbsp;&nbsp;&nbsp;&nbsp;&nbsp;&nbsp;&nbsp;&nbsp;&nbsp;&nbsp;&nbsp;&nbsp;&nbsp;&nbsp;&nbsp;&nbsp;&nbsp;&nbsp;&nbsp;&nbsp; [Tehran, Iran]</p>\r\n\r\n<p dir="ltr" style="text-align:justify">&nbsp;&nbsp;&nbsp;&nbsp;&nbsp;&nbsp;&nbsp;&nbsp;&nbsp;&nbsp;&nbsp;&nbsp;&nbsp;&nbsp;&nbsp;&nbsp;&nbsp;&nbsp;&nbsp;&nbsp;&nbsp;&nbsp;&nbsp;&nbsp;&nbsp;&nbsp;&nbsp;&nbsp;&nbsp;&nbsp;&nbsp;&nbsp;&nbsp;&nbsp;&nbsp;&nbsp;&nbsp;&nbsp;&nbsp;&nbsp;&nbsp;&nbsp;&nbsp; &nbsp;&nbsp;&nbsp;&nbsp;&nbsp;&nbsp;&nbsp;&nbsp;&nbsp;&nbsp;&nbsp;&nbsp;&nbsp;&nbsp;&nbsp;&nbsp;&nbsp;&nbsp;&nbsp;&nbsp;&nbsp;&nbsp;&nbsp;&nbsp;&nbsp;&nbsp;&nbsp;&nbsp;M.A.Translation Studies</p>\r\n\r\n<p dir="ltr" style="text-align:justify">&nbsp;</p>\r\n\r\n<p dir="ltr" style="text-align:justify">1995 &ndash; 1999&nbsp;&nbsp;&nbsp;&nbsp;&nbsp;&nbsp;&nbsp;&nbsp;&nbsp;&nbsp;&nbsp;&nbsp;&nbsp;&nbsp;&nbsp;&nbsp;&nbsp;&nbsp;&nbsp;&nbsp;&nbsp;&nbsp;&nbsp;&nbsp;&nbsp;&nbsp;&nbsp;&nbsp;&nbsp;&nbsp;&nbsp;&nbsp;&nbsp;&nbsp;&nbsp;&nbsp;&nbsp;&nbsp;&nbsp;&nbsp;&nbsp;&nbsp;&nbsp;&nbsp;&nbsp;&nbsp;&nbsp;&nbsp;&nbsp;&nbsp;&nbsp; University of Kashan</p>\r\n\r\n<p dir="ltr" style="text-align:justify">&nbsp;&nbsp;&nbsp;&nbsp;&nbsp;&nbsp;&nbsp;&nbsp;&nbsp;&nbsp;&nbsp;&nbsp;&nbsp;&nbsp;&nbsp;&nbsp;&nbsp;&nbsp;&nbsp;&nbsp;&nbsp;&nbsp;&nbsp;&nbsp;&nbsp;&nbsp;&nbsp;&nbsp;&nbsp;&nbsp;&nbsp;&nbsp;&nbsp;&nbsp;&nbsp;&nbsp;&nbsp;&nbsp;&nbsp;&nbsp;&nbsp;&nbsp;&nbsp;&nbsp;&nbsp;&nbsp;&nbsp;&nbsp;&nbsp;&nbsp;&nbsp;&nbsp;&nbsp;&nbsp;&nbsp;&nbsp;&nbsp;&nbsp;&nbsp; &nbsp;&nbsp;&nbsp;&nbsp;&nbsp;&nbsp;&nbsp;&nbsp;&nbsp;&nbsp;&nbsp;&nbsp;[Kashan, Isfahan, Iran]</p>\r\n\r\n<p dir="ltr" style="text-align:justify">&nbsp;&nbsp;&nbsp;&nbsp;&nbsp;&nbsp;&nbsp;&nbsp;&nbsp;&nbsp;&nbsp;&nbsp;&nbsp;&nbsp;&nbsp;&nbsp;&nbsp;&nbsp;&nbsp;&nbsp;&nbsp;&nbsp;&nbsp;&nbsp;&nbsp;&nbsp;&nbsp;&nbsp;&nbsp;&nbsp;&nbsp;&nbsp;&nbsp;&nbsp;&nbsp;&nbsp;&nbsp;&nbsp;&nbsp;&nbsp;&nbsp;&nbsp;&nbsp;&nbsp;&nbsp;&nbsp; &nbsp;&nbsp;&nbsp;&nbsp;&nbsp;&nbsp;&nbsp;&nbsp;&nbsp;&nbsp;&nbsp;&nbsp;&nbsp;&nbsp;&nbsp;&nbsp;&nbsp;&nbsp;&nbsp;&nbsp;&nbsp;&nbsp;&nbsp;&nbsp;&nbsp;B.A English &lt;&gt; Farsi / Persian Translation</p>\r\n\r\n<p dir="ltr" style="text-align:justify">&nbsp;</p>\r\n\r\n<p dir="ltr" style="text-align:justify">1994 &ndash; 1997&nbsp;&nbsp;&nbsp;&nbsp;&nbsp;&nbsp;&nbsp;&nbsp;&nbsp;&nbsp;&nbsp;&nbsp;&nbsp;&nbsp;&nbsp;&nbsp;&nbsp;&nbsp;&nbsp;&nbsp;&nbsp;&nbsp;&nbsp;&nbsp;&nbsp;&nbsp;&nbsp;&nbsp;&nbsp;&nbsp;&nbsp;&nbsp;&nbsp;&nbsp;&nbsp;&nbsp;&nbsp;&nbsp;&nbsp;&nbsp;&nbsp;&nbsp;&nbsp;&nbsp;&nbsp;&nbsp;&nbsp;&nbsp;&nbsp;&nbsp;&nbsp;&nbsp; Shahid Rajaee University</p>\r\n\r\n<p dir="ltr" style="text-align:justify">&nbsp;&nbsp;&nbsp;&nbsp;&nbsp;&nbsp;&nbsp;&nbsp;&nbsp;&nbsp;&nbsp;&nbsp;&nbsp;&nbsp;&nbsp;&nbsp;&nbsp;&nbsp;&nbsp;&nbsp;&nbsp;&nbsp;&nbsp;&nbsp;&nbsp;&nbsp;&nbsp;&nbsp;&nbsp;&nbsp;&nbsp;&nbsp;&nbsp;&nbsp;&nbsp;&nbsp;&nbsp;&nbsp;&nbsp;&nbsp;&nbsp;&nbsp;&nbsp;&nbsp;&nbsp;&nbsp;&nbsp;&nbsp;&nbsp;&nbsp;&nbsp;&nbsp;&nbsp;&nbsp;&nbsp;&nbsp;&nbsp;&nbsp;&nbsp;&nbsp;&nbsp;&nbsp;&nbsp;&nbsp;&nbsp;&nbsp;&nbsp;&nbsp;&nbsp;&nbsp;&nbsp;&nbsp; [Tehran, Iran]</p>\r\n\r\n<p dir="ltr" style="text-align:justify">&nbsp; &nbsp; &nbsp; &nbsp; &nbsp; &nbsp; &nbsp; &nbsp; &nbsp; &nbsp; &nbsp; &nbsp; &nbsp; &nbsp; &nbsp; &nbsp; &nbsp; &nbsp; &nbsp; &nbsp; &nbsp; &nbsp; &nbsp; &nbsp; &nbsp; &nbsp; &nbsp; &nbsp; &nbsp; &nbsp; &nbsp; &nbsp; &nbsp; &nbsp; &nbsp; &nbsp; &nbsp; Associate Diploma in Auto mechanics</p>\r\n\r\n<p dir="ltr" style="text-align:justify">&nbsp;</p>\r\n\r\n<p dir="ltr" style="text-align:justify">1989 &ndash; 1994&nbsp;&nbsp;&nbsp;&nbsp;&nbsp;&nbsp;&nbsp;&nbsp;&nbsp;&nbsp;&nbsp;&nbsp;&nbsp;&nbsp;&nbsp;&nbsp;&nbsp;&nbsp;&nbsp;&nbsp;&nbsp;&nbsp;&nbsp;&nbsp;&nbsp;&nbsp;&nbsp;&nbsp;&nbsp;&nbsp;&nbsp;&nbsp;&nbsp;&nbsp;&nbsp;&nbsp;&nbsp;&nbsp;&nbsp;&nbsp;&nbsp;&nbsp;&nbsp;&nbsp;&nbsp;&nbsp;&nbsp;&nbsp;&nbsp;&nbsp;&nbsp;&nbsp; Motahari Technical School</p>\r\n\r\n<p dir="ltr" style="text-align:justify">&nbsp; &nbsp; &nbsp; &nbsp; &nbsp; &nbsp; &nbsp; &nbsp; &nbsp; &nbsp; &nbsp; &nbsp; &nbsp; &nbsp; &nbsp; &nbsp; &nbsp; &nbsp; &nbsp; &nbsp; &nbsp; &nbsp; &nbsp; &nbsp; &nbsp; &nbsp; &nbsp; &nbsp; &nbsp; &nbsp; &nbsp; &nbsp; &nbsp; &nbsp; &nbsp; &nbsp; &nbsp;[Tehran, Iran]</p>\r\n\r\n<p dir="ltr" style="text-align:justify">&nbsp; &nbsp; &nbsp; &nbsp; &nbsp; &nbsp; &nbsp; &nbsp; &nbsp; &nbsp; &nbsp; &nbsp; &nbsp; &nbsp; &nbsp; &nbsp; &nbsp; &nbsp; &nbsp; &nbsp; &nbsp; &nbsp; &nbsp; &nbsp; &nbsp; &nbsp; &nbsp; &nbsp; &nbsp; &nbsp; &nbsp; &nbsp; &nbsp; &nbsp; &nbsp; &nbsp; &nbsp;Diploma in Auto mechanics</p>\r\n\r\n<p dir="ltr" style="text-align:justify"><strong>Job Experiences:</strong></p>\r\n\r\n<ul dir="ltr">\r\n	<li style="text-align:justify">Manager of Pardise Avaye Shahir Institute</li>\r\n	<li style="text-align:justify">Holding 4 Workshops on Writing Research Papers: Sharif University of Technology</li>\r\n	<li style="text-align:justify">Experience of teaching General English, TOEFL iBT, PhD TOEFL, and PBT TOEFL for 9 years at Sharif University of Technology</li>\r\n	<li style="text-align:justify">Experience of teaching TOEFL iBT for 4 years at Amirkabir University</li>\r\n	<li style="text-align:justify">Experience of teaching PhD TOEFL at Tehran University</li>\r\n	<li style="text-align:justify">Experience of teaching Translation at Elmi-Karbordi University for 5 years</li>\r\n	<li style="text-align:justify">Experience of teaching TOEFL, IELTS, and Conversation at Academic Center for Education, Culture, and Research, Allameh Tabatabaei, for 5 years</li>\r\n	<li style="text-align:justify">Experience of teaching English at such English institutes as Sokhan, Shokooh, and Peyman at different levels ranging from basic to advanced courses for 5 years</li>\r\n	<li style="text-align:justify">Translation of articles for such magazines as Cinema and Farabi</li>\r\n	<li style="text-align:justify">Interpreter of Professor Eghbal in a seminar held in Soureh Pictures Company</li>\r\n	<li style="text-align:justify">Translator trainer in Academic Center for Education, Culture, and Research, Allameh Tabatabaei for 5 years</li>\r\n	<li style="text-align:justify">Edition of articles for ISI Journals for 12 years</li>\r\n</ul>\r\n\r\n<p dir="ltr" style="text-align:justify">&nbsp;</p>\r\n\r\n<p dir="ltr" style="text-align:justify"><strong>Summary of Qualifications:</strong></p>\r\n\r\n<ul dir="ltr">\r\n	<li style="text-align:justify">Proficiency in computer skills and Microsoft Word</li>\r\n	<li style="text-align:justify">Skillful in internet-related activities: search engines, emails, and websites, to name but a few</li>\r\n	<li style="text-align:justify">Ability to work effectively as part of a team within the Education Service</li>\r\n	<li style="text-align:justify">Able to work under pressure and remain calm in stressful situations</li>\r\n</ul>\r\n\r\n<p dir="ltr" style="text-align:justify">&nbsp;</p>\r\n\r\n<p dir="ltr" style="text-align:justify"><strong>Publications:</strong></p>\r\n\r\n<ul dir="ltr">\r\n	<li style="text-align:justify">Khademolmelle, A. (2011), TOEFL Writing Success: Integrated and Independent. Tehran: Nask Publications.</li>\r\n	<li style="text-align:justify">Khademolmelle, A. (2012), TOEFL Writing Success 2<sup>nd</sup> Edition. Tehran: Nask Publications.</li>\r\n	<li style="text-align:justify">Khademolmelle, A. (2013), TOEFL Writing Success 3<sup>rd</sup> Edition. Tehran: Jangal Publications.</li>\r\n	<li style="text-align:justify">Khademolmelle, A. (2015), TOEFL Writing Success 4<sup>th</sup> Edition. Tehran: Jangal Publications.</li>\r\n</ul>\r\n\r\n<p dir="ltr" style="text-align:justify">&nbsp;</p>\r\n\r\n<p dir="ltr" style="text-align:justify"><strong>Compiled Pamphlets:</strong></p>\r\n\r\n<ul dir="ltr">\r\n	<li style="text-align:justify">Pamphlet for Translation English &lt;&gt; Farsi / Persian</li>\r\n	<li style="text-align:justify">Pamphlet for TOEFL iBT Writing</li>\r\n	<li style="text-align:justify">Pamphlet for TOEFL PBT</li>\r\n	<li style="text-align:justify">Pamphlet for Phd TOEFL</li>\r\n	<li style="text-align:justify">Pamphlet for General IELTS Writing</li>\r\n	<li style="text-align:justify">Pamphlet for Academic IELTS Writing</li>\r\n	<li style="text-align:justify">Pamphlet for TOEFL Reading</li>\r\n</ul>\r\n\r\n<p dir="ltr" style="text-align:justify">&nbsp;</p>\r\n\r\n<p dir="ltr" style="text-align:justify"><strong>Hobbies:</strong></p>\r\n\r\n<ul>\r\n	<li dir="ltr" style="text-align:justify">Sports: Soccer, chess, table tennis, swimming</li>\r\n	<li dir="ltr" style="text-align:justify">Leisure: Reading novels, listening to music, watching movies</li>\r\n</ul>\r\n'),
(147, '{{teacher_details}}', 33, 'address', 'en', ''),
(176, '{{courses}}', 13, 'title', 'en', 'TOEFL iBT'),
(177, '{{courses}}', 13, 'summary', 'en', '<p dir="ltr">The TOEFL iBT courses will be held under my supervision, Amir Khadem, with a different approach from those in other institutes. Amir Khadem: Manager of Avaye Shahir Institute</p>\r\n\r\n<p>\\r\\n</p>\r\n'),
(189, '{{teacher_details}}', 34, 'name', 'en', 'Hamid'),
(190, '{{teacher_details}}', 34, 'family', 'en', 'Shahiri'),
(191, '{{teacher_details}}', 34, 'grade', 'en', 'M.A. in Dramatic Literature'),
(192, '{{teacher_details}}', 34, 'resume', 'en', ''),
(193, '{{teacher_details}}', 34, 'address', 'en', ''),
(200, '{{courses}}', 17, 'title', 'en', 'GMAT '),
(201, '{{courses}}', 17, 'summary', 'en', '<p dir="ltr">These sourses are some of the best ones available to test takers, which I hope are of help for you.</p>\r\n\r\n<p dir="ltr">Amir Khadem</p>\r\n'),
(206, '{{courses}}', 18, 'title', 'en', 'PhD TOEFL'),
(207, '{{courses}}', 18, 'summary', 'en', '<p dir="ltr">The exam PhD TOEFL, which is commonly held in Iran for PhD students, is the very PBT TOEFL&nbsp;(Paper-based TOEFL) with no writing section. Thus, studying these sourses will help you get a high score in this exam.</p>\r\n'),
(210, '{{class_categories}}', 30, 'title', 'en', 'TOEFL Vocabulary Sources'),
(211, '{{class_categories}}', 30, 'summary', 'en', '<p dir="ltr">In order for you to study the vocabulary sources in order, please refer to &quot;TOEFL iBT Syllabus for All Skills&quot;.</p>\r\n'),
(238, '{{class_category_file_links}}', 22, 'title', 'en', 'Speaking Questions 1 & 2'),
(239, '{{class_category_file_links}}', 22, 'summary', 'en', 'This video from the ETS site provides you with a general understanding of the Speaking Tasks 1 & 2. Nevertheless, it is better for you to read quite a few speaking samples and practice a great deal through the books we have introduced in the site.'),
(240, '{{class_category_file_links}}', 23, 'title', 'en', 'Speaking Questions 3 & 5'),
(241, '{{class_category_file_links}}', 23, 'summary', 'en', 'This video from the ETS Site provides you with a general understanding of the Speaking Tasks 3 & 5. Nonetheless, you''d better read quite a few speaking samples and practice a great deal through the books we have introduced in this very site.'),
(242, '{{class_category_file_links}}', 24, 'title', 'en', 'Speaking Questions Task 4 & 6'),
(243, '{{class_category_file_links}}', 24, 'summary', 'en', 'This video from the ETS Site provides you with a general understanding of the Speaking Tasks 4 & 6. Still, you''d better read quite a few speaking samples and practice a great deal through the books we have introduced in this very site.'),
(246, '{{courses}}', 16, 'title', 'en', 'GRE '),
(247, '{{courses}}', 16, 'summary', 'en', '<p dir="ltr">There are many references for different modules of GRE, but the ones introduced here are good enough for a decent score.&nbsp;</p>\r\n\r\n<p dir="ltr">Good Luck&nbsp;</p>\r\n\r\n<p dir="ltr">Amir Khadem: Manager of Avaye Shahir Institute.</p>\r\n'),
(254, '{{class_category_file_links}}', 27, 'title', 'en', 'Building Speaking for Beginners'),
(255, '{{class_category_file_links}}', 27, 'summary', 'en', 'This book and the other two books of this series are great sources for the Speaking Skill of TOEFL iBT.'),
(258, '{{classes}}', 1, 'title', 'en', 'TOEFL Speaking: group 1'),
(259, '{{classes}}', 1, 'summary', 'en', '<p dir="ltr" style="text-align:justify">In the speaking courses of TOEFL iBT, apart from introducing the 6 Tasks of this module, we try to improve the English knowledge of the learners. Moreover, Note-taking Skill, which is of great importance in the TOEFL iBT Test, will be taught in an elegant and detailed manner.&nbsp;Through holding such courses, I hope we will be able to make a small but positive contribution to our society in general and to our dear students in particular.</p>\r\n\r\n<p dir="ltr">Wish you all the best</p>\r\n\r\n<p dir="ltr">TOEFL Instructor at&nbsp;Avaye Shahir Institute: Amir Khadem</p>\r\n'),
(260, '{{class_category_file_links}}', 29, 'title', 'en', 'Mastering Speaking for TOEFL iBT'),
(261, '{{class_category_file_links}}', 29, 'summary', 'en', 'This book and the previous two books of this series are great sources for the Speaking Skill of TOEFL iBT.'),
(262, '{{class_category_file_links}}', 28, 'title', 'en', 'Developing Speaking for the Intermediate Level'),
(263, '{{class_category_file_links}}', 28, 'summary', 'en', 'This book and the other two books of this series are great sources for the Speaking Skill of TOEFL iBT.'),
(340, '{{class_category_file_links}}', 34, 'title', 'en', '4000 Essential English Words Book 2'),
(341, '{{class_category_file_links}}', 34, 'summary', 'en', ''),
(342, '{{class_category_file_links}}', 35, 'title', 'en', '4000 Essential English Words Book 3'),
(343, '{{class_category_file_links}}', 35, 'summary', 'en', ''),
(344, '{{class_category_file_links}}', 36, 'title', 'en', '4000 Essential English Words Book 4'),
(345, '{{class_category_file_links}}', 36, 'summary', 'en', ''),
(346, '{{class_category_file_links}}', 37, 'title', 'en', '4000 Essential English Words Book 5'),
(347, '{{class_category_file_links}}', 37, 'summary', 'en', ''),
(348, '{{class_category_file_links}}', 38, 'title', 'en', '4000 Essential English Words Book 6'),
(352, '{{class_category_file_links}}', 39, 'title', 'en', 'DELTA''s Key to the Next Generation TOEFL Test (PDF)'),
(353, '{{class_category_file_links}}', 39, 'summary', 'en', 'This book is a great source for you to acquire Reading and Listening Skills for TOEFL iBT. However, it is not enough whatsoever. You should also study other sources, which are mentioned in “TOEFL iBT Syllabus for All Skills” to master these skills.'),
(373, '{{class_category_file_links}}', 32, 'title', 'en', '4000 Essential English Words Book 1'),
(374, '{{class_category_file_links}}', 32, 'summary', 'en', 'This book which is from a 6-volume series is an invaluable source for learning vocabulary. All the words, their definition, and the examples are all read by an American native speaker, which lets you learn the words professionally. It has a story at the end of each chapter in which all the new words are used. '),
(401, '{{teacher_details}}', 41, 'name', 'en', 'Hossein'),
(402, '{{teacher_details}}', 41, 'family', 'en', 'Khezerlou'),
(403, '{{teacher_details}}', 41, 'grade', 'en', 'M.A. in Applied Linguistics (TEFL)'),
(404, '{{teacher_details}}', 41, 'resume', 'en', ''),
(405, '{{teacher_details}}', 41, 'address', 'en', ''),
(414, '{{class_category_file_links}}', 45, 'title', 'en', '10- A GRE Argument Task Example (MP4)'),
(415, '{{class_category_file_links}}', 45, 'summary', 'en', ''),
(428, '{{class_category_file_links}}', 50, 'title', 'en', '7- An Introduction to the Argumnet Task (MP4)'),
(429, '{{class_category_file_links}}', 50, 'summary', 'en', ''),
(430, '{{class_category_file_links}}', 51, 'title', 'en', '8- GRE Logical Fallacies (MP4)'),
(431, '{{class_category_file_links}}', 51, 'summary', 'en', ''),
(432, '{{class_category_file_links}}', 52, 'title', 'en', '9- GRE Argument Task Brainstorming (MP4)'),
(433, '{{class_category_file_links}}', 52, 'summary', 'en', ''),
(440, '{{class_category_file_links}}', 54, 'title', 'en', 'GRE Argument Topics'),
(441, '{{class_category_file_links}}', 54, 'summary', 'en', 'This PDF file contains all the GRE Argument Topics, which should be studied before the GRE exam.'),
(442, '{{class_category_file_links}}', 55, 'title', 'en', 'GRE Issue Topics'),
(443, '{{class_category_file_links}}', 55, 'summary', 'en', 'This PDF file contains all the GRE Issue Topics, which should be studied before the GRE exam.'),
(944, '{{class_category_file_links}}', 56, 'title', 'en', 'Essential Words for the TOEFL'),
(945, '{{class_category_file_links}}', 56, 'summary', 'en', 'This book is only suitable for the PhD TOEFL that is held in Iran. However, for the TOEFL iBT, it is better for you to study the other books introduced in this site.'),
(1067, '{{class_category_file_links}}', 38, 'summary', 'en', ''),
(1070, '{{class_categories}}', 24, 'title', 'en', 'About the TOEFL iBT Courses in Avaye Shahir'),
(1071, '{{class_categories}}', 24, 'summary', 'en', '<p dir="ltr" style="text-align:justify">The TOEFL iBT courses to be held in Avaye Shahir are quite different from those held in Sharif University of Technology. First, for these courses, some discount will be offered to university students, a part of which will be through Netbarg site and its mobile application, making the enrolment ideal for them. Second, unlike other institutes, two writing samples of each student in any course will be edited by the instructors, which has a great influence on their Writing TOEFL score. Third, at the end of any course, at the request of the students, a workshop will be held in which students&rsquo; writing samples will be discussed in detail, and final key points will be elaborated upon in the workshop. Through holding such courses, I hope we are able to make a small but positive contribution to society in general and our dear students in particular.</p>\r\n\r\n<p dir="ltr" style="text-align:justify">Wish you all the best</p>\r\n\r\n<p dir="ltr" style="text-align:justify">Manager of Avaye Shahir Institute: Amir Khadem</p>\r\n'),
(1074, '{{class_categories}}', 26, 'title', 'en', 'Some Points about the TOEFL iBT Test'),
(1075, '{{class_categories}}', 26, 'summary', 'en', '<p dir="ltr">Knowing these points is essential for all TOEFL iBT test takers.&nbsp;</p>\r\n'),
(1100, '{{class_category_file_links}}', 25, 'title', 'en', 'Familiarity with the Test Center Procedures'),
(1101, '{{class_category_file_links}}', 25, 'summary', 'en', 'This video from the ETS Site provides you with a general understanding of the Test Center Procedures, which is  quite useful for the test takers.'),
(1102, '{{class_category_file_links}}', 26, 'title', 'en', 'Why TOEFL iBT?'),
(1103, '{{class_category_file_links}}', 26, 'summary', 'en', 'This video from the ETS Site shows which countries accept TOEFL iBT.'),
(1422, '{{class_categories}}', 27, 'title', 'en', 'TOEFL Course Syllabus Compiled by Amir Khadem'),
(1423, '{{class_categories}}', 27, 'summary', 'en', '<p dir="ltr">Please follow this syllabus based on your level. You&nbsp;are not supposed to cover&nbsp;all the items.</p>\n'),
(1454, '{{class_category_file_links}}', 31, 'title', 'en', 'Rapid Typing Software'),
(1455, '{{class_category_file_links}}', 31, 'summary', 'en', 'This software, in a short period of time, helps you learn how to type fast.'),
(1456, '{{class_category_file_links}}', 21, 'title', 'en', 'ETS Video about Independent Writing Task'),
(1457, '{{class_category_file_links}}', 21, 'summary', 'en', 'This video is offered by ETS about Writing Task 2 (Independent), which familiarize you with this task. However, in order to master the task, read professional samples in the book TOEFL Writing Success.'),
(1458, '{{class_category_file_links}}', 20, 'title', 'en', 'ETS Video about Integrated Writing Task'),
(1459, '{{class_category_file_links}}', 20, 'summary', 'en', 'This is a video offered by ETS about Writing Task 1 (Integrated), which is good enough for being familiar with this task. However, in order to master the task, read professional samples in the book TOEFL Writing Success 4th Edition.'),
(1460, '{{class_category_file_links}}', 41, 'title', 'en', 'Audio Files of the Book TOEFL Writing Success 4th Edition by Amir Khadem'),
(1461, '{{class_category_file_links}}', 41, 'summary', 'en', ''),
(1526, '{{class_category_file_links}}', 40, 'title', 'en', 'DELTA''s Key to the Next Generation TOEFL Test (PDF)'),
(1527, '{{class_category_file_links}}', 40, 'summary', 'en', 'This book is a great source for you to acquire Reading and Listening Skills for TOEFL iBT. However, it is not enough whatsoever. You should also study other sources, which are mentioned in “TOEFL iBT Syllabus for All Skills” to master these skills.'),
(1528, '{{class_category_file_links}}', 42, 'title', 'en', 'DELTA''s Key to the Next Generation TOEFL Test (Audio Files)'),
(1529, '{{class_category_file_links}}', 42, 'summary', 'en', ''),
(1530, '{{courses}}', 15, 'title', 'en', 'IELTS '),
(1531, '{{courses}}', 15, 'summary', 'en', '<p dir="ltr" style="text-align:justify">Similar to the TOEFL iBT courses to be held in Avaye Shahir Institute, IELTS course&nbsp;are supposed to be quite different from those held in other institutes. First, for these courses, some discount will be offered to university students, a part of which will be through Netbarg Site and its mobile application, making the enrolment ideal for the students. Second, unlike other institutes, two writing samples of each student in any course will be edited by the instructors, which has a great influence on their IELTS Writing score. Third, at the end of any course, at the request of the students, a workshop will be held in which students&rsquo; writing samples will be discussed in detail, and final key points will be elaborated upon in this&nbsp;workshop. Through holding such courses, I hope we will be able to make a small but positive contribution to society in general and our dear students in particular.</p>\r\n\r\n<p dir="ltr" style="text-align:justify">Wish you all the best</p>\r\n\r\n<p dir="ltr" style="text-align:justify">Amir Khadem:&nbsp;Manager of Avaye Shahir Institute</p>\r\n'),
(1576, '{{class_category_files}}', 55, 'title', 'en', 'Pre-TOEFL  Pamphlet Compiled by Amir Khadem PDF'),
(1577, '{{class_category_files}}', 55, 'summary', 'en', 'This pamphlet and the other one "Grammar Pamphlet for PhD TOEFL" have been taught by me, Amir Khadem, for almost 15 years in quite a few institutes and universities such as Sharif University of Technology, by the help of which many students have been able to successfully pass the PhD TOEFL that is held in Iran. '),
(1584, '{{class_categories}}', 31, 'title', 'en', 'Grammar References for PhD TOEFL'),
(1585, '{{class_categories}}', 31, 'summary', 'en', '<p dir="ltr" style="text-align:justify">If you read the grammar pamphlets and other test sources&nbsp;provided here and do their exercises, you can receive a very good score in the PhD TOEFL that is held in Iran.</p>\r\n'),
(1586, '{{class_categories}}', 29, 'title', 'en', 'IELTS Academic'),
(1587, '{{class_categories}}', 29, 'summary', 'en', ''),
(1588, '{{class_categories}}', 28, 'title', 'en', 'IELTS General'),
(1589, '{{class_categories}}', 28, 'summary', 'en', ''),
(1590, '{{class_categories}}', 33, 'title', 'en', 'Vocabulary Sources for the PhD TOEFL Test'),
(1591, '{{class_categories}}', 33, 'summary', 'en', ''),
(1634, '{{class_category_file_links}}', 49, 'title', 'en', '6- A GRE Issue Task Example (MP4)'),
(1635, '{{class_category_file_links}}', 49, 'summary', 'en', ''),
(1636, '{{class_category_file_links}}', 48, 'title', 'en', '5- GRE Introduction to the Issue Task (MP4)'),
(1637, '{{class_category_file_links}}', 48, 'summary', 'en', ''),
(1638, '{{class_category_file_links}}', 47, 'title', 'en', '4- GRE Time Management (MP4)'),
(1639, '{{class_category_file_links}}', 47, 'summary', 'en', ''),
(1640, '{{class_category_file_links}}', 46, 'title', 'en', '3- GRE Writing Tips (MP4)'),
(1641, '{{class_category_file_links}}', 46, 'summary', 'en', ''),
(1642, '{{class_category_file_links}}', 44, 'title', 'en', '2- GRE Essay Organization (MP4)'),
(1643, '{{class_category_file_links}}', 44, 'summary', 'en', ''),
(1646, '{{class_category_file_links}}', 43, 'title', 'en', '1- An Introduction to GRE Analytical Writing (MP4)'),
(1647, '{{class_category_file_links}}', 43, 'summary', 'en', ''),
(1648, '{{class_category_file_links}}', 53, 'title', 'en', 'An Introduction to GRE Analytical Writing (PDF)'),
(1649, '{{class_category_file_links}}', 53, 'summary', 'en', 'This 29-page PDF file explains the GRE Analytical Writing in a brief but practical way, the last 3 pages of which beautifully shows how these writing modules are scored.'),
(1650, '{{class_categories}}', 32, 'title', 'en', 'Video & PDF Files about Different Modules of the GRE Exam'),
(1651, '{{class_categories}}', 32, 'summary', 'en', '<p dir="ltr">There are many references for different modules of GRE, but the ones introduced here are good enough for a decent score.&nbsp;</p>\r\n\r\n<p dir="ltr">Good Luck&nbsp;</p>\r\n\r\n<p dir="ltr">Amir Khadem: Manager of Avaye Shahir Institute.</p>\r\n'),
(1652, '{{class_category_file_links}}', 57, 'title', 'en', 'Mark Alan Stewart Gre Answers to the Real Essay Questions'),
(1653, '{{class_category_file_links}}', 57, 'summary', 'en', 'This book contains great samples for both the Argument Task and the Issue Task, which provide the test taker with innovative ideas as well as good words and phrases.'),
(1654, '{{class_category_file_links}}', 58, 'title', 'en', 'GRE Official Guide 2nd Edition by ETS'),
(1655, '{{class_category_file_links}}', 58, 'summary', 'en', 'This book whose new versions are also available is a great source for all GRE modules.'),
(1656, '{{class_category_file_links}}', 59, 'title', 'en', 'Barron''s New GRE 19th Eddition'),
(1657, '{{class_category_file_links}}', 59, 'summary', 'en', 'This book, too,  is a great source for all GRE modules.'),
(1658, '{{class_category_file_links}}', 60, 'title', 'en', 'Verbal Advantage - 10 Easy Steps to a Powerful Vocabulary (Unabridged) (PDF)'),
(1659, '{{class_category_file_links}}', 60, 'summary', 'en', 'This book, which has a great audio file, is a wonderful source for improving GRE vocabulary.'),
(1660, '{{class_category_file_links}}', 61, 'title', 'en', 'Verbal Advantage - Audio Files'),
(1661, '{{class_category_file_links}}', 61, 'summary', 'en', ''),
(1662, '{{class_category_file_links}}', 62, 'title', 'en', 'Essential English Idioms Elementary, Intermediate, and Advanced'),
(1663, '{{class_category_file_links}}', 62, 'summary', 'en', 'The book Essential English Idioms is a very important vocabulary source for all 4 skills of TOEFL iBT.'),
(1668, '{{class_categories}}', 34, 'title', 'en', 'Vocabulary References for IELTS Academic'),
(1669, '{{class_categories}}', 34, 'summary', 'en', '<p dir="ltr">For you to study the vocabulary sources in order, please refer to the explanations provided.</p>\r\n'),
(1670, '{{class_category_file_links}}', 64, 'title', 'en', 'Essential English Idioms Elementary, Intermediate, and Advanced'),
(1671, '{{class_category_file_links}}', 64, 'summary', 'en', 'This book is a great source for those who want to improve their Listening, Speaking, and Writing abilities.'),
(1672, '{{class_category_file_links}}', 65, 'title', 'en', 'American Accent Training Program (Pronunciation Workshop) (Video)'),
(1673, '{{class_category_file_links}}', 65, 'summary', 'en', 'These video files beautifully teach how to pronounce English words, which improves your Listening and Speaking skills for the exam.'),
(1674, '{{class_category_file_links}}', 66, 'title', 'en', 'American Accent Training 2 (PDF & Audio)'),
(1675, '{{class_category_file_links}}', 66, 'summary', 'en', 'This is one of the best sources of learning American accent and pronunciation on the word level and sentence level. It is strongly recommended that you read all the book, but in case you are short of time, listen to the audio files of chapter “reduced sounds: page 57 and repeat after it, which is very important for the Listening and Speaking skills.'),
(1676, '{{class_category_file_links}}', 67, 'title', 'en', 'Just Listening and Speaking'),
(1677, '{{class_category_file_links}}', 67, 'summary', 'en', 'This book teaches you the British accent, which is used a lot in the TOEFL iBT Test.'),
(1678, '{{class_category_file_links}}', 68, 'title', 'en', 'Toefl ESL Pod'),
(1679, '{{class_category_file_links}}', 68, 'summary', 'en', 'These audio files that are for pre-intermediate students elaborate on the TOEFL and its modules and teaches the words used in the audios. '),
(1680, '{{class_category_file_links}}', 69, 'title', 'en', 'Babylon Glossaries'),
(1681, '{{class_category_file_links}}', 69, 'summary', 'en', 'These glossaries are among the best and the most recent glossaries of Babylon dictionary.'),
(1682, '{{classes}}', 2, 'title', 'en', 'TOEFL iBT Writing: group 1'),
(1683, '{{classes}}', 2, 'summary', 'en', '<p dir="ltr" style="text-align:justify">The TOEFL iBT courses to be held in Avaye Shahir are quite different from those held in Sharif University of Technology. First, unlike other institutes, two writing samples of each student in any course, apart from those which are corrected throughout the course,&nbsp;will be edited by the instructor, which has a great influence on their Writing TOEFL score. Second, at the end of any course, at the request of the students, a workshop will be held in which students&rsquo; writing samples will be discussed in detail, and final key points will be elaborated upon in the workshop. Through holding such courses, I hope we will be able to make a small but positive contribution to our society in general and to our dear students in particular.</p>\r\n\r\n<p dir="ltr" style="text-align:justify">Wish you all the best</p>\r\n\r\n<p dir="ltr" style="text-align:justify">TOEFL Instructor at&nbsp;Avaye Shahir Institute: Amir Khadem</p>\r\n'),
(1684, '{{classes}}', 3, 'title', 'en', 'TOEFL iBT Writing: group 2'),
(1685, '{{classes}}', 3, 'summary', 'en', '<p dir="ltr" style="text-align:justify">The TOEFL iBT courses to be held in Avaye Shahir are quite different from those held in Sharif University of Technology. First, unlike other institutes, two writing samples of each student in any course, apart from those which are corrected throughout the course,&nbsp;will be edited by the instructor, which has a great influence on their Writing TOEFL score. Second, at the end of any course, at the request of the students, a workshop will be held in which students&rsquo; writing samples will be discussed in detail, and final key points will be elaborated upon in the workshop. Through holding such courses, I hope we will be able to make a small but positive contribution to our society in general and to our dear students in particular.</p>\r\n\r\n<p dir="ltr" style="text-align:justify">Wish you all the best</p>\r\n\r\n<p dir="ltr" style="text-align:justify">TOEFL Instructor at&nbsp;Avaye Shahir Institute: Amir Khadem</p>\r\n'),
(1686, '{{classes}}', 4, 'title', 'en', 'TOEFL Speaking: group 2'),
(1687, '{{classes}}', 4, 'summary', 'en', '<p dir="ltr" style="text-align:justify">In the speaking courses of TOEFL iBT, apart from introducing the 6 Tasks of this module, we try to improve the English knowledge of the learners. Moreover, Note-taking Skill, which is of great importance in the TOEFL iBT Test, will be taught in an elegant and detailed manner.&nbsp;Through holding such courses, I hope we will be able to make a small but positive contribution to our society in general and to our dear students in particular.</p>\r\n\r\n<p dir="ltr">Wish you all the best</p>\r\n\r\n<p dir="ltr" style="text-align:justify">TOEFL Instructor at&nbsp;Avaye Shahir Institute: Amir Khadem</p>\r\n'),
(1688, '{{class_category_file_links}}', 70, 'title', 'en', 'Longman Essay Activator'),
(1689, '{{class_category_file_links}}', 70, 'summary', 'en', 'This is one of the best resources for the Speaking and Writing Skills of TOEFL iBT, in which quite a few practical transitions and phrases are categorized. Having this book next to you while practicing for speaking and writing is strongly recommended.'),
(1693, '{{courses}}', 20, 'title', 'en', 'Pre-TOEFL & Pre-IELTS Grammar Course'),
(1694, '{{courses}}', 20, 'summary', 'en', '<p dir="ltr" style="text-align:justify">This course has been offered for those students whose level of English is lower than Intermediate so that they will be prepared for such courses as TOEFL iBT, General and Academic IELTS, GRE, GMAT, and PhD TOEFL.&nbsp;</p>\r\n'),
(1697, '{{class_category_file_links}}', 71, 'title', 'en', 'Longman Complete Course for the Paper-based TOEFL Test'),
(1698, '{{class_category_file_links}}', 71, 'summary', 'en', 'This book is a great source of grammar and reading exercises for those who want to pass the PhD TOEFL held in Iran. However, since the grammar questions in this book are for upper-intermediate level, they should be done after passing both the pre-TOEFL and PhD TOEFL courses.'),
(1699, '{{class_categories}}', 35, 'title', 'en', 'Pre-intermediate Grammar'),
(1700, '{{class_categories}}', 35, 'summary', 'en', ''),
(1701, '{{class_category_file_links}}', 72, 'title', 'en', 'Pre-TOEFL  and Pre-IELTS Grammar'),
(1702, '{{class_category_file_links}}', 72, 'summary', 'en', 'This pamphlet and the other one "Grammar Pamphlet for PhD TOEFL" have been taught by me, Amir Khadem, for almost 15 years in quite a few institutes and universities such as Sharif University of Technology, by the help of which many students have been able to successfully pass the PhD TOEFL that is held in Iran.'),
(1705, '{{class_categories}}', 36, 'title', 'en', 'Reading Comprehension for PhD TOEFL'),
(1706, '{{class_categories}}', 36, 'summary', 'en', ''),
(1707, '{{class_category_file_links}}', 73, 'title', 'en', 'Longman Complete Course for the Paper-based TOEFL Test'),
(1708, '{{class_category_file_links}}', 73, 'summary', 'en', 'This book is a great source of Reading Comprehension and suits those who want to pass the PhD TOEFL held in Iran. '),
(1709, '{{class_category_files}}', 56, 'title', 'en', 'PhD TOEFL Grammar Pamphlet'),
(1710, '{{class_category_files}}', 56, 'summary', 'en', 'This pamphlet and the other one "Pre-TOEFL Pamphlet" have been taught by me, Amir Khadem, for almost 15 years in quite a few institutes and universities such as Sharif University of Technology, by the help of which many students have been able to successfully pass TOEFL, PhD TOEFL, IELTS, GRE, and GMAT. I hope you the next ones. Amir Khadem'),
(1715, '{{user_details}}', 42, 'name', 'en', ''),
(1716, '{{user_details}}', 42, 'family', 'en', ''),
(1717, '{{user_details}}', 43, 'name', 'en', ''),
(1718, '{{user_details}}', 43, 'family', 'en', ''),
(1719, '{{user_details}}', 44, 'name', 'en', ''),
(1720, '{{user_details}}', 44, 'family', 'en', ''),
(1721, '{{user_details}}', 45, 'name', 'en', ''),
(1722, '{{user_details}}', 45, 'family', 'en', ''),
(1723, '{{user_details}}', 46, 'name', 'en', ''),
(1724, '{{user_details}}', 46, 'family', 'en', ''),
(1725, '{{user_details}}', 47, 'name', 'en', ''),
(1726, '{{user_details}}', 47, 'family', 'en', ''),
(1727, '{{user_details}}', 48, 'name', 'en', ''),
(1728, '{{user_details}}', 48, 'family', 'en', ''),
(1729, '{{user_details}}', 49, 'name', 'en', ''),
(1730, '{{user_details}}', 49, 'family', 'en', ''),
(1731, '{{user_details}}', 50, 'name', 'en', ''),
(1732, '{{user_details}}', 50, 'family', 'en', ''),
(1733, '{{user_details}}', 51, 'name', 'en', ''),
(1734, '{{user_details}}', 51, 'family', 'en', ''),
(1737, '{{user_details}}', 52, 'name', 'en', ''),
(1738, '{{user_details}}', 52, 'family', 'en', ''),
(1739, '{{user_details}}', 53, 'name', 'en', ''),
(1740, '{{user_details}}', 53, 'family', 'en', ''),
(1741, '{{user_details}}', 54, 'name', 'en', ''),
(1742, '{{user_details}}', 54, 'family', 'en', ''),
(1743, '{{user_details}}', 55, 'name', 'en', ''),
(1744, '{{user_details}}', 55, 'family', 'en', ''),
(1745, '{{user_details}}', 56, 'name', 'en', ''),
(1746, '{{user_details}}', 56, 'family', 'en', ''),
(1747, '{{user_details}}', 57, 'name', 'en', ''),
(1748, '{{user_details}}', 57, 'family', 'en', ''),
(1749, '{{user_details}}', 58, 'name', 'en', ''),
(1750, '{{user_details}}', 58, 'family', 'en', ''),
(1751, '{{user_details}}', 59, 'name', 'en', ''),
(1752, '{{user_details}}', 59, 'family', 'en', ''),
(1753, '{{user_details}}', 60, 'name', 'en', ''),
(1754, '{{user_details}}', 60, 'family', 'en', ''),
(1755, '{{user_details}}', 61, 'name', 'en', '');
INSERT INTO `ym_translations` (`id`, `table_name`, `model_id`, `attribute`, `lang`, `value`) VALUES
(1756, '{{user_details}}', 61, 'family', 'en', ''),
(1757, '{{user_details}}', 62, 'name', 'en', ''),
(1758, '{{user_details}}', 62, 'family', 'en', ''),
(1759, '{{user_details}}', 63, 'name', 'en', ''),
(1760, '{{user_details}}', 63, 'family', 'en', ''),
(1761, '{{user_details}}', 64, 'name', 'en', ''),
(1762, '{{user_details}}', 64, 'family', 'en', ''),
(1763, '{{user_details}}', 65, 'name', 'en', ''),
(1764, '{{user_details}}', 65, 'family', 'en', ''),
(1765, '{{user_details}}', 66, 'name', 'en', ''),
(1766, '{{user_details}}', 66, 'family', 'en', ''),
(1767, '{{user_details}}', 67, 'name', 'en', ''),
(1768, '{{user_details}}', 67, 'family', 'en', ''),
(1769, '{{user_details}}', 68, 'name', 'en', ''),
(1770, '{{user_details}}', 68, 'family', 'en', ''),
(1771, '{{user_details}}', 69, 'name', 'en', ''),
(1772, '{{user_details}}', 69, 'family', 'en', ''),
(1773, '{{class_category_file_links}}', 75, 'title', 'en', 'Cambridge CBT Multimedia'),
(1774, '{{class_category_file_links}}', 75, 'summary', 'en', 'This multimedia software that was offered by Cambridge for the Computer-based TOEFL is a very helpful source for TOEFL iBT Listening Skill.'),
(1775, '{{user_details}}', 70, 'name', 'en', ''),
(1776, '{{user_details}}', 70, 'family', 'en', ''),
(1781, '{{class_categories}}', 38, 'title', 'en', 'Reading and Listening Resources: IELTS Academic'),
(1782, '{{class_categories}}', 38, 'summary', 'en', '<p dir="ltr">These are the best IELTS Academic resources that are listed in order of difficulty.</p>\r\n'),
(1783, '{{class_category_file_links}}', 78, 'title', 'en', ''),
(1784, '{{class_category_file_links}}', 78, 'summary', 'en', 'This a good source of Reading and Listening for a band score of 8 to 9 in IELTS Academic.'),
(1785, '{{class_category_file_links}}', 79, 'title', 'en', 'IELTS Practice Test Plus 1'),
(1786, '{{class_category_file_links}}', 79, 'summary', 'en', 'This a good source of Reading and Listening for a band score of 8 to 9 in IELTS Academic.'),
(1787, '{{class_category_file_links}}', 80, 'title', 'en', ''),
(1788, '{{class_category_file_links}}', 80, 'summary', 'en', ''),
(1789, '{{class_category_file_links}}', 81, 'title', 'en', ''),
(1790, '{{class_category_file_links}}', 81, 'summary', 'en', ''),
(1791, '{{class_category_file_links}}', 82, 'title', 'en', ''),
(1792, '{{class_category_file_links}}', 82, 'summary', 'en', ''),
(1793, '{{class_category_file_links}}', 83, 'title', 'en', ''),
(1794, '{{class_category_file_links}}', 83, 'summary', 'en', ''),
(1795, '{{class_category_file_links}}', 84, 'title', 'en', ''),
(1796, '{{class_category_file_links}}', 84, 'summary', 'en', ''),
(1797, '{{class_category_file_links}}', 85, 'title', 'en', ''),
(1798, '{{class_category_file_links}}', 85, 'summary', 'en', ''),
(1799, '{{class_category_file_links}}', 86, 'title', 'en', ''),
(1800, '{{class_category_file_links}}', 86, 'summary', 'en', ''),
(1801, '{{class_category_file_links}}', 87, 'title', 'en', ''),
(1802, '{{class_category_file_links}}', 87, 'summary', 'en', ''),
(1803, '{{class_category_file_links}}', 88, 'title', 'en', ''),
(1804, '{{class_category_file_links}}', 88, 'summary', 'en', ''),
(1807, '{{class_category_file_links}}', 90, 'title', 'en', 'GRE Sentence Completion 2'),
(1808, '{{class_category_file_links}}', 90, 'summary', 'en', ''),
(1809, '{{class_category_file_links}}', 91, 'title', 'en', 'GRE Sentence Completion 1'),
(1810, '{{class_category_file_links}}', 91, 'summary', 'en', ''),
(1811, '{{class_categories}}', 39, 'title', 'en', 'GMAT Writing'),
(1812, '{{class_categories}}', 39, 'summary', 'en', ''),
(1813, '{{class_categories}}', 40, 'title', 'en', 'GMAT Reading Comprehension & Vocabulary'),
(1814, '{{class_categories}}', 40, 'summary', 'en', ''),
(1815, '{{class_category_file_links}}', 92, 'title', 'en', 'GMAT Reading Comprehension (QuickTime Format)'),
(1816, '{{class_category_file_links}}', 92, 'summary', 'en', 'This video and the ones that follow have been prepared by Thomson Corporation and contain some practical points about GMAT modules. '),
(1821, '{{class_category_file_links}}', 95, 'title', 'en', 'GMAT Antonyms, Sentence Completion, and Analogies'),
(1822, '{{class_category_file_links}}', 95, 'summary', 'en', ''),
(1823, '{{class_categories}}', 41, 'title', 'en', 'GMAT Math Section'),
(1824, '{{class_categories}}', 41, 'summary', 'en', ''),
(1825, '{{class_category_file_links}}', 96, 'title', 'en', 'GMAT Math Quantitative Comparison 1'),
(1826, '{{class_category_file_links}}', 96, 'summary', 'en', ''),
(1827, '{{class_category_file_links}}', 97, 'title', 'en', 'GMAT Math Problem Solving 2'),
(1828, '{{class_category_file_links}}', 97, 'summary', 'en', ''),
(1831, '{{class_category_files}}', 62, 'title', 'en', 'A Free TOEFL iBT Workshop'),
(1832, '{{class_category_files}}', 62, 'summary', 'en', ''),
(1833, '{{class_categories}}', 42, 'title', 'en', 'GMAT Sentence Correction Files'),
(1834, '{{class_categories}}', 42, 'summary', 'en', ''),
(1835, '{{class_category_file_links}}', 98, 'title', 'en', 'Manhattan Sentence Correction Guide'),
(1836, '{{class_category_file_links}}', 98, 'summary', 'en', 'Manhattan Sentence Correction Guide is a good source for the GMAT grammar tests. However, it is strongly recommended that you first read the Pre-intermediate and advanced level grammar pamphlets put in this very page.'),
(1837, '{{class_category_file_links}}', 99, 'title', 'en', 'Pre-intermediate  Grammar Pamphlet by Amir Khadem'),
(1838, '{{class_category_file_links}}', 99, 'summary', 'en', 'This pamphlet and the other one "Advanced Grammar Pamphlet" have been taught by me, Amir Khadem, for almost 15 years in quite a few institutes and universities such as Sharif University of Technology, by the help of which many students have been able to successfully pass TOEFL, PhD TOEFL, IELTS, GRE, and GMAT. I hope you the next ones. Amir Khadem.'),
(1839, '{{user_details}}', 71, 'name', 'en', ''),
(1840, '{{user_details}}', 71, 'family', 'en', ''),
(1841, '{{class_category_file_links}}', 100, 'title', 'en', 'Advanced Grammar Pamphlet by Amir Khadem'),
(1842, '{{class_category_file_links}}', 100, 'summary', 'en', 'This pamphlet and the other one "Pre-intermediate Grammar Pamphlet" have been taught by me, Amir Khadem, for almost 15 years in quite a few institutes and universities such as Sharif University of Technology, by the help of which many students have been able to successfully pass TOEFL, PhD TOEFL, IELTS, GRE, and GMAT. I hope you the next ones. Amir Khadem.'),
(1843, '{{class_category_file_links}}', 101, 'title', 'en', 'GMAT Composition Guidance for the Issue and Argument tasks'),
(1844, '{{class_category_file_links}}', 101, 'summary', 'en', 'This book elegantly explains both the Issue and Argument Tasks of GMAT Exam.'),
(1845, '{{class_category_file_links}}', 102, 'title', 'en', 'GMAT Writing Questions with Answers'),
(1846, '{{class_category_file_links}}', 102, 'summary', 'en', 'Reading these questions and the samples provided can increase your GMAT Score for Writing.'),
(1847, '{{user_details}}', 72, 'name', 'en', ''),
(1848, '{{user_details}}', 72, 'family', 'en', ''),
(1849, '{{teacher_details}}', 73, 'name', 'en', 'Vahid '),
(1850, '{{teacher_details}}', 73, 'family', 'en', 'Izadifar'),
(1851, '{{teacher_details}}', 73, 'grade', 'en', 'M.A. in TEFL'),
(1852, '{{teacher_details}}', 73, 'resume', 'en', ''),
(1853, '{{teacher_details}}', 73, 'address', 'en', ''),
(1854, '{{class_categories}}', 43, 'title', 'en', 'General IELTS Writing'),
(1855, '{{class_categories}}', 43, 'summary', 'en', ''),
(1856, '{{class_category_file_links}}', 103, 'title', 'en', 'Bussiness Letters for Busy People'),
(1857, '{{class_category_file_links}}', 103, 'summary', 'en', 'This book contains many business letters that provide IELTS General test takers with practical phrases and vocabularies.'),
(1858, '{{class_categories}}', 44, 'title', 'en', 'Grammar References for Academic IELTS'),
(1859, '{{class_categories}}', 44, 'summary', 'en', ''),
(1860, '{{class_category_file_links}}', 104, 'title', 'en', 'BBC 6-Minute English'),
(1861, '{{class_category_file_links}}', 104, 'summary', 'en', 'These files from BBC are good sources for the British accent, which is very much used in the TOEFL iBT Exam.'),
(1862, '{{user_details}}', 74, 'name', 'en', ''),
(1863, '{{user_details}}', 74, 'family', 'en', ''),
(1864, '{{class_category_file_links}}', 105, 'title', 'en', 'BBC Learning English'),
(1865, '{{class_category_file_links}}', 105, 'summary', 'en', 'These files from BBC are also good sources for the British accent, which is very much used in the TOEFL iBT Exam.'),
(1866, '{{user_details}}', 75, 'name', 'en', ''),
(1867, '{{user_details}}', 75, 'family', 'en', ''),
(1868, '{{user_details}}', 76, 'name', 'en', ''),
(1869, '{{user_details}}', 76, 'family', 'en', ''),
(1870, '{{user_details}}', 77, 'name', 'en', ''),
(1871, '{{user_details}}', 77, 'family', 'en', ''),
(1872, '{{user_details}}', 78, 'name', 'en', ''),
(1873, '{{user_details}}', 78, 'family', 'en', ''),
(1874, '{{user_details}}', 79, 'name', 'en', ''),
(1875, '{{user_details}}', 79, 'family', 'en', ''),
(1884, '{{user_details}}', 80, 'name', 'en', ''),
(1885, '{{user_details}}', 80, 'family', 'en', ''),
(1886, '{{class_category_file_links}}', 106, 'title', 'en', 'TPO 40 to 48'),
(1887, '{{class_category_file_links}}', 106, 'summary', 'en', ''),
(1888, '{{class_category_file_links}}', 107, 'title', 'en', 'TPO 40 to 48'),
(1889, '{{class_category_file_links}}', 107, 'summary', 'en', ''),
(1890, '{{class_category_file_links}}', 108, 'title', 'en', 'TPO Software 1 to 36'),
(1891, '{{class_category_file_links}}', 108, 'summary', 'en', ''),
(1892, '{{class_category_file_links}}', 109, 'title', 'en', 'TPO Software 1 to 36'),
(1893, '{{class_category_file_links}}', 109, 'summary', 'en', ''),
(1894, '{{class_category_file_links}}', 110, 'title', 'en', 'Cambridge Preparation for the TOEFL 4th Edition (Multimedia)'),
(1895, '{{class_category_file_links}}', 110, 'summary', 'en', ''),
(1896, '{{class_category_file_links}}', 111, 'title', 'en', 'Cambridge Preparation for the TOEFL 4th Edition (Multimedia)'),
(1897, '{{class_category_file_links}}', 111, 'summary', 'en', ''),
(1898, '{{class_category_file_links}}', 112, 'title', 'en', 'Barron''s How to Prepare for the TOEFL iBT'),
(1899, '{{class_category_file_links}}', 112, 'summary', 'en', ''),
(1900, '{{class_category_file_links}}', 113, 'title', 'en', 'Cambridge Grammar for IELTS Students Book with Answers and Audio CD.zip'),
(1901, '{{class_category_file_links}}', 113, 'summary', 'en', ''),
(1902, '{{class_category_file_links}}', 114, 'title', 'en', 'Preparation and Practice Listening and Speaking'),
(1903, '{{class_category_file_links}}', 114, 'summary', 'en', 'This book, particularly its listening section, is an invaluable source for building the listening skill for the IELTS exam.'),
(1904, '{{class_categories}}', 45, 'title', 'en', 'IELTS Listening (General & Academic)'),
(1905, '{{class_categories}}', 45, 'summary', 'en', '<p dir="ltr">All the&nbsp;General IELTS Listening and Speaking Sources are the same as those for Academic&nbsp;IELTS because these two skills are alike in both exams.&nbsp;</p>\r\n'),
(1906, '{{class_categories}}', 46, 'title', 'en', 'General IELTS Reading '),
(1907, '{{class_categories}}', 46, 'summary', 'en', ''),
(1908, '{{class_category_file_links}}', 115, 'title', 'en', 'IELTS Preparation and Practice - General Module - Reading and Writing'),
(1909, '{{class_category_file_links}}', 115, 'summary', 'en', 'This book, particularly its reading section, is an invaluable source for building the reading skill for the General IELTS exam.'),
(1910, '{{class_category_file_links}}', 116, 'title', 'en', 'Oxford TOEFL iBT'),
(1911, '{{class_category_file_links}}', 116, 'summary', 'en', ''),
(1912, '{{user_details}}', 81, 'name', 'en', ''),
(1913, '{{user_details}}', 81, 'family', 'en', ''),
(1914, '{{user_details}}', 82, 'name', 'en', ''),
(1915, '{{user_details}}', 82, 'family', 'en', ''),
(1916, '{{user_details}}', 83, 'name', 'en', ''),
(1917, '{{user_details}}', 83, 'family', 'en', ''),
(1918, '{{gallery}}', 1, 'title', 'en', 'Avaye Shahir Institute'),
(1919, '{{gallery}}', 1, 'desc', 'en', 'At the request of some students who wanted to see the atmosphere of Avaye Shahir Institute, some pictures were uploaded.'),
(1920, '{{gallery}}', 2, 'title', 'en', 'Avaye Shahir Institute'),
(1921, '{{gallery}}', 2, 'desc', 'en', ''),
(1922, '{{gallery}}', 3, 'title', 'en', 'Avaye Shahir Institute'),
(1923, '{{gallery}}', 3, 'desc', 'en', ''),
(1926, '{{gallery}}', 5, 'title', 'en', 'Avaye Shahir Institute'),
(1927, '{{gallery}}', 5, 'desc', 'en', ''),
(1928, '{{gallery}}', 6, 'title', 'en', 'Avaye Shahir Institute'),
(1929, '{{gallery}}', 6, 'desc', 'en', ''),
(1930, '{{user_details}}', 84, 'name', 'en', ''),
(1931, '{{user_details}}', 84, 'family', 'en', ''),
(1932, '{{user_details}}', 85, 'name', 'en', ''),
(1933, '{{user_details}}', 85, 'family', 'en', ''),
(1934, '{{user_details}}', 86, 'name', 'en', ''),
(1935, '{{user_details}}', 86, 'family', 'en', ''),
(1936, '{{user_details}}', 87, 'name', 'en', ''),
(1937, '{{user_details}}', 87, 'family', 'en', ''),
(1938, '{{user_details}}', 88, 'name', 'en', ''),
(1939, '{{user_details}}', 88, 'family', 'en', ''),
(1940, '{{user_details}}', 89, 'name', 'en', ''),
(1941, '{{user_details}}', 89, 'family', 'en', ''),
(1942, '{{user_details}}', 90, 'name', 'en', ''),
(1943, '{{user_details}}', 90, 'family', 'en', ''),
(1944, '{{user_details}}', 91, 'name', 'en', ''),
(1945, '{{user_details}}', 91, 'family', 'en', ''),
(1946, '{{user_details}}', 92, 'name', 'en', ''),
(1947, '{{user_details}}', 92, 'family', 'en', ''),
(1948, '{{user_details}}', 93, 'name', 'en', ''),
(1949, '{{user_details}}', 93, 'family', 'en', ''),
(1950, '{{user_details}}', 94, 'name', 'en', ''),
(1951, '{{user_details}}', 94, 'family', 'en', ''),
(1952, '{{user_details}}', 95, 'name', 'en', ''),
(1953, '{{user_details}}', 95, 'family', 'en', ''),
(1954, '{{user_details}}', 96, 'name', 'en', ''),
(1955, '{{user_details}}', 96, 'family', 'en', ''),
(1956, '{{user_details}}', 97, 'name', 'en', ''),
(1957, '{{user_details}}', 97, 'family', 'en', ''),
(1958, '{{user_details}}', 98, 'name', 'en', ''),
(1959, '{{user_details}}', 98, 'family', 'en', ''),
(1960, '{{user_details}}', 99, 'name', 'en', ''),
(1961, '{{user_details}}', 99, 'family', 'en', ''),
(1962, '{{user_details}}', 100, 'name', 'en', ''),
(1963, '{{user_details}}', 100, 'family', 'en', ''),
(1964, '{{user_details}}', 101, 'name', 'en', ''),
(1965, '{{user_details}}', 101, 'family', 'en', ''),
(1966, '{{user_details}}', 102, 'name', 'en', ''),
(1967, '{{user_details}}', 102, 'family', 'en', ''),
(1968, '{{user_details}}', 103, 'name', 'en', ''),
(1969, '{{user_details}}', 103, 'family', 'en', ''),
(1970, '{{user_details}}', 104, 'name', 'en', ''),
(1971, '{{user_details}}', 104, 'family', 'en', ''),
(1972, '{{user_details}}', 105, 'name', 'en', ''),
(1973, '{{user_details}}', 105, 'family', 'en', ''),
(1974, '{{user_details}}', 106, 'name', 'en', ''),
(1975, '{{user_details}}', 106, 'family', 'en', ''),
(1976, '{{class_category_file_links}}', 117, 'title', 'en', 'Topics Written in the Book in Order They Appear There.'),
(1977, '{{class_category_file_links}}', 117, 'summary', 'en', 'This file helps you find the topics which are written in the book TOEFL Writing Success and study them.'),
(1978, '{{user_details}}', 107, 'name', 'en', ''),
(1979, '{{user_details}}', 107, 'family', 'en', ''),
(1980, '{{user_details}}', 108, 'name', 'en', ''),
(1981, '{{user_details}}', 108, 'family', 'en', ''),
(1982, '{{user_details}}', 109, 'name', 'en', ''),
(1983, '{{user_details}}', 109, 'family', 'en', ''),
(1984, '{{user_details}}', 110, 'name', 'en', ''),
(1985, '{{user_details}}', 110, 'family', 'en', ''),
(1986, '{{user_details}}', 111, 'name', 'en', ''),
(1987, '{{user_details}}', 111, 'family', 'en', ''),
(1988, '{{user_details}}', 112, 'name', 'en', ''),
(1989, '{{user_details}}', 112, 'family', 'en', ''),
(1990, '{{user_details}}', 113, 'name', 'en', ''),
(1991, '{{user_details}}', 113, 'family', 'en', ''),
(1992, '{{user_details}}', 114, 'name', 'en', ''),
(1993, '{{user_details}}', 114, 'family', 'en', ''),
(1994, '{{user_details}}', 115, 'name', 'en', ''),
(1995, '{{user_details}}', 115, 'family', 'en', ''),
(1996, '{{user_details}}', 116, 'name', 'en', ''),
(1997, '{{user_details}}', 116, 'family', 'en', ''),
(1998, '{{user_details}}', 117, 'name', 'en', ''),
(1999, '{{user_details}}', 117, 'family', 'en', ''),
(2000, '{{user_details}}', 118, 'name', 'en', ''),
(2001, '{{user_details}}', 118, 'family', 'en', ''),
(2002, '{{user_details}}', 119, 'name', 'en', ''),
(2003, '{{user_details}}', 119, 'family', 'en', ''),
(2004, '{{user_details}}', 120, 'name', 'en', ''),
(2005, '{{user_details}}', 120, 'family', 'en', ''),
(2006, '{{user_details}}', 121, 'name', 'en', ''),
(2007, '{{user_details}}', 121, 'family', 'en', ''),
(2008, '{{courses}}', 21, 'title', 'en', 'Workshops '),
(2009, '{{courses}}', 21, 'summary', 'en', '<p dir="ltr" style="text-align:justify">Avaye Shahir Institute is honored to occasionally hold some workshops on such exams as TOEFL, IELTS, GRE, and GMAT as well as professional workshops on writing research papers.&nbsp;</p>\r\n'),
(2010, '{{class_categories}}', 47, 'title', 'en', 'A Free Workshop Aiming at Preparing and Familiarizing IELTS Test Takers'),
(2011, '{{class_categories}}', 47, 'summary', 'en', '<p dir="ltr" style="text-align:center">In His Name</p>\r\n\r\n<p dir="ltr" style="text-align:center"><strong>Avaye Shahir Institute</strong> intends to hold a <strong>free workshop</strong> aiming at&nbsp;preparing and familiarizing <strong>IELTS</strong> test takers</p>\r\n\r\n<p dir="ltr" style="text-align:justify">Presenter: <strong>Mr. Khezerlou, Sharif University Instructor</strong></p>\r\n\r\n<p dir="ltr" style="text-align:justify">This workshop is divided into two parts, the first part of which is about the overall IELTS framework and the four modules of <strong>Reading</strong>, Listening, <strong>Speaking</strong>, and <strong>Writing</strong>.</p>\r\n\r\n<p dir="ltr" style="text-align:justify">The second part of the workshop is on <strong>IELTS Writing Task 2</strong>, which prepares test takers for this module. The reason why this task has been selected is that the majority of test takers have problems in this field and that it covers both the <strong>General IELTS</strong> as well as&nbsp;<strong>Academic IELTS</strong> writing modules.</p>\r\n\r\n<p dir="ltr" style="text-align:justify">Date and Time: <strong>Friday,&nbsp;10 AM to 12.15 PM, Khordad 21st</strong></p>\r\n\r\n<p dir="ltr" style="margin-left:-22.5pt; text-align:justify">&nbsp; &nbsp; &nbsp; &nbsp; Address: Flat No. 1, # 9, 10th Alley, Ghaem Magham St., Shahid Beheshti Avenue</p>\r\n\r\n<p dir="ltr" style="margin-left:-22.5pt; text-align:justify">&nbsp; &nbsp; &nbsp; &nbsp; &nbsp;Telephone:&nbsp;88736668, 88730902, 88730902<span dir="LTR">.</span></p>\r\n\r\n<p dir="ltr" style="margin-left:-22.5pt; text-align:justify"><span dir="LTR">&nbsp;&nbsp; &nbsp; &nbsp; &nbsp; </span>Site Address: <a href="http://www.avayeshahir.com">www.avayeshahir.com</a></p>\r\n\r\n<p dir="ltr" style="margin-left:-22.5pt; text-align:justify">&nbsp; &nbsp; &nbsp; &nbsp; &nbsp;Wish you all the best</p>\r\n\r\n<p dir="ltr" style="text-align:justify"><strong>&nbsp;Amir Khadem: Manager of Avaye Shahir Institute</strong></p>\r\n'),
(2012, '{{class_category_files}}', 61, 'title', 'en', ''),
(2013, '{{class_category_files}}', 61, 'summary', 'en', ''),
(2014, '{{user_details}}', 122, 'name', 'en', ''),
(2015, '{{user_details}}', 122, 'family', 'en', ''),
(2016, '{{user_details}}', 123, 'name', 'en', ''),
(2017, '{{user_details}}', 123, 'family', 'en', ''),
(2018, '{{class_categories}}', 48, 'title', 'en', 'A Free TOEFL iBT Workshop Aiming at Preparing TOEFL Test Takers for the Exam'),
(2019, '{{class_categories}}', 48, 'summary', 'en', '<p dir="ltr" style="text-align:center">In His Name</p>\r\n\r\n<p dir="ltr" style="text-align:center"><strong>Avaye Shahir Institute</strong> intends to hold a free workshop aiming at&nbsp;preparing and familiarizing TOEFL test takers with the exam</p>\r\n\r\n<p dir="ltr" style="text-align:justify">Presenter: <strong>Amir Khadem</strong>, Sharif University Instructor</p>\r\n\r\n<p dir="ltr" style="text-align:justify">This workshop first introduces and explores the framework of TOEFL iBT and the <strong>new approaches adopted by ETS</strong> regarding the four modules of <strong>Reading</strong>, <strong>Listening</strong>, <strong>Speaking</strong>, and <strong>Writing</strong>.</p>\r\n\r\n<p dir="ltr" style="text-align:justify">In the second part, <strong>TOEFL Writing Independent Task</strong> as well as the <strong>Integrated Task</strong> will be discussed in detail. Then, the skills essential for TOEFL iBT exam &ndash; such as <strong>Note Taking</strong>, <strong>Paraphrasing</strong>, <strong>Summarizing</strong>, and &nbsp;&nbsp;<strong>Synthesizing </strong>&ndash; will be dealt with. The reason why this task has been selected is that the majority of test takers have problems with writing and the skills already mentioned and that it provides test takers with some skills that can also be used for Speaking, Listening, and Reading.</p>\r\n\r\n<p dir="ltr" style="text-align:justify">Date and Time: <strong>Friday,&nbsp;10 AM to 12.15 PM, Khordad 28th</strong></p>\r\n\r\n<p dir="ltr" style="text-align:justify">Address: Flat No. 1, # 9, 10th Alley, Ghaem Magham St., Shahid Beheshti Avenue</p>\r\n\r\n<p dir="ltr" style="text-align:justify">Telephone:&nbsp;88736668, 88730902, 88730902.</p>\r\n\r\n<p dir="ltr" style="text-align:justify">Site Address: <a href="http://www.avayeshahir.com">www.avayeshahir.com</a></p>\r\n\r\n<p dir="ltr" style="text-align:justify">Wish you all the best</p>\r\n\r\n<p dir="ltr" style="text-align:justify">Amir Khadem: Manager of Avaye Shahir Institute</p>\r\n'),
(2020, '{{class_category_files}}', 62, 'title', 'en', 'A Free TOEFL iBT Workshop'),
(2021, '{{class_category_files}}', 62, 'summary', 'en', ''),
(2022, '{{user_details}}', 124, 'name', 'en', ''),
(2023, '{{user_details}}', 124, 'family', 'en', ''),
(2024, '{{user_details}}', 125, 'name', 'en', ''),
(2025, '{{user_details}}', 125, 'family', 'en', ''),
(2026, '{{user_details}}', 126, 'name', 'en', ''),
(2027, '{{user_details}}', 126, 'family', 'en', ''),
(2030, '{{user_details}}', 127, 'name', 'en', ''),
(2031, '{{user_details}}', 127, 'family', 'en', ''),
(2032, '{{user_details}}', 128, 'name', 'en', ''),
(2033, '{{user_details}}', 128, 'family', 'en', ''),
(2034, '{{user_details}}', 129, 'name', 'en', ''),
(2035, '{{user_details}}', 129, 'family', 'en', ''),
(2036, '{{user_details}}', 130, 'name', 'en', ''),
(2037, '{{user_details}}', 130, 'family', 'en', ''),
(2038, '{{user_details}}', 131, 'name', 'en', ''),
(2039, '{{user_details}}', 131, 'family', 'en', ''),
(2040, '{{user_details}}', 132, 'name', 'en', ''),
(2041, '{{user_details}}', 132, 'family', 'en', ''),
(2042, '{{user_details}}', 133, 'name', 'en', ''),
(2043, '{{user_details}}', 133, 'family', 'en', ''),
(2044, '{{user_details}}', 134, 'name', 'en', ''),
(2045, '{{user_details}}', 134, 'family', 'en', ''),
(2046, '{{user_details}}', 135, 'name', 'en', ''),
(2047, '{{user_details}}', 135, 'family', 'en', ''),
(2048, '{{user_details}}', 136, 'name', 'en', ''),
(2049, '{{user_details}}', 136, 'family', 'en', ''),
(2050, '{{user_details}}', 137, 'name', 'en', ''),
(2051, '{{user_details}}', 137, 'family', 'en', ''),
(2052, '{{user_details}}', 138, 'name', 'en', ''),
(2053, '{{user_details}}', 138, 'family', 'en', ''),
(2054, '{{user_details}}', 139, 'name', 'en', ''),
(2055, '{{user_details}}', 139, 'family', 'en', ''),
(2056, '{{user_details}}', 140, 'name', 'en', ''),
(2057, '{{user_details}}', 140, 'family', 'en', ''),
(2058, '{{user_details}}', 141, 'name', 'en', ''),
(2059, '{{user_details}}', 141, 'family', 'en', ''),
(2060, '{{user_details}}', 142, 'name', 'en', ''),
(2061, '{{user_details}}', 142, 'family', 'en', ''),
(2062, '{{user_details}}', 143, 'name', 'en', ''),
(2063, '{{user_details}}', 143, 'family', 'en', ''),
(2068, '{{user_details}}', 144, 'name', 'en', ''),
(2069, '{{user_details}}', 144, 'family', 'en', ''),
(2070, '{{user_details}}', 145, 'name', 'en', ''),
(2071, '{{user_details}}', 145, 'family', 'en', ''),
(2072, '{{classes}}', 7, 'title', 'en', 'IELTS Academic Reading: group 1'),
(2073, '{{classes}}', 7, 'summary', 'en', ''),
(2076, '{{classes}}', 8, 'title', 'en', 'IELTS Academic Writing: group 1'),
(2077, '{{classes}}', 8, 'summary', 'en', ''),
(2078, '{{class_category_file_links}}', 118, 'title', 'en', 'Pre-IELTS Grammar Pamphlet by Amir Khadem'),
(2079, '{{class_category_file_links}}', 118, 'summary', 'en', 'This pamphlet and "IELTS Writing Pamphlet" have been taught by me, Amir Khadem, for almost 15 years in quite a few institutes and universities such as Sharif University of Technology, by the help of which many students have been able to successfully pass such tests as IELTS, TOEFL, PhD TOEFL, GRE, and GMAT.  Amir Khadem.'),
(2080, '{{class_category_file_links}}', 119, 'title', 'en', 'Academic IELTS Writing Pamphlet'),
(2081, '{{class_category_file_links}}', 119, 'summary', 'en', 'This pamphlet and "Academic Writing Pamphlet" have been taught by me, Amir Khadem, for almost 15 years in quite a few institutes and universities such as Sharif University of Technology, by the help of which many students have been able to successfully pass TOEFL, PhD TOEFL, IELTS, GRE, and GMAT. I hope you the next ones. Amir Khadem.'),
(2082, '{{class_category_file_links}}', 120, 'title', 'en', 'Pre-IELTS Grammar Pamphlet by Amir Khadem'),
(2083, '{{class_category_file_links}}', 120, 'summary', 'en', 'This pamphlet and "IELTS Writing Pamphlet" have been taught by me, Amir Khadem, for almost 15 years in quite a few institutes and universities such as Sharif University of Technology, by the help of which many students have been able to successfully pass such tests as IELTS, TOEFL, PhD TOEFL, GRE, and GMAT.  Amir Khadem.'),
(2084, '{{class_category_file_links}}', 121, 'title', 'en', 'Academic IELTS Writing Pamphlet'),
(2085, '{{class_category_file_links}}', 121, 'summary', 'en', 'This pamphlet and "Academic Writing Pamphlet" have been taught by me, Amir Khadem, for almost 15 years in quite a few institutes and universities such as Sharif University of Technology, by the help of which many students have been able to successfully pass TOEFL, PhD TOEFL, IELTS, GRE, and GMAT. I hope you the next ones. Amir Khadem.'),
(2086, '{{user_details}}', 146, 'name', 'en', ''),
(2087, '{{user_details}}', 146, 'family', 'en', ''),
(2088, '{{class_categories}}', 52, 'title', 'en', 'IELTS Speaking  (General & Academic)'),
(2089, '{{class_categories}}', 52, 'summary', 'en', '<p dir="ltr">All the&nbsp;General IELTS Listening and Speaking Sources are the same as those for Academic&nbsp;IELTS because these two skills are alike in both exams.&nbsp;</p>\r\n'),
(2090, '{{classes}}', 9, 'title', 'en', 'IELTS Speaking (General & Academic: group 1'),
(2091, '{{classes}}', 9, 'summary', 'en', ''),
(2092, '{{classes}}', 10, 'title', 'en', 'IELTS Listening (General & Academic): group 1'),
(2093, '{{classes}}', 10, 'summary', 'en', ''),
(2094, '{{classes}}', 11, 'title', 'en', 'IELTS General Reading: group 1'),
(2095, '{{classes}}', 11, 'summary', 'en', ''),
(2096, '{{classes}}', 12, 'title', 'en', 'IELTS General Writing: group 1'),
(2097, '{{classes}}', 12, 'summary', 'en', ''),
(2098, '{{user_details}}', 147, 'name', 'en', ''),
(2099, '{{user_details}}', 147, 'family', 'en', ''),
(2100, '{{user_details}}', 148, 'name', 'en', ''),
(2101, '{{user_details}}', 148, 'family', 'en', ''),
(2102, '{{user_details}}', 149, 'name', 'en', ''),
(2103, '{{user_details}}', 149, 'family', 'en', ''),
(2104, '{{user_details}}', 150, 'name', 'en', ''),
(2105, '{{user_details}}', 150, 'family', 'en', ''),
(2106, '{{class_category_file_links}}', 122, 'title', 'en', 'IELTS Speaking Syllabus'),
(2107, '{{class_category_file_links}}', 122, 'summary', 'en', ''),
(2108, '{{class_category_file_links}}', 123, 'title', 'en', 'IELTS Speaking Introduction'),
(2109, '{{class_category_file_links}}', 123, 'summary', 'en', ''),
(2110, '{{class_category_file_links}}', 124, 'title', 'en', 'IELTS Tutor Video'),
(2111, '{{class_category_file_links}}', 124, 'summary', 'en', 'In this video, all the four skills are taught by native Australian teachers.'),
(2112, '{{class_category_file_links}}', 125, 'title', 'en', 'IELTS Tutor Video'),
(2113, '{{class_category_file_links}}', 125, 'summary', 'en', 'In this video, all the four skills are taught by native Australian teachers.'),
(2114, '{{user_details}}', 151, 'name', 'en', ''),
(2115, '{{user_details}}', 151, 'family', 'en', ''),
(2116, '{{user_details}}', 152, 'name', 'en', ''),
(2117, '{{user_details}}', 152, 'family', 'en', ''),
(2118, '{{user_details}}', 153, 'name', 'en', ''),
(2119, '{{user_details}}', 153, 'family', 'en', ''),
(2120, '{{class_category_file_links}}', 126, 'title', 'en', 'IELTS Academic Reading Syllabus'),
(2121, '{{class_category_file_links}}', 126, 'summary', 'en', 'IELTS Academic Reading References to be covered in Avaye Shahir Institute'),
(2124, '{{class_categories}}', 53, 'title', 'en', 'IELTS Academic Writing'),
(2125, '{{class_categories}}', 53, 'summary', 'en', ''),
(2126, '{{class_category_file_links}}', 128, 'title', 'en', 'Academic IELTS Writing Syllabus'),
(2127, '{{class_category_file_links}}', 128, 'summary', 'en', 'These are the best IELTS Academic Writing references, parts of which will be covered in the courses offered in Avaye Shahir Institute and some parts are for self-study. '),
(2128, '{{user_details}}', 154, 'name', 'en', ''),
(2129, '{{user_details}}', 154, 'family', 'en', ''),
(2130, '{{user_details}}', 155, 'name', 'en', ''),
(2131, '{{user_details}}', 155, 'family', 'en', ''),
(2132, '{{user_details}}', 156, 'name', 'en', ''),
(2133, '{{user_details}}', 156, 'family', 'en', ''),
(2134, '{{user_details}}', 157, 'name', 'en', ''),
(2135, '{{user_details}}', 157, 'family', 'en', ''),
(2136, '{{user_details}}', 158, 'name', 'en', ''),
(2137, '{{user_details}}', 158, 'family', 'en', ''),
(2138, '{{class_category_file_links}}', 129, 'title', 'en', 'TPO 1 to 36'),
(2139, '{{class_category_file_links}}', 129, 'summary', 'en', ''),
(2140, '{{class_category_file_links}}', 130, 'title', 'en', 'TPO 40 to 48'),
(2141, '{{class_category_file_links}}', 130, 'summary', 'en', ''),
(2142, '{{class_category_file_links}}', 131, 'title', 'en', 'Common Mistakes at IELTS: Advanced'),
(2143, '{{class_category_file_links}}', 131, 'summary', 'en', ''),
(2144, '{{class_category_file_links}}', 132, 'title', 'en', 'Idioms and Phrasal verbs'),
(2145, '{{class_category_file_links}}', 132, 'summary', 'en', ''),
(2146, '{{class_category_file_links}}', 133, 'title', 'en', 'Collins Vocabulary for IELTS'),
(2147, '{{class_category_file_links}}', 133, 'summary', 'en', ''),
(2148, '{{class_category_file_links}}', 134, 'title', 'en', 'Collins Vocabulary for IELTS CD'),
(2149, '{{class_category_file_links}}', 134, 'summary', 'en', ''),
(2150, '{{user_details}}', 159, 'name', 'en', ''),
(2151, '{{user_details}}', 159, 'family', 'en', ''),
(2152, '{{user_details}}', 160, 'name', 'en', ''),
(2153, '{{user_details}}', 160, 'family', 'en', ''),
(2154, '{{user_details}}', 161, 'name', 'en', ''),
(2155, '{{user_details}}', 161, 'family', 'en', ''),
(2156, '{{user_details}}', 162, 'name', 'en', ''),
(2157, '{{user_details}}', 162, 'family', 'en', ''),
(2158, '{{user_details}}', 163, 'name', 'en', ''),
(2159, '{{user_details}}', 163, 'family', 'en', ''),
(2160, '{{class_category_file_links}}', 135, 'title', 'en', 'Audio Files for Cambridge Vocabulary for IELTS'),
(2161, '{{class_category_file_links}}', 135, 'summary', 'en', ''),
(2162, '{{class_category_file_links}}', 136, 'title', 'en', 'Cambridge Vocabulary for IELTS'),
(2163, '{{class_category_file_links}}', 136, 'summary', 'en', ''),
(2164, '{{user_details}}', 164, 'name', 'en', ''),
(2165, '{{user_details}}', 164, 'family', 'en', ''),
(2166, '{{user_details}}', 165, 'name', 'en', ''),
(2167, '{{user_details}}', 165, 'family', 'en', ''),
(2168, '{{class_category_file_links}}', 137, 'title', 'en', 'IELTS Test Builder 2 PDF'),
(2169, '{{class_category_file_links}}', 137, 'summary', 'en', ''),
(2170, '{{class_category_file_links}}', 138, 'title', 'en', 'Audio Files of Test 1: IELTS Test Builder 2'),
(2171, '{{class_category_file_links}}', 138, 'summary', 'en', ''),
(2172, '{{class_category_file_links}}', 139, 'title', 'en', 'Audio Files of Test 2: IELTS Test Builder 2'),
(2173, '{{class_category_file_links}}', 139, 'summary', 'en', ''),
(2174, '{{class_category_file_links}}', 140, 'title', 'en', 'Audio Files of Test 3: IELTS Test Builder 2'),
(2175, '{{class_category_file_links}}', 140, 'summary', 'en', ''),
(2176, '{{class_category_file_links}}', 141, 'title', 'en', 'Audio Files of Test 4: IELTS Test Builder 2'),
(2177, '{{class_category_file_links}}', 141, 'summary', 'en', ''),
(2178, '{{class_category_file_links}}', 142, 'title', 'en', '7 Sample IELTS Speaking Exams'),
(2179, '{{class_category_file_links}}', 142, 'summary', 'en', ''),
(2180, '{{class_category_file_links}}', 143, 'title', 'en', 'Speaking Session 1 Topic 4 (The Weather)'),
(2181, '{{class_category_file_links}}', 143, 'summary', 'en', 'This is one of the many speaking lessons that are covered in the speaking classes at Avaye Shahir Institute.'),
(2182, '{{class_category_file_links}}', 144, 'title', 'en', 'IELTS Listening Syllabus: Academic & General Training'),
(2183, '{{class_category_file_links}}', 144, 'summary', 'en', ''),
(2184, '{{class_category_file_links}}', 145, 'title', 'en', 'General Training Reading Syllabus'),
(2185, '{{class_category_file_links}}', 145, 'summary', 'en', ''),
(2186, '{{class_category_file_links}}', 146, 'title', 'en', 'General Training IELTS—Writing Syllabus'),
(2187, '{{class_category_file_links}}', 146, 'summary', 'en', ''),
(2188, '{{class_category_file_links}}', 147, 'title', 'en', '20 Common IELTS Essays Prompts Divided by Topic'),
(2189, '{{class_category_file_links}}', 147, 'summary', 'en', 'This file has categorized IELTS Essays into 20 separate topics, making it easy for IELTS test takers to write and memorize.'),
(2190, '{{class_category_file_links}}', 148, 'title', 'en', '5 Common IELTS Essay Question Types'),
(2191, '{{class_category_file_links}}', 148, 'summary', 'en', 'This file introduces the 5 Common IELTS Essay Question Types together with some sample questions.'),
(2192, '{{user_details}}', 166, 'name', 'en', ''),
(2193, '{{user_details}}', 166, 'family', 'en', ''),
(2194, '{{user_details}}', 167, 'name', 'en', ''),
(2195, '{{user_details}}', 167, 'family', 'en', ''),
(2196, '{{user_details}}', 168, 'name', 'en', ''),
(2197, '{{user_details}}', 168, 'family', 'en', ''),
(2198, '{{user_details}}', 169, 'name', 'en', ''),
(2199, '{{user_details}}', 169, 'family', 'en', ''),
(2200, '{{user_details}}', 170, 'name', 'en', ''),
(2201, '{{user_details}}', 170, 'family', 'en', ''),
(2202, '{{user_details}}', 171, 'name', 'en', ''),
(2203, '{{user_details}}', 171, 'family', 'en', ''),
(2204, '{{user_details}}', 172, 'name', 'en', ''),
(2205, '{{user_details}}', 172, 'family', 'en', ''),
(2206, '{{user_details}}', 173, 'name', 'en', ''),
(2207, '{{user_details}}', 173, 'family', 'en', ''),
(2208, '{{user_details}}', 174, 'name', 'en', ''),
(2209, '{{user_details}}', 174, 'family', 'en', ''),
(2210, '{{user_details}}', 175, 'name', 'en', ''),
(2211, '{{user_details}}', 175, 'family', 'en', ''),
(2212, '{{class_category_file_links}}', 149, 'title', 'en', 'Longman Common Mistakes in English'),
(2213, '{{class_category_file_links}}', 149, 'summary', 'en', 'This book is a great reference for the PhD TOEFL grammar tests.'),
(2214, '{{class_category_file_links}}', 150, 'title', 'en', 'Longman Common Mistakes in English'),
(2215, '{{class_category_file_links}}', 150, 'summary', 'en', 'This book is a great reference for the iBT TOEFL Writing tasks.'),
(2216, '{{class_category_file_links}}', 151, 'title', 'en', 'A Sample TOEFL iBT Report Card'),
(2217, '{{class_category_file_links}}', 151, 'summary', 'en', ''),
(2218, '{{class_category_file_links}}', 152, 'title', 'en', 'TOEFL iBT Syllabus for All Skills'),
(2219, '{{class_category_file_links}}', 152, 'summary', 'en', 'In this file, which is the essence of my experience from years of teaching in such universities as Sharif University of Technology and Amirkabir Polytechnique University, etc, I have elaborated on - explained in detail - the syllabus I have prepared for TOEFL iBT Test. If you carefully follow this syllabus, you will ace the TOEFL Test as many of my students, regardless of their levels, have done so far and received brilliant scores in the test. I hope you are the next one to get a high score.\r\nWish you luck.\r\nAmir Khadem'),
(2220, '{{class_category_file_links}}', 153, 'title', 'en', 'Essential English Idioms Elementary, Intermediate, and Advanced'),
(2221, '{{class_category_file_links}}', 153, 'summary', 'en', 'The book Essential English Idioms is a very important vocabulary source for all 4 skills of TOEFL iBT.'),
(2222, '{{class_category_file_links}}', 154, 'title', 'en', 'Reading Score from 0 to 30 Based on the Questions Answered'),
(2223, '{{class_category_file_links}}', 154, 'summary', 'en', ''),
(2224, '{{class_category_file_links}}', 155, 'title', 'en', 'Essential Words for the TOEFL'),
(2225, '{{class_category_file_links}}', 155, 'summary', 'en', 'This book is good for those who do not have much time for the iBT TOEFL Test. For those who have more time, the book 4000 Essential Words is strongly recommended.'),
(2226, '{{class_category_file_links}}', 156, 'title', 'en', 'TPO Words'),
(2227, '{{class_category_file_links}}', 156, 'summary', 'en', 'This file contains a big proportion of the words tested in TOEFL iBT Test.'),
(2230, '{{user_details}}', 176, 'name', 'en', ''),
(2231, '{{user_details}}', 176, 'family', 'en', ''),
(2232, '{{class_category_file_links}}', 158, 'title', 'en', 'TPO 1-24 Writing Independent Answers'),
(2233, '{{class_category_file_links}}', 158, 'summary', 'en', 'This file contains 24 writing samples of TPO Tests, which are good for getting ideas. However, in terms of grammatical structures, they are not that reliable.'),
(2234, '{{class_category_file_links}}', 159, 'title', 'en', 'TPO 1-24 Speaking Answers'),
(2235, '{{class_category_file_links}}', 159, 'summary', 'en', 'This file contains 24 speaking samples of TPO Tests, which are good for getting ideas. However, in terms of grammatical structures, they are not that reliable.'),
(2236, '{{class_category_file_links}}', 160, 'title', 'en', 'How Your Writing Is Scored'),
(2237, '{{class_category_file_links}}', 160, 'summary', 'en', ''),
(2238, '{{class_category_file_links}}', 161, 'title', 'en', 'Parts of the book TOEFL Writing Success 4th Edition by Amir Khadem'),
(2239, '{{class_category_file_links}}', 161, 'summary', 'en', 'TOEFL Writing Success 4th Edition is a book that provides proven techniques for a higher score in such tests as TOEFL, IELTS, GRE, and GMAT. The book contains 165 writing samples of my top students, corrected by the author, together with 4 writing samples by the author, all of which, I think, are of great help to IELTS, GMAT, and GRE test takers in general and TOEFL test takers in particular. It also contains punctuation and common errors of Iranian test takers, which are of great help to those who want to take part in the aforementioned tests. There are many new Integrated samples and exercises which are great to improve students'' abilities for TOEFL. This book has ample exercises on paraphrasing, note taking, and synthesizing, to name but a handful. It is worth mentioning that the book is particularly suitable for upper intermediate and advanced levels.'),
(2240, '{{class_category_file_links}}', 162, 'title', 'en', 'The glossary for the book TOEFL Writing Success 4th Edition by Amir Khadem'),
(2241, '{{class_category_file_links}}', 162, 'summary', 'en', 'Since the words used in the book TOEFL Writing Success 4th Edition are difficult but practical, it is strongly recommended that you use the glossary of the book for better understanding and correct usage of these words and phrases.'),
(2242, '{{class_category_file_links}}', 163, 'title', 'en', 'Pre-TOEFL Pamphlet Compiled by Amir Khadem'),
(2243, '{{class_category_file_links}}', 163, 'summary', 'en', 'This pamphlet and the other one "TOEFL Writing Pamphlet" have been taught by me, Amir Khadem, for almost 15 years in quite a few institutes and universities such as Sharif University of Technology, by the help of which many students have been able to successfully pass TOEFL, PhD TOEFL, IELTS, GRE, and GMAT. I hope you the next ones. Amir Khadem.'),
(2244, '{{class_category_file_links}}', 164, 'title', 'en', 'TOEFL Writing Pamphlet Compiled by Amir Khadem'),
(2245, '{{class_category_file_links}}', 164, 'summary', 'en', 'This pamphlet and the other one "Pre-TOEFL Pamphlet" have been taught by me, Amir Khadem, for almost 15 years in quite a few institutes and universities such as Sharif University of Technology, by the help of which many students have been able to successfully pass TOEFL, PhD TOEFL, IELTS, GRE, and GMAT. I hope you the next ones. Amir Khadem'),
(2246, '{{user_details}}', 177, 'name', 'en', ''),
(2247, '{{user_details}}', 177, 'family', 'en', ''),
(2248, '{{user_details}}', 178, 'name', 'en', ''),
(2249, '{{user_details}}', 178, 'family', 'en', ''),
(2250, '{{class_category_file_links}}', 165, 'title', 'en', 'The Most Recent Writing Topics Offered in TOEFL iBT'),
(2251, '{{class_category_file_links}}', 165, 'summary', 'en', ''),
(2252, '{{class_category_file_links}}', 166, 'title', 'en', 'The Most Recent Speaking Questions Offered in TOEFL'),
(2253, '{{class_category_file_links}}', 166, 'summary', 'en', ''),
(2254, '{{user_details}}', 179, 'name', 'en', ''),
(2255, '{{user_details}}', 179, 'family', 'en', ''),
(2256, '{{class_category_file_links}}', 167, 'title', 'en', 'The Most Beautiful Quotes of All Time'),
(2257, '{{class_category_file_links}}', 167, 'summary', 'en', 'Reading these quotes provides you with creative ideas and guarantees your success in almost all English proficiency exams.'),
(2258, '{{class_category_file_links}}', 168, 'title', 'en', 'English Proverbs with their Persian Equivalents'),
(2259, '{{class_category_file_links}}', 168, 'summary', 'en', 'Reading these proverbs provides you with creative ideas and guarantees your success in almost all English proficiency exams.'),
(2260, '{{class_category_file_links}}', 169, 'title', 'en', '29 Categories of Writing Topics'),
(2261, '{{class_category_file_links}}', 169, 'summary', 'en', ''),
(2262, '{{class_category_file_links}}', 170, 'title', 'en', 'Categorized Proverbs & Quotations'),
(2263, '{{class_category_file_links}}', 170, 'summary', 'en', 'Reading these proverbs is really enjoyable and improves your writing dramatically.'),
(2264, '{{class_category_file_links}}', 171, 'title', 'en', 'How to Install Babylon'),
(2265, '{{class_category_file_links}}', 171, 'summary', 'en', ''),
(2266, '{{class_category_file_links}}', 172, 'title', 'en', 'Babylon Setup File'),
(2267, '{{class_category_file_links}}', 172, 'summary', 'en', ''),
(2268, '{{class_category_file_links}}', 173, 'title', 'en', 'Babylon Crack File'),
(2269, '{{class_category_file_links}}', 173, 'summary', 'en', ''),
(2270, '{{class_category_file_links}}', 174, 'title', 'en', 'Answer Key for TOEFL Writing Pamphlet by Amir Khadem'),
(2271, '{{class_category_file_links}}', 174, 'summary', 'en', ''),
(2272, '{{class_category_file_links}}', 175, 'title', 'en', 'Listening Score from 0 to 30'),
(2273, '{{class_category_file_links}}', 175, 'summary', 'en', ''),
(2274, '{{class_category_file_links}}', 176, 'title', 'en', 'About the Listening Tracks Usually Repeated in TOEFL i BT Test'),
(2275, '{{class_category_file_links}}', 176, 'summary', 'en', ''),
(2276, '{{class_category_file_links}}', 177, 'title', 'en', 'A Student''s ID Card Complete'),
(2277, '{{class_category_file_links}}', 177, 'summary', 'en', ''),
(2278, '{{class_category_file_links}}', 178, 'title', 'en', 'William Wordsworth Complete'),
(2279, '{{class_category_file_links}}', 178, 'summary', 'en', ''),
(2280, '{{class_category_file_links}}', 179, 'title', 'en', 'Birds'' Migration Complete'),
(2281, '{{class_category_file_links}}', 179, 'summary', 'en', ''),
(2282, '{{class_category_file_links}}', 180, 'title', 'en', 'Glial Cell Complete'),
(2283, '{{class_category_file_links}}', 180, 'summary', 'en', ''),
(2284, '{{class_category_file_links}}', 181, 'title', 'en', 'Ragtime Music'),
(2285, '{{class_category_file_links}}', 181, 'summary', 'en', ''),
(2286, '{{class_category_file_links}}', 182, 'title', 'en', 'Rafflesia'),
(2287, '{{class_category_file_links}}', 182, 'summary', 'en', ''),
(2288, '{{user_details}}', 180, 'name', 'en', ''),
(2289, '{{user_details}}', 180, 'family', 'en', ''),
(2290, '{{class_category_file_links}}', 183, 'title', 'en', 'Vocabularies Often Used in Campus '),
(2291, '{{class_category_file_links}}', 183, 'summary', 'en', ''),
(2292, '{{class_category_file_links}}', 184, 'title', 'en', 'How Your Speaking Is Scored in iBT TOEFL'),
(2293, '{{class_category_file_links}}', 184, 'summary', 'en', ''),
(2294, '{{class_category_file_links}}', 185, 'title', 'en', 'Some Good Ideas for Speaking and Writing'),
(2295, '{{class_category_file_links}}', 185, 'summary', 'en', ''),
(2296, '{{class_category_file_links}}', 186, 'title', 'en', 'Some Good Ideas for Speaking and Writing'),
(2297, '{{class_category_file_links}}', 186, 'summary', 'en', ''),
(2298, '{{user_details}}', 181, 'name', 'en', ''),
(2299, '{{user_details}}', 181, 'family', 'en', ''),
(2300, '{{user_details}}', 182, 'name', 'en', ''),
(2301, '{{user_details}}', 182, 'family', 'en', ''),
(2302, '{{user_details}}', 183, 'name', 'en', ''),
(2303, '{{user_details}}', 183, 'family', 'en', ''),
(2304, '{{user_details}}', 184, 'name', 'en', ''),
(2305, '{{user_details}}', 184, 'family', 'en', ''),
(2306, '{{user_details}}', 185, 'name', 'en', ''),
(2307, '{{user_details}}', 185, 'family', 'en', ''),
(2308, '{{user_details}}', 186, 'name', 'en', ''),
(2309, '{{user_details}}', 186, 'family', 'en', ''),
(2310, '{{user_details}}', 187, 'name', 'en', ''),
(2311, '{{user_details}}', 187, 'family', 'en', ''),
(2312, '{{user_details}}', 188, 'name', 'en', ''),
(2313, '{{user_details}}', 188, 'family', 'en', ''),
(2314, '{{user_details}}', 189, 'name', 'en', ''),
(2315, '{{user_details}}', 189, 'family', 'en', ''),
(2316, '{{user_details}}', 190, 'name', 'en', ''),
(2317, '{{user_details}}', 190, 'family', 'en', ''),
(2318, '{{user_details}}', 191, 'name', 'en', ''),
(2319, '{{user_details}}', 191, 'family', 'en', ''),
(2320, '{{user_details}}', 192, 'name', 'en', ''),
(2321, '{{user_details}}', 192, 'family', 'en', ''),
(2322, '{{classes}}', 13, 'title', 'en', ''),
(2323, '{{classes}}', 13, 'summary', 'en', ''),
(2324, '{{user_details}}', 193, 'name', 'en', ''),
(2325, '{{user_details}}', 193, 'family', 'en', ''),
(2326, '{{user_details}}', 194, 'name', 'en', ''),
(2327, '{{user_details}}', 194, 'family', 'en', ''),
(2328, '{{user_details}}', 195, 'name', 'en', ''),
(2329, '{{user_details}}', 195, 'family', 'en', ''),
(2330, '{{user_details}}', 196, 'name', 'en', ''),
(2331, '{{user_details}}', 196, 'family', 'en', ''),
(2332, '{{class_category_file_links}}', 187, 'title', 'en', ' Word Formation Class Syllabus'),
(2333, '{{class_category_file_links}}', 187, 'summary', 'en', 'Word Formation Class\r\n\r\nOne of the biggest problems every IELTS, TOEFL, and GRE candidate faces is the issue of vocabulary. It will not be an exaggeration if one says that the task of learning vocabularies is so formidable that many candidates have no choice except shying away from or postponing the exam. However, there are some ways which are able to reduce the amount of challenge for the candidates, and one of the best ones is learning words through word formation. The syllabus proposed by Avaye Shahir Institute is a shortcut to internalize 1,200 English words in just eight sessions. A simple look at the syllabus makes it clear that the sample words indicated are not easy and can challenge any candidate. Nonetheless, instead of demotivating the learners, the trainer has arranged them in a way that they can make learning experience a fascinating and constructive effort. Each session is divided into three parts: the focus in the first part is on prefixes and suffixes alongside main ideas. The second and third part are arranged harmoniously to cover a broad range of vocabularies without threatening the curiosity of the learners. There is also a section devised in the second group that considers English words borrowed from other languages. It should be mentioned that the candidates can cover 10 vocabularies derived from every word; that means, they learn 150 words in each session. There are also some exercises accompanied by the term pamphlet to assist the candidates to internalize the words effectively and efficiently.\r\nHossein Khezerlou'),
(2334, '{{class_category_file_links}}', 188, 'title', 'en', 'Word Formation Session 1 (Words from French)'),
(2335, '{{class_category_file_links}}', 188, 'summary', 'en', ''),
(2336, '{{class_category_file_links}}', 189, 'title', 'en', 'Word Formation Session 8 (AmorPhilos)'),
(2337, '{{class_category_file_links}}', 189, 'summary', 'en', ''),
(2338, '{{user_details}}', 197, 'name', 'en', ''),
(2339, '{{user_details}}', 197, 'family', 'en', ''),
(2340, '{{user_details}}', 198, 'name', 'en', ''),
(2341, '{{user_details}}', 198, 'family', 'en', ''),
(2342, '{{user_details}}', 199, 'name', 'en', ''),
(2343, '{{user_details}}', 199, 'family', 'en', ''),
(2344, '{{user_details}}', 200, 'name', 'en', ''),
(2345, '{{user_details}}', 200, 'family', 'en', ''),
(2346, '{{user_details}}', 201, 'name', 'en', ''),
(2347, '{{user_details}}', 201, 'family', 'en', ''),
(2348, '{{class_category_file_links}}', 190, 'title', 'en', 'Master the GRE 2014 - Peterson'),
(2349, '{{class_category_file_links}}', 190, 'summary', 'en', ''),
(2350, '{{class_category_file_links}}', 191, 'title', 'en', 'GRE Math Bible - Nova'),
(2351, '{{class_category_file_links}}', 191, 'summary', 'en', ''),
(2352, '{{class_category_file_links}}', 192, 'title', 'en', 'GRE Vocabulary Tests'),
(2353, '{{class_category_file_links}}', 192, 'summary', 'en', ''),
(2354, '{{class_category_file_links}}', 193, 'title', 'en', 'Word Roots, Prefixes & Suffixes Flashcards'),
(2355, '{{class_category_file_links}}', 193, 'summary', 'en', '');
INSERT INTO `ym_translations` (`id`, `table_name`, `model_id`, `attribute`, `lang`, `value`) VALUES
(2356, '{{class_category_file_links}}', 194, 'title', 'en', 'English Language Roots, Prefixes & Suffixes'),
(2357, '{{class_category_file_links}}', 194, 'summary', 'en', ''),
(2358, '{{class_categories}}', 54, 'title', 'en', 'About GMAT Exam '),
(2359, '{{class_categories}}', 54, 'summary', 'en', ''),
(2360, '{{class_category_file_links}}', 195, 'title', 'en', 'The Official Guide fot GMAT Review 2015 - Wiley Publication'),
(2361, '{{class_category_file_links}}', 195, 'summary', 'en', ''),
(2362, '{{class_category_file_links}}', 196, 'title', 'en', 'Analytical Writing Sample Essays and Commentaries-Large Print (18 point) Edition'),
(2363, '{{class_category_file_links}}', 196, 'summary', 'en', ''),
(2364, '{{class_category_file_links}}', 197, 'title', 'en', 'Official GRE Verbal Reasoning Practice Questions Volume One'),
(2365, '{{class_category_file_links}}', 197, 'summary', 'en', ''),
(2366, '{{class_category_file_links}}', 198, 'title', 'en', 'Official GRE Quantitative Reasoning - Vol 1 - ETS'),
(2367, '{{class_category_file_links}}', 198, 'summary', 'en', ''),
(2368, '{{class_category_file_links}}', 199, 'title', 'en', 'Mathematical Conventions - ETS'),
(2369, '{{class_category_file_links}}', 199, 'summary', 'en', ''),
(2370, '{{class_category_file_links}}', 200, 'title', 'en', 'Math Review (ETS)'),
(2371, '{{class_category_file_links}}', 200, 'summary', 'en', ''),
(2372, '{{class_category_file_links}}', 201, 'title', 'en', 'Master the GRE 2014 - Peterson'),
(2373, '{{class_category_file_links}}', 201, 'summary', 'en', ''),
(2376, '{{class_category_file_links}}', 203, 'title', 'en', 'Word Roots, Prefixes & Suffixes Flashcards'),
(2377, '{{class_category_file_links}}', 203, 'summary', 'en', ''),
(2378, '{{class_category_file_links}}', 204, 'title', 'en', 'English Language Roots, Prefixes & Suffixes'),
(2379, '{{class_category_file_links}}', 204, 'summary', 'en', ''),
(2380, '{{class_category_file_links}}', 205, 'title', 'en', 'Word Roots, Prefixes & Suffixes Flashcards'),
(2381, '{{class_category_file_links}}', 205, 'summary', 'en', ''),
(2382, '{{class_category_file_links}}', 206, 'title', 'en', 'English Language Roots, Prefixes & Suffixes'),
(2383, '{{class_category_file_links}}', 206, 'summary', 'en', ''),
(2384, '{{user_details}}', 202, 'name', 'en', ''),
(2385, '{{user_details}}', 202, 'family', 'en', ''),
(2386, '{{user_details}}', 203, 'name', 'en', ''),
(2387, '{{user_details}}', 203, 'family', 'en', ''),
(2388, '{{user_details}}', 204, 'name', 'en', ''),
(2389, '{{user_details}}', 204, 'family', 'en', ''),
(2390, '{{user_details}}', 205, 'name', 'en', ''),
(2391, '{{user_details}}', 205, 'family', 'en', ''),
(2392, '{{user_details}}', 206, 'name', 'en', ''),
(2393, '{{user_details}}', 206, 'family', 'en', ''),
(2394, '{{user_details}}', 207, 'name', 'en', ''),
(2395, '{{user_details}}', 207, 'family', 'en', ''),
(2396, '{{user_details}}', 208, 'name', 'en', ''),
(2397, '{{user_details}}', 208, 'family', 'en', ''),
(2398, '{{user_details}}', 209, 'name', 'en', ''),
(2399, '{{user_details}}', 209, 'family', 'en', ''),
(2400, '{{user_details}}', 210, 'name', 'en', ''),
(2401, '{{user_details}}', 210, 'family', 'en', '');

-- --------------------------------------------------------

--
-- Table structure for table `ym_users`
--

CREATE TABLE IF NOT EXISTS `ym_users` (
  `id` int(10) unsigned NOT NULL AUTO_INCREMENT,
  `username` varchar(100) NOT NULL,
  `password` varchar(100) NOT NULL,
  `email` varchar(255) NOT NULL COMMENT 'پست الکترونیک',
  `role_id` int(10) unsigned DEFAULT NULL,
  `status` enum('pending','active','blocked','deleted') DEFAULT 'pending',
  `verification_token` varchar(100) NOT NULL DEFAULT '',
  `change_password_request_count` int(1) NOT NULL DEFAULT '0',
  `create_date` varchar(20) NOT NULL DEFAULT '',
  PRIMARY KEY (`id`),
  KEY `role_id` (`role_id`)
) ENGINE=InnoDB  DEFAULT CHARSET=utf8 AUTO_INCREMENT=211 ;

--
-- Dumping data for table `ym_users`
--

INSERT INTO `ym_users` (`id`, `username`, `password`, `email`, `role_id`, `status`, `verification_token`, `change_password_request_count`, `create_date`) VALUES
(32, '', '$2a$12$5/o25pnfF2NSbKj44.0tTe3LCpMeMJjODaWGIcic80szeo5.V6kwS', 'Erfan_ghaffarian@yahoo.com', 2, 'active', '', 0, ''),
(33, '', '$2a$12$V0eTYD4WyfMGMDRAQ36Mp.T.kXq6.UQsz2bIw9ZXDlcGumyI4jqtW', 'khadem8234@yahoo.com', 2, 'active', '', 0, ''),
(34, '', '$2a$12$bCc2shivlakxMzXZiURmk.v.nm6.O/Gj2RYIfhv1u0figIBIn37t6', 'hamid2386@yahoo.com', 2, 'active', '', 0, ''),
(41, '', '$2a$12$cgM4ft7LN72mMgLnhFn9TeCSZ6JeX0gI4QQf20mck9NMjjsUyAgVG', 'amirhosseinkhezerlou@gmail.com', 2, 'active', '', 0, ''),
(42, '', '$2a$12$Nc1NpH2v2kXxI7TIg/u/LuM//J9T.jZQFiCt9o2uYvSXXEiM.CTQO', 'shoheirish@yahoo.com', 1, 'active', '', 0, ''),
(45, '', '$2a$12$8y9ddqm8uWfgiKmycA/6IenxI11H9EWXbPTAKRDB8LXGa77aydMw2', 'ftm.asg@gmail.com', 1, 'active', '', 0, ''),
(46, '', '$2a$12$ZPGc73j1XW48HCut2ZV2uOpwUkdfWN4UAvvgtRZkrQY3VogkVxQEq', 'noreply@avayeshahir.com', 1, 'active', '', 0, ''),
(47, '', '$2a$12$hfQBuO8QY91LTf1pq3Cn3.8gr0E6cxazarej14t9BtNo1H8XB0VDu', 'altafi_mk1369@yahoo.com', 1, 'active', '1225f1fad86166d97083acd92d6f12aa', 3, ''),
(48, '', '$2a$12$XQ.o1ZHjSBmpc0LbdmvvwOcaihtF9QDvtTqVI1r736kFXT.xLQaDK', 'hamid.goudarzi@me.com', 1, 'active', 'e18085844743455a9b7a2002fabf49ca', 2, ''),
(49, '', '$2a$12$WVyYU8OGdqSz1F73Kfc7KueEv5qnCVcLh2mngG4TWSeXuSa1JDXhu', 'a.pilali91@gmail.com', 1, 'active', '', 0, ''),
(50, '', '$2a$12$5MEww6mnx/FyTcnckAJgzOC7qtgrI0Ic7msH9fVJFADrCTdokJnti', 'matinhz@gmail.com', 1, 'active', '', 0, ''),
(51, '', '$2a$12$8Cd5zG6AwV97itvUWGFBS.EODxr2ROEJhYIGL52WfCTglroKpyTbG', 'behshad.lahijanian@gmail.com', 1, 'active', '', 0, ''),
(52, '', '$2a$12$8iaiOcF1sqVTEuMG2Ya9A..LsiMAPcbydDEoKOOj.e8a7bJPRy3bq', 'pourya.delafrouz@yahoo.com', 1, 'active', '', 0, ''),
(53, '', '$2a$12$fcYFO0M4NawRlqVvvNFrmOxLbLkVTnqXMzVCbfVpUNg6jOcldFBVy', 'mohsen_mirzaeesisan@yahoo.com', 1, 'active', '', 0, ''),
(54, '', '$2a$12$hyP1/HQPwRTabLyQtkOstOpP6fblO4fnc51qvUQOJC2w6QAVGgQLu', 'sabolhassani@ut.ac.ir', 1, 'active', '', 0, ''),
(55, '', '$2a$12$.ahltIgCCARLQDi5mal82uOXzSebaRribsUOIrMVJST7pbONzO8lm', 'mortezanear@yahoo.com', 1, 'active', '', 0, ''),
(70, '', '$2a$12$NnBquXmveskaHJJJZabdYeU1Bb9mUwrRFDtv0RIqcGv3mRK9uFCKS', 'roozbehsalehi73@gmail.com', 1, 'active', '', 0, ''),
(71, '', '$2a$12$lId9nylvEhHWJwtrMki/7usAhsmfDKhKv12ZQBsGYuhRUJMEaYNtm', 'hamid.ghaderi777@yahoo.com', 1, 'active', 'a139861869ff73deed52983b1ff35923', 3, ''),
(72, '', '$2a$12$PvFYslUjwsGPJJE5dcZ//.isg7YEBlGHEghMlXZ2RjJ/Gn8g4xDqu', 'mohamad.karbalaee@gmail.com', 1, 'active', '', 0, ''),
(73, '', '$2a$12$0jmjrWovgnQodrv0F98ugeubvrSd0ZY8Q2HrjaQ.36aK5eodW3pTq', 'izadifarvahid@gmail.com', 2, 'active', '', 0, ''),
(74, '', '$2a$12$ERHZ2CDrpD0rEUdP1uEJguHiT0LYe6Qlz.NMNh4q1YMHYP6nHLT4G', 'amiralimasoodi@yahoo.com', 1, 'active', '', 0, ''),
(75, '', '$2a$12$./R0JghHWtaXFRhUWb1GuOwlPvCaWZ7/rM6uIVl77xHHS1.lO9s4G', 'esaffari12@gmail.com', 1, 'active', '', 0, ''),
(76, '', '$2a$12$6y3qzyKCg8r9HiZeTfzmq.oUkc9SbhFT1BnVc1yqb0E31R5watcoa', 'maryam.amiri136@gmail.com', 1, 'active', '', 0, ''),
(77, '', '$2a$12$lHzN271y.JxKGfbVddQjfOc02zuGMydG4Ztz3YOx.iiBiH.BoiTLW', 'ashnaa71@yahoo.com', 1, 'active', '', 0, ''),
(78, '', '$2a$12$G7wAs8FLoZ0OecuWovNZluGnceINhmWn0gPvcIF.fkxKaCd6Y/mwi', 'sarazahedian.2@gmail.com', 1, 'active', '', 0, ''),
(79, '', '$2a$12$.1hZHqA.JdJzPs/osXLay.3v6yqscxMQ4/VR2o94uJJpceaUoo4ae', 'z_cr30@yahoo.com', 1, 'active', '', 0, ''),
(80, '', '$2a$12$ndNcu1uaHS/3dphN.ht36.6pM3Dknq4pzhgLVslNA0Zs1uCYN99Pq', 'sedisadeghi@yahoo.com', 1, 'active', '', 0, ''),
(81, '', '$2a$12$TLWkMKcKY3w.o9bhVytIbuc0wY7oywb5yycQZG7NBpQD41eKeP.vO', 'honey.gorji@gmail.com', 1, 'active', '', 0, ''),
(82, '', '$2a$12$pjRJ0z3ap.bR2Vs6QzBe0eyOMX3uk23dzmVXOalKV7hP9sD4cRjnu', 'nazilaa.yousefi@gmail.com', 1, 'active', '', 0, ''),
(83, '', '$2a$12$fWea7ZHUjGg3BCx.EpzT9ena2BG.zJfzSFmjlI4efVqbWmaslvzey', 'fallah.mse@gmail.com', 1, 'active', '', 0, ''),
(84, '', '$2a$12$hoOH0aVNpCS1PBsTa7P2L.8UIw3Vzl/uUeYbmgoM5gOfoNOhFQz.G', 'helia.hashemi32@gmail.com', 1, 'active', '', 0, ''),
(85, '', '$2a$12$P1ByrBZYayNGVGSVB6ezteKmYXvVCKxRa4J0MLzBEXvi42W7ZJL4q', 'amir8234@yahoo.com', 1, 'active', '', 0, ''),
(87, '', '$2a$12$w0GXvNw/IGL8IHmjrl/KvenJ4kv2t8TtvnIiB9Ow.gkyDTloQHJay', 'royadianat@gmail.com', 1, 'active', '', 0, ''),
(89, '', '$2a$12$/BgJkyJmu3YB3b6jI8Isuusvk.gimgQz7xIbNK0jXjHI7z55SjhnS', 'yusef@gmail.com', 1, 'active', '', 0, ''),
(90, '', '$2a$12$FiilkcqGMPpvhAUps6.rp.MidG0/cFr/Knh9.xINF0N.gY/iCu0xy', 'farinazzangeneh@yahoo.com', 1, 'active', '', 0, ''),
(91, '', '$2a$12$DTU2rV9NXdBLp3iY7kkADeaSVBGte6G.pI/qwUNVIVa3M/9SXly4K', 'javadforoughi@hotmail.com', 1, 'active', '', 0, ''),
(92, '', '$2a$12$v3t403V5PY.2RVeDKIMBMuwO55yWTn79j.RtZay7y/xxnrbAjwpM.', 'sarah.keypour@yahoo.com', 1, 'active', '', 0, ''),
(93, '', '$2a$12$C.eNC2zDNFD.RhLjcvkx0.U9CRKTnoVPJlW3wxr.3zu2RMv2wfM/S', 'samar.sardabi@gmail.com', 1, 'active', 'e427d3b34d837d4cd241dbd97999ab12', 2, ''),
(94, '', '$2a$12$7BXyrJOe1.9XhodTCLDi8uhCOCymk4fPYw6VyuGjklpdqhf2ViIry', 'erfanrahmani159@yahoo.com', 1, 'active', '', 0, ''),
(95, '', '$2a$12$soVeriNdnfbCiuMOUFXRyedj21alg7tgL7hCLSVErIHAsShfb8y/i', 'armin_oroojeh@yahoo.com', 1, 'active', '', 0, ''),
(96, '', '$2a$12$/xA10naU1Et0bZxzViGVt.hrm7xWQU1oYerOXKWmpi2jBFrL2WS32', 'farzane.zangene@gmail.com', 1, 'active', '', 0, ''),
(97, '', '$2a$12$lyZai2U1ikigRDctverM0unyiXeuniERQ9cd8g9A.B1t3ssDLzPAG', 'pourfathi.ali@gmail.com', 1, 'active', '', 0, ''),
(98, '', '$2a$12$Gdr5GbiS39nxC95a6U.3QuewWQIRTcWaOPXLX8IDCOUtBkUXrFH7.', 'm.babazadeh89@gmail.com', 1, 'active', '', 0, ''),
(99, '', '$2a$12$tS51xBU3VhJ9wjUmzR4mauEysgW0hEvZiuPt271Q1WHev/tpbL4dK', 'farzam.me@gmail.com', 1, 'active', '', 0, ''),
(100, '', '$2a$12$qJ.JAxCtSqYl3H2Uc6TYF.cQ.ijvMGKGhUSBh1HvwF9ecR1dk/JLq', '600516@gnail.com', 1, 'active', '', 0, ''),
(101, '', '$2a$12$cZ0BUcxQABTuMLTAfmzmf.wuCB.dKiHUp6aGkZ5NSLecZ1kVYAmzS', 'fatemeh.r1112@yahoo.com', 1, 'active', '', 0, ''),
(102, '', '$2a$12$7BkXXnqFrmawZSTcEq6w.e1pkuoeZHecg/YzkuVkYf5HbqP78EsxS', 'ebrahim.rayatparvar@yahoo.com', 1, 'active', '', 0, ''),
(103, '', '$2a$12$RHjAP7JC5MHFBa64trB.mOqySChXH3q4x4bppkGTsAltadOo4M6lm', 'mahdi_ghezelsefloo@gmail.com', 1, 'active', '', 0, ''),
(104, '', '$2a$12$VsvPMg/vRvfPYnRhFBVTVO5F8J6t9bl0aSCItMp7tVkJquOqUdPai', 'yusef.mobasheri@gmail.com', 1, 'active', 'a000dd2a9c7e598b172fe34d9a817b49', 1, ''),
(105, '', '$2a$12$.Va0LueqdLuElOj0OlliIOaRB3OtseuAqwdvMMYigFBDulUUpNTZ2', 'mohammadrezaabedi72@gmail.com', 1, 'active', '', 0, ''),
(106, '', '$2a$12$JlzZ1GbwmBoYK39Eui/w1O8sNzqL6O9f8bLOE4d1T/6lmPe9rmvLy', 'aliemamiagha@gmail.com', 1, 'active', '', 0, '1464269179'),
(107, '', '$2a$12$XlWzpDI7iWv4k/WFT6aiFOpIQ9BJVMS3C9LZj.L.nDQBZ1UFwa.D2', 'bijansaba@gmail.com', 1, 'active', '', 0, '1464332552'),
(108, '', '$2a$12$qdNMnU62hmCkHh3UjFPpfO46S4oClwIQcJeG7uAxZjcKfkxs4NFJO', 'farnik.nikakhtar@gmail.com', 1, 'active', '', 0, '1464333589'),
(109, '', '$2a$12$pL/q.pzy/K3AKPiCJzoZs.jNhhf7SGLZ3/yX5EPFbBnjExznHJ3Zi', 'ahmadreza_sgh@yahoo.com', 1, 'active', '', 0, '1464335622'),
(110, '', '$2a$12$p6mgeWPPQ69DQWnPZnZMau.VsNz5zw.onCbYrphbfB5vbIiKj32Iy', 'ahmadreza_sgh@yahoo.com', 1, 'active', '', 0, '1464335654'),
(111, '', '$2a$12$TcPk7yEJEbx1eQfLlj3txuKR5jvxNE0inRLCYhZ7c/wVLBiG0UHO2', 'elmira_yazdani91@yahoo.com', 1, 'active', '', 0, '1464335672'),
(112, '', '$2a$12$c0XyJ/tXgAu4NgHytEnxbemVypKAtsGMouxeNBSRqeVK1ADZb.pmW', 'ftm.asg@gmail.com', 1, 'active', '', 0, '1464337547'),
(113, '', '$2a$12$TCQYb.zj1zUbe35r9QBGXu8N0CMt5kKESyXW0ZWmoZxqN5fbVLf6.', 'ftm.asg@gmail.com', 1, 'active', '', 0, '1464337600'),
(114, '', '$2a$12$2RsEzQB2r2uTZyIGaPuL2.q9EXqY4s03C3DHnAafrhhGCzY2asOaC', 'amir_pss14@hotmail.com', 1, 'active', '', 0, '1464338392'),
(115, '', '$2a$12$/PVbEI7x.W2Ljh.RVLNa0OQhp04c9Feu8L9yTWRzyQRCw.ITYqYGy', 'mrl.larijani@gmail.com', 1, 'active', '', 0, '1464338994'),
(116, '', '$2a$12$Jfnm4eVfo4h3sy5yNxt1wOznPhH5Tuaj6N3f8XDEx76QJRgF8P1KC', 'ehsan.mahdavi.d@gmail.com', 1, 'active', '', 0, '1464339696'),
(117, '', '$2a$12$f1Y05ollMiV1XJz1M38upOab4cFIWJMdR33zAf2BTmWTPjhIC4IyG', 'elmirayazdani15@gmail.com', 1, 'active', '', 0, '1464344956'),
(118, '', '$2a$12$cKBopeXsCIE5Hwi0cLIj4ODGp7YcG1uWJ5zBN.EDWYR773yXwmTw2', 'rahaach@yahoo.com', 1, 'active', '', 0, '1464365570'),
(119, '', '$2a$12$OZbtIhaaZZujz3awq6FiMeD5BEjw9/Odw41kUJsLK4cUsSldDkebW', 'rahaach@yahoo.com', 1, 'active', '', 0, '1464365578'),
(120, '', '$2a$12$c4uzNaDX7EeAJ4FemXmdXeTHAIyPrhl45HzT.TAF7FyI7XxYb/Mu6', 'rahaach@yahoo.com', 1, 'active', '', 0, '1464365582'),
(121, '', '$2a$12$xgRJmfSLhl96vm8YKUsJ7O241u0o.gZvJZo1l9KoexExr1cUDiTS2', 'rahaach@yahoo.com', 1, 'active', '', 0, '1464365644'),
(122, '', '$2a$12$.B/J4ZuoJTBtsegCSQxqQeqwfzkMh/wWZgQqQTojQdmGegYr8mglW', 'hameelas@gmail.com', 1, 'active', '', 0, '1464377868'),
(123, '', '$2a$12$cxaDRInNHp.VOOqLowh1h.A1fmo3dloeu5jnnRcxl71iq4FrVPb3G', 'sabolhassani@ut.ac.ir', 1, 'active', '', 0, '1464380275'),
(124, '', '$2a$12$1RjR/4.iiYfVGKG9E0i7ou6r6fVKciZHappQWgnr.AUner/Z3HYyO', '600516@gmail.com', 1, 'active', '', 0, '1464409443'),
(125, '', '$2a$12$f5s9kEvn8oLmfeIbYiaFQOGEuT2KoQOUkfOp/fKQpgG0mdGOd.bc.', 'roya_x2004@yahoo.com', 1, 'active', '', 0, '1464414975'),
(126, '', '$2a$12$HqtJkAZ4jouNBT0NZxD2qu3Zy/Xhq5cW24kO.zVKk53YMXp74m/hW', 'alireza.gh2008@gmail.com', 1, 'active', '', 0, '1464427208'),
(127, '', '$2a$12$3RKnHCi7JkecD3/ZwETv0u1iufY7BxzzvtFM4HQouX0yYPzrttXKK', 'sharzeheeali@ymail.com', 1, 'active', '', 0, '1464445850'),
(128, '', '$2a$12$wpXcvXTHC2eWY4P4AywnGOZOIIbyXDOvgireWKc9fiuEk6Ck9ZNca', 'j.sayevand@gmail.com', 1, 'active', '', 0, '1464460006'),
(129, '', '$2a$12$VqOOuXMzNvw.LpsqmjvYHeFWg9.Nx6uWCI9Yo6yI5rWXbRBbUP5L2', 'faride.haghighi@yahoo.com', 1, 'active', '', 0, '1464461797'),
(130, '', '$2a$12$XTckWrz32W5aDeJZ2b4U/uTbRrm6AJduAFVipINseY/Ie3omsHQtW', 'zahrahaghighi@yahoo.com', 1, 'active', '', 0, '1464551298'),
(131, '', '$2a$12$DSoVG6MzWWNO6IgqCYZ0DOt2y68wC44as5K6OlBeUnwQR7foRp0ce', 'sh.zar@hotmail.com', 1, 'active', '', 0, '1464600467'),
(132, '', '$2a$12$FwWpolyXQo1MMK9vMBpsYOBVAsbR1IPhIIwtbARrbZODitEbQ0Psq', 'sarazahedian@yahoo.com', 1, 'active', '', 0, '1464607198'),
(133, '', '$2a$12$uLcJ2jUGhN2n3hP3fMmsHuIEvHOQ9LDO02C5pkEjRSTkF6EINmJS.', 'amin_j_kh@hotmail.com', 1, 'active', '', 0, '1464626265'),
(134, '', '$2a$12$g1o9lUkuqDiZnRlM5M1OheWa2lslr72BvaZcTJAdkQ2kw2xXKR7oC', 'mahtab_h_80@yahoo.com', 1, 'active', '', 0, '1464712871'),
(135, '', '$2a$12$ECYv8E/3WKraVuZIAfwsleRATQSXTETOJlvRiIYVLqX.8GTbnTUU2', 'sajjadsahaf@gmail.com', 1, 'active', '', 0, '1464716901'),
(136, '', '$2a$12$HmKKFBIfXTvrZvRbPQoeDu2Zfn0vYmEAUw092syijovvahBPJM6uG', 'hamid_break@yahoo.com', 1, 'active', '', 0, '1464717308'),
(137, '', '$2a$12$JCZnNwcMPzz9SOZpWMGkau.F5CTbtgU80LRys1CVLI3QenRGnPHXG', 'zanyarsalami@gmail.com', 1, 'active', '', 0, '1464722087'),
(138, '', '$2a$12$hwLVXC7dbJGKnvhQ/ey.TOSN1zBEkiwMozBM7444PNZtRAVTR9aXq', 'nima.azadikhah@gmail.com', 1, 'active', '', 0, '1464851046'),
(139, '', '$2a$12$tjq9nloUUaIEDrcJNAHxe.pH//gawSCeAACcbfQ/nzdJky63FeDyG', 'hamid.ghaderi777@gmail.com', 1, 'active', '', 0, '1464901101'),
(140, '', '$2a$12$.8dpBJWPQUE0Sp5K4Op0XuZbBKGOwqxuGwVUV4Rn/VJnJ6tGOvvrG', 'behrooz.khalilloo@gmail.com', 1, 'active', '', 0, '1464937632'),
(141, '', '$2a$12$ogMTKK9yckM90BBt4ua0Me5zswKD2Ex7lixN8sy6nZ5I1lRA3Rkkm', 'mohammadhadi.danesh@gmail.com', 1, 'active', '', 0, '1464948064'),
(142, '', '$2a$12$6WrHGWxt6xla8sNnWzesJuJHT29AKNTut/Whl598RYexrZG6kghD.', 'gharagozlu.masoud@gmail.com', 1, 'active', '', 0, '1464957442'),
(143, '', '$2a$12$.bKK1tKptiJbmvckIxEbo.GRyLIdeQVN2sXSI620LR7JTZUTDbBcq', 'masume_zare@yahoo.com', 1, 'active', '', 0, '1465031617'),
(144, '', '$2a$12$FVDWqgQ0eWpVC6ZFB13YKepjdudMbM1T4Mhhw5LajBQCcZd8GgnTe', 'leila.ayazi@gmail.com', 1, 'active', '', 0, '1465046946'),
(145, '', '$2a$12$LMhlHC0zLHWwk3VQX3GE4unAN/LqwuD.rE4EjUyDKLx1R5k36wjee', 'altafi.mk@gmail.com', 1, 'active', '', 0, '1465079825'),
(146, '', '$2a$12$9N1JXttI/OUjd.YYMEqifuSfzhDQ/LlLn6t.7IrbliJI/BAlHEiem', 'Sina_xp_2003@yahoo.com', 1, 'active', '', 0, '1465159019'),
(147, '', '$2a$12$HvC3dQ/VgaZLb6PqHL1qvOBO0/BTjIgnjEvDvBsoq9e6hthCeL9D.', 'hasanniaali@gmail.com', 1, 'active', '', 0, '1465197732'),
(148, '', '$2a$12$QMS2S5J6Ne2mjLhvv.X.x.ruRdev1yFTt7Pt1v8FkUoe3jh0F0y9S', 'behrouzimr@gmail.com', 1, 'active', '', 0, '1465264066'),
(149, '', '$2a$12$F9Ox331/AK.fmS9GBHEUku36A8PGiLSB/BiJ.eoyk0vTLDK5tx1SO', 'majid.zare70@yahoo.com', 1, 'active', '', 0, '1465285988'),
(150, '', '$2a$12$PJfjXt7TM6AJ.iASh6JxO.uHj1Xz5yca74A0jfKcptNhuDxZOqzd.', 'alireza.farshin@gmail.com', 1, 'active', '', 0, '1465364883'),
(151, '', '$2a$12$mtUX4Vhx5OgIMzgEcRD7JuyiQrdRyThYm6c07bdOMiu4phsZxC6AW', 'mahshad.jahani2016@gmail.com', 1, 'active', '', 0, '1465479462'),
(152, '', '$2a$12$CvMFFfGR/6wRIowRUBx8NO1JHjrSIifYLQV4WrUppslsoCb1X6Lva', 'm_hamidi_80@yahoo.com', 1, 'active', '', 0, '1465559927'),
(153, '', '$2a$12$51ICXf3wwluhnLwqU6b/TuNAiQSVmL89fMOyQNhJffDVtmnOcVew2', 'mahdiaziz8867@gmail.com', 1, 'active', '', 0, '1465578906'),
(154, '', '$2a$12$XMrl2Pf5v7.nLJNtnDL0Z.D0lKrvAZDq.3wTV6qW9r5sWokrss6RC', 'M.RAMEZANI66@YAHOO.COM', 1, 'active', '', 0, '1465639445'),
(155, '', '$2a$12$NRPeCiAf70JPRyLP6FmS.eAQLA03PHZ0binEWNjij1dofP5puOySe', 'fatimah.ahmadi2009@gmail.com', 1, 'active', '', 0, '1465662715'),
(156, '', '$2a$12$3xqBLTzL6AEj6dP4.bksjOd4CO/LcZCSIxd1BLlfxZAxuap6WQVxu', 'sara_bazari@yahoo.com', 1, 'active', '', 0, '1465709975'),
(157, '', '$2a$12$iK6lVP52Ms7sb1opDF3IR.Bxr0nmRV3sglpQ7m5uNCGbAm4M6JCEu', 'alipour.yengejeh@gmail.com', 1, 'active', '', 0, '1465740567'),
(158, '', '$2a$12$ZwQHb7P7XwxVTpTeGO8hY.15AYyu8agJC4kdjsOLhMoa7kdHwEEoi', 'pardis@avayeshahir.com', 1, 'active', '', 0, '1465799982'),
(159, '', '$2a$12$RE3zYi4NDrSM3SRpS5r5vOpYdeRF4OOlJ2FpvY2UfutydtTHdjVsy', 'saynafiroozi@gmail.com', 1, 'active', '', 0, '1465928073'),
(160, '', '$2a$12$z9mmlAFEpsorZk3rAT50XuvyzTTvISyjcfBvYJsnumvuzg/V7X7ve', 'Fahimeh.saleh@gmail.com', 1, 'active', '', 0, '1465966276'),
(161, '', '$2a$12$oTVJe8Rn2BuPPszA4AXdJ.Ugg54SPjh8wrKpM8yALjfn7MLm1uos2', 'haniyeh.abdi1993@gmail.com', 1, 'active', '', 0, '1465980441'),
(162, '', '$2a$12$vxijIVHkitAmYCZbh94fWeZzv5mScwnXD0mnSUucLhJ/fdfI94duS', 'amir3396@gmail.com', 1, 'active', '', 0, '1466007847'),
(163, '', '$2a$12$.5FKb7j4N..4Xw844M.USOL5EAcemWG9yMF4dc9bfEwSQON5RTo/.', 'sajadalimadad@yahoo.com', 1, 'active', '', 0, '1466168990'),
(164, '', '$2a$12$2nSTTM5yeFsjGhdmME1Td.JsVhnFRG92HvUgyzOYHxR3bgoAQG9/W', 'microlab.ansaroudi@gmail.com', 1, 'active', '', 0, '1466190373'),
(165, '', '$2a$12$Ww00wBRMJ.qc71BmltkcKuMIPmvLJyFVlDCXM3xRST71FaMfIZKPi', 'n.roohi2013@gmail.com', 1, 'active', '', 0, '1466226240'),
(166, '', '$2a$12$owEoCubgG8kXvvxecUZivefJLWnBvFDhOxe8IJVpVI9wCQupVBYa.', 's.tahmasbian@gmail.com', 1, 'active', '', 0, '1466277616'),
(167, '', '$2a$12$zro6f7ZRr12qFAODr94W6Oy1kd75AvSh27L9EGDEu8MnP5qzzbGE6', 'leilaahmadinia@yahoo.com', 1, 'active', '', 0, '1466313298'),
(168, '', '$2a$12$QLJ0sIzKPznrH1OGPTge0.ywhp2ridV0Eln4JF3dN/KYKB/rW4ciS', 'saman.enayati1994@gmail.com', 1, 'active', '', 0, '1466337428'),
(169, '', '$2a$12$WzVN6.3LtPoxgPZ4RFoPPu5OpYBxnSJLE5XU.amtbmSgm3XuFABAG', 'marzieh_kerman@yahoo.com', 1, 'active', '', 0, '1466357726'),
(170, '', '$2a$12$PhVgPfIbmC58Fgw1sHCO3eUT5juNMB1ePeL0NhJTD4Sr537naxVLq', 'narges.gandali@gmail.com', 1, 'active', '', 0, '1466383030'),
(171, '', '$2a$12$W2uOF6Ivb749SfiZMl/bROd8KCREKH.G.xDZoEJ3enBdI7GPKoQIu', 'ehsan.rahmati87@gmail.com', 1, 'active', '', 0, '1466427653'),
(172, '', '$2a$12$N..47qlTGWDK85zIqjMY3OQt7rr1Yg2.u8yqd1ADSkJaA66.gQZAS', 'fmaryami@yahoo.com', 1, 'active', '', 0, '1466453986'),
(173, '', '$2a$12$/9kPJ8KyrHyj7Jqt3nqd2.3E4eLLR1WZ4wRxhxDlAAuluUR/y0B7u', 'termeh.mo@gmail.com', 1, 'active', '', 0, '1466573006'),
(174, '', '$2a$12$2AhXcdDEa.7mAl54fL40/.eOZbY0ft3XS0U0lkNYxdO9JySt0YuVG', 'moahanad.karbalaee@gmail.com', 1, 'active', '', 0, '1466595832'),
(175, '', '$2a$12$.7yo0raeXtWJQ2Y./GYDjOA6ARHAuFhS9WJuDGfjSm8r0.A68QY7W', 'salehyk1@yahoo.com', 1, 'active', '', 0, '1466794745'),
(176, '', '$2a$12$o3Is7sZdVIUacy9z6Hka6engEZZuo7CC9XIafYqVTq46qUzbKIVVO', 'zohre.iranmanesh@gmail.com', 1, 'active', '', 0, '1466851691'),
(177, '', '$2a$12$Fbo9kFCb30BKuPu9BvLGvOD2uv.Ee1z.0ih9txBdbY/Hk4X0IO..i', 'h.mobedi@ippi.ac.ir', 1, 'active', '', 0, '1466864133'),
(178, '', '$2a$12$xZ1hTPDHDX7.CspRchSGjOebkSEzD1PgXN78JPJI7hoddgDfVD/si', 'samane.abaszadeh@tahoo.com', 1, 'active', '', 0, '1466868092'),
(179, '', '$2a$12$yUNvalCb2iF291S8DgYtueEkXYf.ikon5.2Pd.vFVX/eoEjc4Bd5.', 'samane.abaszadeh@yahoo.com', 1, 'active', '', 0, '1466868833'),
(180, '', '$2a$12$oOngqwdazAzzVkNFNuCm2.2DThydaB.rZ3x.PFJAtVGbjk2uPBc4m', 'poohpary@gmail.com', 1, 'active', '', 0, '1466881832'),
(181, '', '$2a$12$j9kTxGfHkk5K1H5C.PkiwOHSdGq4L9nd2XFdqZArLfmd50JCMZ4cO', 'jalayeri.hoda@gmail.com', 1, 'active', '', 0, '1466922948'),
(182, '', '$2a$12$PNia2gwu.aUh23KSRY6mWO.dYA6EuBerKwiTpbEahNPPTckFKj.vu', 'moniba.keymaesh@gmail.com', 1, 'active', '', 0, '1466927163'),
(183, '', '$2a$12$cDLNGwr8kyDjitJ126huJevBdlnREhaWi2ShiCYqZVxikX5LRqIRC', 'moniba.keymaesh@googlemail.com', 1, 'active', '', 0, '1466932877'),
(184, '', '$2a$12$qBeWDDWqIqojfkP/Hh0.6esgrYISNwlgFBMMnX9PQSBf0JsI0c0Re', 'moniba.keymanesh@gmail.com', 1, 'active', '', 0, '1466932914'),
(185, '', '$2a$12$BKwMWCH1Jtmcaj2NNC26uu72.8XV8bscbMOwVJlsylcolxFneBfzu', 'elmira.fathdokht@gmail.com', 1, 'active', '', 0, '1466937379'),
(186, '', '$2a$12$a6yefm14s1I6QtV.jBnaUuaoe83XvdNdEnm1WmrykqPRVkWCmTHpy', 'behshad.2012@yahoo.com', 1, 'active', '', 0, '1467009803'),
(187, '', '$2a$12$E8XUUBibTHFONF13YY0X7.4mENhzporj5ueolWg7e79jpj1n.Rt5G', 'elvi_hafez@yahoo.com', 1, 'active', '', 0, '1467098894'),
(188, '', '$2a$12$8Gw03DNON3pHwrfH2vTmje0Y/88su.pw8HHPq8TrxRdujkNeDFi7a', 'shayan.dante@gmail.com', 1, 'active', '', 0, '1467128056'),
(189, '', '$2a$12$8Z.PcYEdDYShNNdIVc5cDeEELbPU2yV.wO/E31gg0Ehb2JVRJgGOu', 'mahsa.khodaee@gmail.com', 1, 'active', '', 0, '1467135844'),
(190, '', '$2a$12$wtvPlFarkCSDQDAZfn0lV.7jDgOtWtwCWESdFSn2blGGxxitNGrsC', 'md.fadaei@gmail.com', 1, 'active', '', 0, '1467137060'),
(191, '', '$2a$12$3Z1RCa3rnGkVf06FWKs52edJSPyy6kbAMuQSROmX8e8613.rkLQXi', 'aysan_sabaei@yahoo.com', 1, 'active', '', 0, '1467145455'),
(192, '', '$2a$12$EgGbUD0q/v5tOoPNWePqt.WmnDKWSgyQTzlTjM2E79AJuaqAZvhYi', 'korosh_nasrolahi@yahoo.com', 1, 'active', '', 0, '1467187220'),
(193, '', '$2a$12$aNU6qvuuzhvC/ykCQC.2OuXM5SKqpkBkBcrj3y77.j7OmtkWHjnnS', 'darabi.mahboobeh@gmail.com', 1, 'active', '', 0, '1467205654'),
(194, '', '$2a$12$EOwh/sskmicG2ueLDVqN4uf923Glq5jPTPVXNEf8Rj6Qxg4cRbyCy', 'nina.zamani@gmail.com', 1, 'active', '', 0, '1467218528'),
(195, '', '$2a$12$igWw0LI/1tKw4W8DBw3PzOOAh25qD6P9Wfqt6/FQmYNQ3frGyDePW', 'mohsen_karimi67@yahoo.com', 1, 'active', '', 0, '1467218988'),
(196, '', '$2a$12$BOAuFkCI6X2TbqKM8DDmwemRzejPQt4esvTfssuCjFSjDAZlWu/d2', 'abouzarkamaee@gmail.com', 1, 'active', '', 0, '1467280825'),
(197, '', '$2a$12$gsYaMQOCOOJbtAX7y5V15.sZ3QXqVARazuScMrQ4yybMHbNegEwL2', 'm_bagheriha@yahoo.com', 1, 'active', '', 0, '1467405020'),
(198, '', '$2a$12$jabnsNbdSxlTql5e17fG.uEzz3yeuJRt1rjKiT.iYcGcNb2MIXjpu', 'mona1986f@yahoo.com', 1, 'active', '', 0, '1467443461'),
(199, '', '$2a$12$IO6kbovmF6R9itMou510BOslZVjyKxs9K0BZRfUs/REGGIm5U8N7O', 'ali.banagozar@yahoo.com', 1, 'active', '', 0, '1467456780'),
(200, '', '$2a$12$Xr38XnhGJpzGJPgNZQjkgOH1mujKmnxee5MaRQOHwHUx788ZRffpm', 'amir.vaheb@gmail.com', 1, 'active', '', 0, '1467526150'),
(201, '', '$2a$12$VWkIxmSCb8nZ.U4RXLpQA.1uAPXe.DFG24MGyIJFigoleedF6NWwG', 'black_boy_73@yahoo.com', 1, 'active', '', 0, '1467531203'),
(202, '', '$2a$12$FnB8Dx0sKJnSVSe6Eu0FxecBvn2a1.RVKz1gNmxlp94Up9J2j0i7.', 'nedaipoura@gmail.com', 1, 'active', '', 0, '1467634176'),
(203, '', '$2a$12$b4nrQWNlHf3I6uzwH3Ulw.sjfplKo5Yrtyg2Yc9j57HOBY70eG3ma', 's.khorsand.kh@gmail.com', 1, 'active', '', 0, '1467651937'),
(204, '', '$2a$12$QDTMMOpIdIRo3ZSBrKj9lubj2uWdtkjUlvyNr5JGArM2x0Np3kC7W', 'hashemy1367@gmail.com', 1, 'active', '', 0, '1467653168'),
(205, '', '$2a$12$evW3Va8.1nBOpfArn9f0KOTunjsRWaH6kzIpop6MnDpTkO9WCqQF.', 'elnadaramsis@yahoo.com', 1, 'active', '', 0, '1467862658'),
(206, '', '$2a$12$YpPbzgTkEbRC8UQuC3UCneHWXf4GZhyx/AeSBlRDhvASFTbyz714m', 'v_fattahi88@yahoo.com', 1, 'active', '', 0, '1467926252'),
(207, '', '$2a$12$XA5UZVeUSL7tbLLVz8I2hOVyA27ZGR5NNkli69cUIVL74pOqwJ0KG', 'alikashi7@yahoo.com', 1, 'active', '', 0, '1468070310'),
(208, '', '$2a$12$DzfwCw50ftmPImQbW2VgLeCFJrDL5yWqoiaN8jEsaOSOJS9mQxLqq', 'khosravi_84@yahoo.com', 1, 'active', '', 0, '1468090474'),
(209, '', '$2a$12$HoBYincgUeFJrhNe3ZFLRuQdLABB.grJ4y6/qsRYdjpWEDLdd2K2.', 'amir00000amir@gmail.com', 1, 'active', '', 0, '1468136782'),
(210, '', '$2a$12$LvwAcCVijIGA.0TavOE4guyi1NveG2738ByLd5S1KgUHl/hBKd7nG', 'behsheed@yahoo.com', 1, 'active', '', 0, '1468140851');

-- --------------------------------------------------------

--
-- Table structure for table `ym_user_details`
--

CREATE TABLE IF NOT EXISTS `ym_user_details` (
  `user_id` int(10) unsigned NOT NULL COMMENT 'کاربر',
  `name` varchar(50) COLLATE utf8_persian_ci DEFAULT NULL COMMENT 'نام فارسی',
  `family` varchar(50) COLLATE utf8_persian_ci DEFAULT NULL,
  `web_url` varchar(255) COLLATE utf8_persian_ci DEFAULT NULL COMMENT 'آدرس سایت فارسی',
  `national_code` varchar(10) COLLATE utf8_persian_ci DEFAULT NULL COMMENT 'کد ملی',
  `phone` varchar(11) COLLATE utf8_persian_ci DEFAULT NULL COMMENT 'تلفن',
  `zip_code` varchar(10) COLLATE utf8_persian_ci DEFAULT NULL COMMENT 'کد پستی',
  `address` longtext COLLATE utf8_persian_ci COMMENT 'نشانی دقیق پستی',
  PRIMARY KEY (`user_id`),
  KEY `user_id` (`user_id`)
) ENGINE=InnoDB DEFAULT CHARSET=utf8 COLLATE=utf8_persian_ci;

--
-- Dumping data for table `ym_user_details`
--

INSERT INTO `ym_user_details` (`user_id`, `name`, `family`, `web_url`, `national_code`, `phone`, `zip_code`, `address`) VALUES
(42, NULL, NULL, NULL, NULL, '09212413401', NULL, NULL),
(45, 'فاطمه', 'اصغرزاده', '', '', '00123456789', '', NULL),
(46, 'test', 'test', '', '', '09131231231', '', NULL),
(47, NULL, NULL, NULL, NULL, '09364018866', NULL, NULL),
(48, NULL, NULL, NULL, NULL, '09122398848', NULL, NULL),
(49, NULL, NULL, NULL, NULL, '09355539599', NULL, NULL),
(50, NULL, NULL, NULL, NULL, '09119914149', NULL, NULL),
(51, NULL, NULL, NULL, NULL, '09101022381', NULL, NULL),
(52, NULL, NULL, NULL, NULL, '09173364293', NULL, NULL),
(53, NULL, NULL, NULL, NULL, '09125439344', NULL, NULL),
(54, 'سیامک ابوالحسنی', ' ابوالحسنی', '', '', '09194957321', '', NULL),
(55, NULL, NULL, NULL, NULL, NULL, NULL, NULL),
(70, NULL, NULL, NULL, NULL, '09386074803', NULL, NULL),
(71, NULL, NULL, NULL, NULL, '09374025788', NULL, NULL),
(72, NULL, NULL, NULL, NULL, '09124202974', NULL, NULL),
(74, NULL, NULL, NULL, NULL, '09399173632', NULL, NULL),
(75, NULL, NULL, NULL, NULL, '09127503879', NULL, NULL),
(76, 'maryam', 'amiri', '', '', '09358659640', '', NULL),
(77, NULL, NULL, NULL, NULL, '09128030664', NULL, NULL),
(78, NULL, NULL, NULL, NULL, '09133682561', NULL, NULL),
(79, NULL, NULL, NULL, NULL, '09384565837', NULL, NULL),
(80, NULL, NULL, NULL, NULL, '09121592945', NULL, NULL),
(81, NULL, NULL, NULL, NULL, '09195337862', NULL, NULL),
(82, NULL, NULL, NULL, NULL, '09126445058', NULL, NULL),
(83, NULL, NULL, NULL, NULL, '09399749925', NULL, NULL),
(84, NULL, NULL, NULL, NULL, '09102120211', NULL, NULL),
(85, NULL, NULL, NULL, NULL, '09203528797', NULL, NULL),
(87, NULL, NULL, NULL, NULL, '09128038784', NULL, NULL),
(89, NULL, NULL, NULL, NULL, NULL, NULL, NULL),
(90, NULL, NULL, NULL, NULL, '09192381609', NULL, NULL),
(91, 'محمد جواد', 'فروغی مقدم', '', '0384293972', '09125853064', '', NULL),
(92, NULL, NULL, NULL, NULL, '09124033676', NULL, NULL),
(93, NULL, NULL, NULL, NULL, '09195216178', NULL, NULL),
(94, NULL, NULL, NULL, NULL, '09338863706', NULL, NULL),
(95, NULL, NULL, NULL, NULL, '09374551143', NULL, NULL),
(96, NULL, NULL, NULL, NULL, '09125639073', NULL, NULL),
(97, NULL, NULL, NULL, NULL, '09128152660', NULL, NULL),
(98, NULL, NULL, NULL, NULL, '09382838263', NULL, NULL),
(99, 'فرزام', 'م', '', '', '09352335319', '', NULL),
(100, NULL, NULL, NULL, NULL, '+9891221277', NULL, NULL),
(101, NULL, NULL, NULL, NULL, '09372038462', NULL, NULL),
(102, 'ابراهیم', 'رعیت پرور', '', '', '09362867087', '', NULL),
(103, NULL, NULL, NULL, NULL, '09306992399', NULL, NULL),
(104, 'یوسف', 'مبشری', '', '', '09358389265', '', NULL),
(105, NULL, NULL, NULL, NULL, '09102739423', NULL, NULL),
(106, NULL, NULL, NULL, NULL, '09126880799', NULL, NULL),
(107, NULL, NULL, NULL, NULL, NULL, NULL, NULL),
(108, NULL, NULL, NULL, NULL, '09126873676', NULL, NULL),
(109, 'AhmadReza', 'Soraghi', '', '', '09121693169', '', NULL),
(110, NULL, NULL, NULL, NULL, '09121693169', NULL, NULL),
(111, NULL, NULL, NULL, NULL, '56565644444', NULL, NULL),
(112, NULL, NULL, NULL, NULL, NULL, NULL, NULL),
(113, NULL, NULL, NULL, NULL, NULL, NULL, NULL),
(114, NULL, NULL, NULL, NULL, '09122340630', NULL, NULL),
(115, 'محمد', 'رضایی', '', '', '09113222635', '', NULL),
(116, 'EHSNAM', 'M', '', '', '09141197543', '', NULL),
(117, 'المیرا', 'یزدانی', '', '', '09126473429', '', NULL),
(118, NULL, NULL, NULL, NULL, '09124123665', NULL, NULL),
(119, NULL, NULL, NULL, NULL, '09124123665', NULL, NULL),
(120, NULL, NULL, NULL, NULL, '09124123665', NULL, NULL),
(121, NULL, NULL, NULL, NULL, '09124123665', NULL, NULL),
(122, 'حامد', 'صالح', '', '', '09128117221', '', NULL),
(123, NULL, NULL, NULL, NULL, '09194957321', NULL, NULL),
(124, 'Adel', 'AD', '', '', '09122127795', '', NULL),
(125, 'Roya', 'Riazi', '', '', '09124850965', '', NULL),
(126, 'علیرضا', 'قاسمی', '', '', '09017640364', '', NULL),
(127, 'علی', 'شرزه', '', '', '09367390921', '', NULL),
(128, 'Javad', 'Sayehvand', '', '', '09125692076', '', NULL),
(129, NULL, NULL, NULL, NULL, '09127234573', NULL, NULL),
(130, 'Zahra', 'Haghighi', '', '', '09127607057', '', NULL),
(131, NULL, NULL, NULL, NULL, '09122215139', NULL, NULL),
(132, NULL, NULL, NULL, NULL, '09133682561', NULL, NULL),
(133, NULL, NULL, NULL, NULL, '09143711976', NULL, NULL),
(134, NULL, NULL, NULL, NULL, '09122088200', NULL, NULL),
(135, NULL, NULL, NULL, NULL, '09126473429', NULL, NULL),
(136, NULL, NULL, NULL, NULL, '09122398848', NULL, NULL),
(137, NULL, NULL, NULL, NULL, '09357734425', NULL, NULL),
(138, NULL, NULL, NULL, NULL, '09102124248', NULL, NULL),
(139, 'Hamid', ' Ghaderi', '', '', '09374025788', '', NULL),
(140, NULL, NULL, NULL, NULL, '09146109801', NULL, NULL),
(141, NULL, NULL, NULL, NULL, '09391654775', NULL, NULL),
(142, NULL, NULL, NULL, NULL, '09373252746', NULL, NULL),
(143, NULL, NULL, NULL, NULL, '09173386513', NULL, NULL),
(144, NULL, NULL, NULL, NULL, '09123243351', NULL, NULL),
(145, 'Mohammad', 'Altafi', '', '', '09364018866', '', NULL),
(146, NULL, NULL, NULL, NULL, '09141470754', NULL, NULL),
(147, NULL, NULL, NULL, NULL, '09375452191', NULL, NULL),
(148, NULL, NULL, NULL, NULL, '09104498439', NULL, NULL),
(149, NULL, NULL, NULL, NULL, '09134094297', NULL, NULL),
(150, 'علیرضا', 'فرشین', '', '', '09127606393', '', NULL),
(151, NULL, NULL, NULL, NULL, NULL, NULL, NULL),
(152, NULL, NULL, NULL, NULL, '09122088200', NULL, NULL),
(153, NULL, NULL, NULL, NULL, '09388418180', NULL, NULL),
(154, NULL, NULL, NULL, NULL, '09122722409', NULL, NULL),
(155, 'Fatimah', 'Ahmadi', '', '', '09190674906', '', NULL),
(156, NULL, NULL, NULL, NULL, '09367160670', NULL, NULL),
(157, NULL, NULL, NULL, NULL, '09144472587', NULL, NULL),
(158, NULL, NULL, NULL, NULL, NULL, NULL, NULL),
(159, 'ساینا', 'فیروزی یگانه', '', '', '09365531507', '', NULL),
(160, 'فهیمه', 'صالح', '', '', '09397576759', '', NULL),
(161, NULL, NULL, NULL, NULL, '09364980775', NULL, NULL),
(162, NULL, NULL, NULL, NULL, '09363117079', NULL, NULL),
(163, NULL, NULL, NULL, NULL, '09101816065', NULL, NULL),
(164, 'کریم', 'عنصرودی', '', '1382412142', '09149978641', '', NULL),
(165, NULL, NULL, NULL, NULL, '09124945851', NULL, NULL),
(166, NULL, NULL, NULL, NULL, '09129269396', NULL, NULL),
(167, NULL, NULL, NULL, NULL, '09124227506', NULL, NULL),
(168, NULL, NULL, NULL, NULL, '09375124593', NULL, NULL),
(169, NULL, NULL, NULL, NULL, 'supercalciu', NULL, NULL),
(170, NULL, NULL, NULL, NULL, '09166071466', NULL, NULL),
(171, NULL, NULL, NULL, NULL, '09127247707', NULL, NULL),
(172, NULL, NULL, NULL, NULL, NULL, NULL, NULL),
(173, NULL, NULL, NULL, NULL, '09126469650', NULL, NULL),
(174, NULL, NULL, NULL, NULL, '09124202974', NULL, NULL),
(175, NULL, NULL, NULL, NULL, '09190536519', NULL, NULL),
(176, NULL, NULL, NULL, NULL, '09133406248', NULL, NULL),
(177, NULL, NULL, NULL, NULL, '09125347001', NULL, NULL),
(178, NULL, NULL, NULL, NULL, '09133431343', NULL, NULL),
(179, NULL, NULL, NULL, NULL, '09133431343', NULL, NULL),
(180, NULL, NULL, NULL, NULL, '09183447506', NULL, NULL),
(181, NULL, NULL, NULL, NULL, '09151614126', NULL, NULL),
(182, NULL, NULL, NULL, NULL, '09124751965', NULL, NULL),
(183, NULL, NULL, NULL, NULL, '09124751965', NULL, NULL),
(184, NULL, NULL, NULL, NULL, '09124751965', NULL, NULL),
(185, NULL, NULL, NULL, NULL, '09366980945', NULL, NULL),
(186, NULL, NULL, NULL, NULL, '09101022381', NULL, NULL),
(187, NULL, NULL, NULL, NULL, '09193259500', NULL, NULL),
(188, NULL, NULL, NULL, NULL, '09126873073', NULL, NULL),
(189, NULL, NULL, NULL, NULL, '09124883156', NULL, NULL),
(190, NULL, NULL, NULL, NULL, '09131633703', NULL, NULL),
(191, NULL, NULL, NULL, NULL, '09126394165', NULL, NULL),
(192, NULL, NULL, NULL, NULL, '09106802877', NULL, NULL),
(193, NULL, NULL, NULL, NULL, '09171606883', NULL, NULL),
(194, NULL, NULL, NULL, NULL, '09354693334', NULL, NULL),
(195, 'محسن', 'کریمی', '', '', '09128456580', '', NULL),
(196, NULL, NULL, NULL, NULL, '09301756825', NULL, NULL),
(197, NULL, NULL, NULL, NULL, NULL, NULL, NULL),
(198, NULL, NULL, NULL, NULL, '09125575770', NULL, NULL),
(199, NULL, NULL, NULL, NULL, '09368980291', NULL, NULL),
(200, NULL, NULL, NULL, NULL, '09128176865', NULL, NULL),
(201, NULL, NULL, NULL, NULL, NULL, NULL, NULL),
(202, NULL, NULL, NULL, NULL, '09132262164', NULL, NULL),
(203, NULL, NULL, NULL, NULL, '09128949167', NULL, NULL),
(204, NULL, NULL, NULL, NULL, '09171069582', NULL, NULL),
(205, NULL, NULL, NULL, NULL, '01005538606', NULL, NULL),
(206, NULL, NULL, NULL, NULL, '09188560527', NULL, NULL),
(207, NULL, NULL, NULL, NULL, '09126313655', NULL, NULL),
(208, NULL, NULL, NULL, NULL, '09131434819', NULL, NULL),
(209, NULL, NULL, NULL, NULL, '09121993122', NULL, NULL),
(210, NULL, NULL, NULL, NULL, '09183613545', NULL, NULL);

-- --------------------------------------------------------

--
-- Table structure for table `ym_user_roles`
--

CREATE TABLE IF NOT EXISTS `ym_user_roles` (
  `id` int(11) unsigned NOT NULL AUTO_INCREMENT,
  `name` varchar(100) COLLATE utf8_persian_ci NOT NULL,
  `role` varchar(255) COLLATE utf8_persian_ci NOT NULL,
  PRIMARY KEY (`id`)
) ENGINE=InnoDB  DEFAULT CHARSET=utf8 COLLATE=utf8_persian_ci AUTO_INCREMENT=3 ;

--
-- Dumping data for table `ym_user_roles`
--

INSERT INTO `ym_user_roles` (`id`, `name`, `role`) VALUES
(1, 'کاربر معمولی', 'user'),
(2, 'استاد', 'teacher');

-- --------------------------------------------------------

--
-- Table structure for table `ym_user_transactions`
--

CREATE TABLE IF NOT EXISTS `ym_user_transactions` (
  `class_id` int(10) unsigned NOT NULL COMMENT 'شناسه',
  `user_id` int(10) unsigned NOT NULL COMMENT 'کاربر',
  `amount` varchar(10) CHARACTER SET latin1 DEFAULT NULL COMMENT 'مقدار',
  `date` varchar(20) CHARACTER SET latin1 DEFAULT NULL COMMENT 'تاریخ',
  `status` enum('unpaid','paid') CHARACTER SET latin1 DEFAULT 'unpaid' COMMENT 'وضعیت',
  `token` varchar(50) CHARACTER SET latin1 DEFAULT NULL COMMENT 'کد رهگیری',
  `description` varchar(200) COLLATE utf8_persian_ci DEFAULT NULL COMMENT 'توضیحات',
  PRIMARY KEY (`class_id`,`user_id`),
  KEY `user_id` (`user_id`)
) ENGINE=InnoDB DEFAULT CHARSET=utf8 COLLATE=utf8_persian_ci;

--
-- Dumping data for table `ym_user_transactions`
--

INSERT INTO `ym_user_transactions` (`class_id`, `user_id`, `amount`, `date`, `status`, `token`, `description`) VALUES
(1, 97, '250000', '1466668858', 'unpaid', NULL, 'پرداخت شهریه جهت ثبت نام در دوره تافل آی بی تی، کلاس اسپیکینگ تافل آی بی تی گروه 1'),
(1, 150, '250000', '1466231882', 'unpaid', NULL, 'پرداخت شهریه جهت ثبت نام در دوره تافل آی بی تی، کلاس اسپیکینگ تافل آی بی تی گروه 1'),
(1, 177, '250000', '1467023482', 'unpaid', NULL, 'پرداخت شهریه جهت ثبت نام در دوره تافل آی بی تی، کلاس اسپیکینگ تافل آی بی تی گروه 1'),
(1, 180, '250000', '1466881941', 'unpaid', NULL, 'پرداخت شهریه جهت ثبت نام در دوره تافل آی بی تی، کلاس اسپیکینگ تافل آی بی تی گروه 1'),
(1, 181, '250000', '1467193345', 'unpaid', NULL, 'پرداخت شهریه جهت ثبت نام در دوره تافل آی بی تی، کلاس اسپیکینگ تافل آی بی تی گروه 1'),
(1, 208, '250000', '1468090686', 'unpaid', NULL, 'پرداخت شهریه جهت ثبت نام در دوره تافل آی بی تی، کلاس اسپیکینگ تافل آی بی تی گروه 1'),
(2, 97, '400000', '1466668728', 'unpaid', NULL, 'پرداخت شهریه جهت ثبت نام در دوره تافل آی بی تی، کلاس رایتینگ تافل آی بی تی گروه 1'),
(2, 136, '400000', '1467048090', 'unpaid', NULL, 'پرداخت شهریه جهت ثبت نام در دوره تافل آی بی تی، کلاس رایتینگ تافل آی بی تی گروه 1'),
(2, 138, '400000', '1466224827', 'unpaid', NULL, 'پرداخت شهریه جهت ثبت نام در دوره تافل آی بی تی، کلاس رایتینگ تافل آی بی تی گروه 1'),
(2, 156, '400000', '1466333682', 'unpaid', NULL, 'پرداخت شهریه جهت ثبت نام در دوره تافل آی بی تی، کلاس رایتینگ تافل آی بی تی گروه 1'),
(2, 159, '400000', '1467731446', 'unpaid', NULL, 'پرداخت شهریه جهت ثبت نام در دوره تافل آی بی تی، کلاس رایتینگ تافل آی بی تی گروه 1'),
(2, 160, '400000', '1466949898', 'unpaid', NULL, 'پرداخت شهریه جهت ثبت نام در دوره تافل آی بی تی، کلاس رایتینگ تافل آی بی تی گروه 1'),
(2, 161, '400000', '1466320461', 'unpaid', NULL, 'پرداخت شهریه جهت ثبت نام در دوره تافل آی بی تی، کلاس رایتینگ تافل آی بی تی گروه 1'),
(2, 164, '400000', '1466193841', 'unpaid', NULL, 'پرداخت شهریه جهت ثبت نام در دوره تافل آی بی تی، کلاس رایتینگ تافل آی بی تی گروه 1'),
(2, 166, '400000', '1466277811', 'unpaid', NULL, 'پرداخت شهریه جهت ثبت نام در دوره تافل آی بی تی، کلاس رایتینگ تافل آی بی تی گروه 1'),
(2, 167, '400000', '1466313516', 'unpaid', NULL, 'پرداخت شهریه جهت ثبت نام در دوره تافل آی بی تی، کلاس رایتینگ تافل آی بی تی گروه 1'),
(2, 168, '400000', '1466338322', 'unpaid', NULL, 'پرداخت شهریه جهت ثبت نام در دوره تافل آی بی تی، کلاس رایتینگ تافل آی بی تی گروه 1'),
(2, 169, '400000', '1466357835', 'unpaid', NULL, 'پرداخت شهریه جهت ثبت نام در دوره تافل آی بی تی، کلاس رایتینگ تافل آی بی تی گروه 1'),
(2, 175, '400000', '1466794852', 'unpaid', NULL, 'پرداخت شهریه جهت ثبت نام در دوره تافل آی بی تی، کلاس رایتینگ تافل آی بی تی گروه 1'),
(2, 180, '400000', '1466882501', 'unpaid', NULL, 'پرداخت شهریه جهت ثبت نام در دوره تافل آی بی تی، کلاس رایتینگ تافل آی بی تی گروه 1'),
(2, 189, '400000', '1467136062', 'unpaid', NULL, 'پرداخت شهریه جهت ثبت نام در دوره تافل آی بی تی، کلاس رایتینگ تافل آی بی تی گروه 1'),
(2, 192, '400000', '1467187284', 'unpaid', NULL, 'پرداخت شهریه جهت ثبت نام در دوره تافل آی بی تی، کلاس رایتینگ تافل آی بی تی گروه 1'),
(2, 196, '400000', '1467280900', 'unpaid', NULL, 'پرداخت شهریه جهت ثبت نام در دوره تافل آی بی تی، کلاس رایتینگ تافل آی بی تی گروه 1'),
(2, 197, '400000', '1467407737', 'unpaid', NULL, 'پرداخت شهریه جهت ثبت نام در دوره تافل آی بی تی، کلاس رایتینگ تافل آی بی تی گروه 1'),
(2, 200, '400000', '1467526475', 'unpaid', NULL, 'پرداخت شهریه جهت ثبت نام در دوره تافل آی بی تی، کلاس رایتینگ تافل آی بی تی گروه 1'),
(2, 202, '400000', '1467634215', 'unpaid', NULL, 'پرداخت شهریه جهت ثبت نام در دوره تافل آی بی تی، کلاس رایتینگ تافل آی بی تی گروه 1'),
(2, 206, '400000', '1467926332', 'unpaid', NULL, 'پرداخت شهریه جهت ثبت نام در دوره تافل آی بی تی، کلاس رایتینگ تافل آی بی تی گروه 1'),
(2, 207, '400000', '1468132375', 'unpaid', NULL, 'پرداخت شهریه جهت ثبت نام در دوره تافل آی بی تی، کلاس رایتینگ تافل آی بی تی گروه 1'),
(2, 209, '400000', '1468136939', 'unpaid', NULL, 'پرداخت شهریه جهت ثبت نام در دوره تافل آی بی تی، کلاس رایتینگ تافل آی بی تی گروه 1'),
(3, 136, '400000', '1467099354', 'unpaid', NULL, 'پرداخت شهریه جهت ثبت نام در دوره تافل آی بی تی، کلاس رایتینگ تافل آی بی تی گروه 2'),
(3, 150, '400000', '1466231922', 'unpaid', NULL, 'پرداخت شهریه جهت ثبت نام در دوره تافل آی بی تی، کلاس رایتینگ تافل آی بی تی گروه 2'),
(3, 171, '400000', '1466428070', 'unpaid', NULL, 'پرداخت شهریه جهت ثبت نام در دوره تافل آی بی تی، کلاس رایتینگ تافل آی بی تی گروه 2'),
(3, 188, '400000', '1467128188', 'unpaid', NULL, 'پرداخت شهریه جهت ثبت نام در دوره تافل آی بی تی، کلاس رایتینگ تافل آی بی تی گروه 2'),
(3, 208, '400000', '1468090614', 'unpaid', NULL, 'پرداخت شهریه جهت ثبت نام در دوره تافل آی بی تی، کلاس رایتینگ تافل آی بی تی گروه 2'),
(4, 70, '250000', '1468002471', 'unpaid', NULL, 'پرداخت شهریه جهت ثبت نام در دوره تافل آی بی تی، کلاس اسپیکینگ تافل آی بی تی گروه 2'),
(4, 164, '250000', '1466194591', 'unpaid', NULL, 'پرداخت شهریه جهت ثبت نام در دوره تافل آی بی تی، کلاس اسپیکینگ تافل آی بی تی گروه 2'),
(4, 166, '250000', '1466782075', 'unpaid', NULL, 'پرداخت شهریه جهت ثبت نام در دوره تافل آی بی تی، کلاس اسپیکینگ تافل آی بی تی گروه 2'),
(4, 167, '250000', '1466343416', 'unpaid', NULL, 'پرداخت شهریه جهت ثبت نام در دوره تافل آی بی تی، کلاس اسپیکینگ تافل آی بی تی گروه 2'),
(4, 169, '250000', '1466357926', 'unpaid', NULL, 'پرداخت شهریه جهت ثبت نام در دوره تافل آی بی تی، کلاس اسپیکینگ تافل آی بی تی گروه 2'),
(4, 176, '250000', '1467105182', 'unpaid', NULL, 'پرداخت شهریه جهت ثبت نام در دوره تافل آی بی تی، کلاس اسپیکینگ تافل آی بی تی گروه 2'),
(4, 180, '250000', '1466882528', 'unpaid', NULL, 'پرداخت شهریه جهت ثبت نام در دوره تافل آی بی تی، کلاس اسپیکینگ تافل آی بی تی گروه 2'),
(7, 104, '250000', '1465625154', 'unpaid', NULL, 'پرداخت شهریه جهت ثبت نام در دوره آیلتس ، کلاس ریدینگ آیلتس آکادمیک: گروه 1'),
(7, 158, '250000', '1465800247', 'unpaid', NULL, 'پرداخت شهریه جهت ثبت نام در دوره آیلتس ، کلاس ریدینگ آیلتس آکادمیک: گروه 1'),
(9, 104, '250000', '1465624559', 'unpaid', NULL, 'پرداخت شهریه جهت ثبت نام در دوره آیلتس ، کلاس اسپیکینگ آیلتس (جنرال و آکادمیک): گروه 1'),
(13, 195, '400000', '1467306317', 'unpaid', NULL, 'پرداخت شهریه جهت ثبت نام در دوره تافل آی بی تی، کلاس رایتینگ تافل آی بی تی گروه 3'),
(13, 208, '400000', '1468090578', 'unpaid', NULL, 'پرداخت شهریه جهت ثبت نام در دوره تافل آی بی تی، کلاس رایتینگ تافل آی بی تی گروه 3');

--
-- Constraints for dumped tables
--

--
-- Constraints for table `ym_admins`
--
ALTER TABLE `ym_admins`
  ADD CONSTRAINT `ym_admins_ibfk_1` FOREIGN KEY (`role_id`) REFERENCES `ym_admin_roles` (`id`) ON DELETE CASCADE ON UPDATE NO ACTION;

--
-- Constraints for table `ym_category_tag_rel`
--
ALTER TABLE `ym_category_tag_rel`
  ADD CONSTRAINT `ym_category_tag_rel_ibfk_1` FOREIGN KEY (`tag_id`) REFERENCES `ym_class_tags` (`id`) ON DELETE CASCADE ON UPDATE NO ACTION;

--
-- Constraints for table `ym_classes`
--
ALTER TABLE `ym_classes`
  ADD CONSTRAINT `ym_classes_ibfk_1` FOREIGN KEY (`category_id`) REFERENCES `ym_class_categories` (`id`) ON DELETE CASCADE ON UPDATE NO ACTION,
  ADD CONSTRAINT `ym_classes_ibfk_2` FOREIGN KEY (`course_id`) REFERENCES `ym_courses` (`id`) ON DELETE CASCADE ON UPDATE NO ACTION;

--
-- Constraints for table `ym_class_categories`
--
ALTER TABLE `ym_class_categories`
  ADD CONSTRAINT `ym_class_categories_ibfk_1` FOREIGN KEY (`course_id`) REFERENCES `ym_courses` (`id`) ON DELETE CASCADE ON UPDATE NO ACTION;

--
-- Constraints for table `ym_class_category_files`
--
ALTER TABLE `ym_class_category_files`
  ADD CONSTRAINT `ym_class_category_files_ibfk_1` FOREIGN KEY (`category_id`) REFERENCES `ym_class_categories` (`id`) ON DELETE CASCADE ON UPDATE NO ACTION;

--
-- Constraints for table `ym_class_category_file_links`
--
ALTER TABLE `ym_class_category_file_links`
  ADD CONSTRAINT `ym_class_category_file_links_ibfk_1` FOREIGN KEY (`category_id`) REFERENCES `ym_class_categories` (`id`) ON DELETE CASCADE ON UPDATE NO ACTION;

--
-- Constraints for table `ym_class_tag_rel`
--
ALTER TABLE `ym_class_tag_rel`
  ADD CONSTRAINT `ym_class_tag_rel_ibfk_1` FOREIGN KEY (`tag_id`) REFERENCES `ym_class_tags` (`id`) ON DELETE CASCADE ON UPDATE NO ACTION,
  ADD CONSTRAINT `ym_class_tag_rel_ibfk_2` FOREIGN KEY (`class_id`) REFERENCES `ym_classes` (`id`) ON DELETE CASCADE ON UPDATE NO ACTION;

--
-- Constraints for table `ym_course_tag_rel`
--
ALTER TABLE `ym_course_tag_rel`
  ADD CONSTRAINT `ym_course_tag_rel_ibfk_1` FOREIGN KEY (`tag_id`) REFERENCES `ym_class_tags` (`id`) ON DELETE CASCADE ON UPDATE NO ACTION,
  ADD CONSTRAINT `ym_course_tag_rel_ibfk_2` FOREIGN KEY (`course_id`) REFERENCES `ym_courses` (`id`) ON DELETE CASCADE ON UPDATE NO ACTION;

--
-- Constraints for table `ym_pages`
--
ALTER TABLE `ym_pages`
  ADD CONSTRAINT `ym_pages_ibfk_1` FOREIGN KEY (`category_id`) REFERENCES `ym_page_categories` (`id`) ON DELETE CASCADE ON UPDATE NO ACTION;

--
-- Constraints for table `ym_places`
--
ALTER TABLE `ym_places`
  ADD CONSTRAINT `ym_places_ibfk_1` FOREIGN KEY (`town_id`) REFERENCES `ym_towns` (`id`) ON DELETE CASCADE ON UPDATE NO ACTION;

--
-- Constraints for table `ym_teacher_details`
--
ALTER TABLE `ym_teacher_details`
  ADD CONSTRAINT `ym_teacher_details_ibfk_1` FOREIGN KEY (`user_id`) REFERENCES `ym_users` (`id`) ON DELETE CASCADE ON UPDATE NO ACTION;

--
-- Constraints for table `ym_users`
--
ALTER TABLE `ym_users`
  ADD CONSTRAINT `ym_users_ibfk_1` FOREIGN KEY (`role_id`) REFERENCES `ym_user_roles` (`id`) ON DELETE CASCADE ON UPDATE NO ACTION;

--
-- Constraints for table `ym_user_details`
--
ALTER TABLE `ym_user_details`
  ADD CONSTRAINT `ym_user_details_ibfk_1` FOREIGN KEY (`user_id`) REFERENCES `ym_users` (`id`) ON DELETE CASCADE ON UPDATE NO ACTION;

--
-- Constraints for table `ym_user_transactions`
--
ALTER TABLE `ym_user_transactions`
  ADD CONSTRAINT `ym_user_transactions_ibfk_1` FOREIGN KEY (`class_id`) REFERENCES `ym_classes` (`id`) ON DELETE NO ACTION ON UPDATE NO ACTION,
  ADD CONSTRAINT `ym_user_transactions_ibfk_2` FOREIGN KEY (`user_id`) REFERENCES `ym_users` (`id`) ON DELETE NO ACTION ON UPDATE NO ACTION;

/*!40101 SET CHARACTER_SET_CLIENT=@OLD_CHARACTER_SET_CLIENT */;
/*!40101 SET CHARACTER_SET_RESULTS=@OLD_CHARACTER_SET_RESULTS */;
/*!40101 SET COLLATION_CONNECTION=@OLD_COLLATION_CONNECTION */;
