-- phpMyAdmin SQL Dump
-- version 4.0.10.14
-- http://www.phpmyadmin.net
--
-- Host: localhost:3306
-- Generation Time: Jan 04, 2017 at 10:51 AM
-- Server version: 5.5.32-cll-lve
-- PHP Version: 5.6.20

SET SQL_MODE = "NO_AUTO_VALUE_ON_ZERO";
SET time_zone = "+00:00";


/*!40101 SET @OLD_CHARACTER_SET_CLIENT=@@CHARACTER_SET_CLIENT */;
/*!40101 SET @OLD_CHARACTER_SET_RESULTS=@@CHARACTER_SET_RESULTS */;
/*!40101 SET @OLD_COLLATION_CONNECTION=@@COLLATION_CONNECTION */;
/*!40101 SET NAMES utf8 */;

--
-- Database: `avayesha_db`
--

-- --------------------------------------------------------

--
-- Table structure for table `ym_admins`
--

CREATE TABLE IF NOT EXISTS `ym_admins` (
  `id` int(10) unsigned NOT NULL AUTO_INCREMENT,
  `username` varchar(100) NOT NULL,
  `password` varchar(100) NOT NULL,
  `email` varchar(255) NOT NULL COMMENT 'پست الکترونیک',
  `role_id` int(11) unsigned NOT NULL COMMENT 'نقش',
  PRIMARY KEY (`id`),
  KEY `role_id` (`role_id`)
) ENGINE=InnoDB  DEFAULT CHARSET=utf8 AUTO_INCREMENT=28 ;

--
-- Dumping data for table `ym_admins`
--

INSERT INTO `ym_admins` (`id`, `username`, `password`, `email`, `role_id`) VALUES
(24, 'admin', '$2a$12$3Mffj7pNFSwfjNE6EwOb.eoR1kvFVWM/rNh/OwK3Zq5xX6B3bSCx6', 'khadem8234@yahoo.com', 2),
(25, 'amirhosseinkhezerlou@gmail.com', '$2a$12$ixXJvSBSnCkKnuzLj.aP/ukzpNmjdEAeT8Hd2kjkdwyKb2pwBL72m', 'amirhosseinkhezerlou@gmail.com', 2),
(26, 'izadifarvahid@gmail.com', '$2a$12$NpK1kpMbvBNCB4diZGjTpueirI/kRrHlaSjm.xqByq0XxT46vCIzi', 'izadifarvahid@gmail.com', 2),
(27, 'rahbod', '$2a$12$178WxX/RdaCYHQFudpyRXekJDmodZUTZV.pVUdOXU5jHw856WTC6q', 'yusef.mobasheri@gmail.com', 1);

-- --------------------------------------------------------

--
-- Table structure for table `ym_admin_roles`
--

CREATE TABLE IF NOT EXISTS `ym_admin_roles` (
  `id` int(11) unsigned NOT NULL AUTO_INCREMENT,
  `name` varchar(100) NOT NULL COMMENT 'عنوان نقش',
  `role` varchar(255) NOT NULL COMMENT 'نقش',
  PRIMARY KEY (`id`)
) ENGINE=InnoDB  DEFAULT CHARSET=utf8 AUTO_INCREMENT=7 ;

--
-- Dumping data for table `ym_admin_roles`
--

INSERT INTO `ym_admin_roles` (`id`, `name`, `role`) VALUES
(1, 'Super Admin', 'superAdmin'),
(2, 'مدیریت', 'admin'),
(4, 'نویسنده', 'author'),
(6, 'منشی', 'secreter');

-- --------------------------------------------------------

--
-- Table structure for table `ym_admin_role_permissions`
--

CREATE TABLE IF NOT EXISTS `ym_admin_role_permissions` (
  `id` int(10) unsigned NOT NULL AUTO_INCREMENT COMMENT 'شناسه',
  `role_id` int(10) unsigned DEFAULT NULL COMMENT 'نقش',
  `module_id` varchar(255) CHARACTER SET utf8 DEFAULT NULL COMMENT 'ماژول',
  `controller_id` varchar(255) CHARACTER SET utf8 DEFAULT NULL COMMENT 'کنترلر',
  `actions` text CHARACTER SET utf8 COMMENT 'اکشن ها',
  PRIMARY KEY (`id`),
  KEY `role_id` (`role_id`)
) ENGINE=InnoDB  DEFAULT CHARSET=utf8 COLLATE=utf8_persian_ci AUTO_INCREMENT=702 ;

--
-- Dumping data for table `ym_admin_role_permissions`
--

INSERT INTO `ym_admin_role_permissions` (`id`, `role_id`, `module_id`, `controller_id`, `actions`) VALUES
(521, 4, 'admins', 'AdminsManageController', 'changePass'),
(522, 4, 'news', 'NewsManageController', 'create,update,admin,upload,deleteUpload'),
(523, 4, 'pages', 'PagesManageController', 'index,create,update,admin,delete'),
(524, 4, 'articles', 'ArticlesCategoriesController', 'create,update,admin,delete'),
(525, 4, 'articles', 'ArticlesFilesController', 'index,create,update,delete,upload,deleteUpload,uploadImage,deleteUploadImage,order'),
(526, 4, 'articles', 'ArticlesLinksController', 'create,update,delete,order,upload,deleteUpload'),
(527, 4, 'articles', 'ArticlesManageController', 'create,update,admin,delete,order,upload,deleteUpload'),
(528, 4, 'articles', 'ArticlesTagsController', 'index,create,update,admin,delete,list'),
(647, 2, 'admins', 'AdminsDashboardController', 'index'),
(648, 2, 'admins', 'AdminsManageController', 'index,views,create,update,admin,changePass,delete'),
(649, 2, 'admins', 'AdminsRolesController', 'create,update,admin,delete'),
(650, 2, 'articles', 'ArticlesCategoriesController', 'create,update,admin,delete'),
(651, 2, 'articles', 'ArticlesCategoryController', 'create,update,admin,delete'),
(652, 2, 'articles', 'ArticlesExtlinksController', 'create,update,delete,order'),
(653, 2, 'articles', 'ArticlesFilesController', 'index,create,update,delete,upload,deleteUpload,uploadImage,deleteUploadImage,order'),
(654, 2, 'articles', 'ArticlesLinksController', 'create,update,delete,order,upload,deleteUpload'),
(655, 2, 'articles', 'ArticlesManageController', 'create,update,admin,delete,order,upload,deleteUpload'),
(656, 2, 'articles', 'ArticlesTagsController', 'index,create,update,admin,delete,list'),
(657, 2, 'comments', 'CommentController', 'admin,delete,approve'),
(658, 2, 'courses', 'CoursesCategoriesController', 'index,create,update,admin,delete,order'),
(659, 2, 'courses', 'CoursesClassesController', 'index,classRegister,deleteRegister,view,create,update,admin,delete,order,getCategories'),
(660, 2, 'courses', 'CoursesFilesController', 'index,create,update,delete,upload,deleteUpload,uploadImage,deleteUploadImage,order'),
(661, 2, 'courses', 'CoursesLinksController', 'create,update,delete,order,upload,deleteUpload'),
(662, 2, 'courses', 'CoursesManageController', 'create,update,admin,delete,upload,deleteUpload,order'),
(663, 2, 'courses', 'CoursesRegisterController', 'admin,inquiry'),
(664, 2, 'courses', 'CoursesTagsController', 'index,create,update,admin,delete,list'),
(665, 2, 'faq', 'FaqCategoriesController', 'index,view,create,update,admin,delete,order'),
(666, 2, 'faq', 'FaqManageController', 'index,view,create,update,order,admin,delete'),
(667, 2, 'gallery', 'GalleryManageController', 'create,update,delete,upload,deleteUpload,order,admin'),
(668, 2, 'map', 'MapManageController', 'create,update'),
(669, 2, 'news', 'NewsCategoryController', 'create,update,admin,delete,order'),
(670, 2, 'news', 'NewsManageController', 'create,update,admin,delete,upload,deleteUpload,order'),
(671, 2, 'pages', 'PageCategoriesManageController', 'index,view,create,update,admin,delete'),
(672, 2, 'pages', 'PagesManageController', 'index,create,update,admin,delete'),
(673, 2, 'personnel', 'PersonnelManageController', 'index,view,create,update,admin,delete,upload,deleteUpload,uploadFile,deleteUploadFile'),
(674, 2, 'setting', 'SettingManageController', 'changeSetting,siteMessage'),
(675, 2, 'users', 'UsersManageController', 'index,view,create,createUser,update,admin,delete'),
(676, 2, 'users', 'UsersRolesController', 'create,update,admin,delete'),
(677, 2, 'users', 'UsersTeacherDetailsController', 'index,view,create,update,admin,delete,upload,deleteUpload,uploadFile,deleteUploadFile'),
(678, 2, 'users', 'UsersTeachersController', 'index,create,admin,delete'),
(679, 6, 'articles', 'ArticlesCategoriesController', 'create,update,admin,delete'),
(680, 6, 'articles', 'ArticlesFilesController', 'index,create,update,delete,upload,deleteUpload,uploadImage,deleteUploadImage,order'),
(681, 6, 'articles', 'ArticlesLinksController', 'create,update,delete,order,upload,deleteUpload'),
(682, 6, 'articles', 'ArticlesManageController', 'create,update,admin,delete,order,upload,deleteUpload'),
(683, 6, 'articles', 'ArticlesTagsController', 'index,create,update,admin,delete,list'),
(684, 6, 'comments', 'CommentController', 'admin,delete,approve'),
(685, 6, 'courses', 'CoursesCategoriesController', 'index,create,update,admin,order'),
(686, 6, 'courses', 'CoursesClassesController', 'index,classRegister,deleteRegister,view,create,update,admin,order,getCategories'),
(687, 6, 'courses', 'CoursesFilesController', 'index,create,update,upload,deleteUpload,uploadImage,deleteUploadImage,order'),
(688, 6, 'courses', 'CoursesLinksController', 'create,update,order,upload,deleteUpload'),
(689, 6, 'courses', 'CoursesManageController', 'create,update,admin,delete,upload,deleteUpload,order'),
(690, 6, 'courses', 'CoursesRegisterController', 'admin,inquiry'),
(691, 6, 'courses', 'CoursesTagsController', 'index,create,update,admin,delete,list'),
(692, 6, 'faq', 'FaqCategoriesController', 'index,view,create,update,admin,delete,order'),
(693, 6, 'faq', 'FaqManageController', 'index,view,create,update,order,admin,delete'),
(694, 6, 'gallery', 'GalleryManageController', 'create,update,delete,upload,deleteUpload,order,admin'),
(695, 6, 'map', 'MapManageController', 'create,update'),
(696, 6, 'news', 'NewsManageController', 'create,update,admin,delete,upload,deleteUpload,order'),
(697, 6, 'pages', 'PageCategoriesManageController', 'index,view,create,update,admin,delete'),
(698, 6, 'pages', 'PagesManageController', 'index,create,update,admin,delete'),
(699, 6, 'setting', 'SettingManageController', 'changeSetting,siteMessage'),
(700, 6, 'users', 'UsersManageController', 'index,view,create,createUser,update,admin,delete'),
(701, 6, 'admins', 'AdminsManageController', 'changePass');

-- --------------------------------------------------------

--
-- Table structure for table `ym_articles`
--

CREATE TABLE IF NOT EXISTS `ym_articles` (
  `id` int(10) unsigned NOT NULL AUTO_INCREMENT,
  `title` varchar(100) COLLATE utf8_persian_ci DEFAULT NULL COMMENT 'عنوان',
  `summary` text COLLATE utf8_persian_ci COMMENT 'توضیح',
  `image` varchar(255) COLLATE utf8_persian_ci DEFAULT NULL COMMENT 'تصویر',
  `create_date` varchar(20) COLLATE utf8_persian_ci DEFAULT NULL,
  `publish_date` varchar(255) COLLATE utf8_persian_ci DEFAULT NULL,
  `seen` int(11) unsigned DEFAULT NULL,
  `status` enum('draft','publish') CHARACTER SET latin1 DEFAULT 'draft',
  `category_id` int(10) unsigned NOT NULL COMMENT 'دسته بندی',
  `order` int(10) unsigned DEFAULT NULL,
  PRIMARY KEY (`id`),
  KEY `category_id` (`category_id`)
) ENGINE=InnoDB  DEFAULT CHARSET=utf8 COLLATE=utf8_persian_ci AUTO_INCREMENT=31 ;

--
-- Dumping data for table `ym_articles`
--

INSERT INTO `ym_articles` (`id`, `title`, `summary`, `image`, `create_date`, `publish_date`, `seen`, `status`, `category_id`, `order`) VALUES
(15, 'نرم افزارهای آموزشی و کاربردی', '<p>این نرم افزارها برای استفاده کاربران عزیز در اینجا گذاشته شده که در استفاده از منابع آموزشی به آنها کمک زیادی خواهد کرد.</p>\n', 'jfTYG1480711416.jpg', '1480709113', '1480709113', 81, 'publish', 5, 1),
(17, 'آدرس سایت های دیگر', '<p>در اینجا میتوانید آدرس سایت های دیگری که مطالب آموزنده و یا منابع کاربردی مفیدی دارند را مشاهده کنید. </p>\n', 'V6JSA1480854903.jpg', '1480713899', '1480713899', 100, 'publish', 4, 2),
(18, 'دانلود کتاب های لغت و گرامر', '<p>در این بخش می توانید کتاب های گرامر و لغت مفید را دانلود کنید.</p>\n', 'EyMxD1480845091.png', '1480845160', '1480845490', 192, 'publish', 3, 3),
(19, 'دانلود ویدیو های آموزشی گرامر', '<p>در این بخش می توانید ویدیو های آموزش گرامر را دانلود کنید.</p>\n', 'lhCyq1481021422.jpg', '1481021631', '1481021631', 41, 'publish', 6, 4),
(20, 'دانلود کتاب های رایتینگ', '<p>در این بخش می توانید کتاب های مفید برای تقویت رایتنگ در زمینه های مختلف را دانلود کنید.</p>\n', 'TBPzZ1481498179.jpg', '1481498312', '1481498312', 66, 'publish', 3, 5),
(21, 'فایل های آموزش مهارت لیسنینگ  Listening Skills', '<p>این فایل ها برای تقویت زبان عمومی و مهارت لیسنینگ با لهجه بریتانیایی، آمریکایی، واسترالیایی فوق العاده هستند.</p>\n', 'OPKL81481802428.jpg', '1481802883', '1481802883', 56, 'draft', 7, 6),
(23, 'فایل های صوتی انگیزشی', '<p>این فایل ها هم مهارت لیسنینگ شما رو تقویت میکنند و هم فایل های انگیزشی بسیاری خوبی هستند که در زندگی روزمره هم تاثیر فوق العاده ای دارند. این فایل ها برای زبان آموزان سطح متوسط به بالا مناسب هستند.</p>\n', 'NfDny1482006176.jpg', '1482006469', '1482006469', 29, 'draft', 9, 7),
(25, 'فایل های لیسنینگ  با لهجه آمریکایی', '<p>این فایل های صوتی برای یادگیری لهجه آمریکایی بسیار مناسب هستند و برای تمامی سطوح مطالب متنوع دارند.</p>\n', 'GSHGF1482012094.jpg', '1482011281', '1482011281', 35, 'publish', 12, 8),
(26, 'فایل های لیسنینگ  با لهجه بریتانیایی', '<p>این فایل های صوتی برای یادگیری لهجه بریتانیایی بسیار مناسب هستند و برای تمامی سطوح مطالب متنوع دارند.</p>\n', 'mdfvu1482013374.jpg', '1482013676', '1482013676', 42, 'publish', 13, 9),
(28, 'برایان تریسی Brian Tracy', '<p>فایل های صوتی برایان تریسی هم مهارت لیسنینگ شما رو تقویت میکنند و هم فایل های انگیزشی بسیار خوبی هستند که در زندگی روزمره هم تاثیر فوق العاده ای دارند. این فایل ها برای زبان آموزان سطح متوسط به بالا مناسب هستند. </p>\n', 'yxlgd1482018641.jpg', '1482018892', '1482018892', 35, 'publish', 14, 10),
(29, 'کتاب فوق العاده Think and Grow Rich ', '<p>این کتاب یکی از بهترین کتاب های انگیزشی دنیا به حساب می آید و برای سطح پیشرفته مناسب است.</p>\n', 'KvBh11482579128.jpg', '1482579908', '1482579908', 23, 'publish', 9, 11),
(30, 'انگلیسی تجاری و بازرگانی Business English', '<p>در این مجموعه، فایل های متنی، صوتی،و فیلم های آموزشی انگلیسی تجاری و بازرگانی را رایگان می توانید دانلود کنید.</p>\n', 'AZJMN1483287491.jpg', '1483289375', '1483289375', 2, 'publish', 15, 12);

-- --------------------------------------------------------

--
-- Table structure for table `ym_article_categories`
--

CREATE TABLE IF NOT EXISTS `ym_article_categories` (
  `id` int(10) unsigned NOT NULL AUTO_INCREMENT,
  `title` varchar(50) COLLATE utf8_persian_ci DEFAULT NULL COMMENT 'عنوان',
  `parent_id` int(10) unsigned DEFAULT NULL,
  `path` varchar(255) COLLATE utf8_persian_ci DEFAULT NULL,
  `order` int(10) unsigned DEFAULT NULL,
  PRIMARY KEY (`id`)
) ENGINE=InnoDB  DEFAULT CHARSET=utf8 COLLATE=utf8_persian_ci AUTO_INCREMENT=16 ;

--
-- Dumping data for table `ym_article_categories`
--

INSERT INTO `ym_article_categories` (`id`, `title`, `parent_id`, `path`, `order`) VALUES
(2, 'عمومی', NULL, NULL, NULL),
(3, 'کتاب های جنرال (وکب، گرامر، رایتینگ، ریدینگ)', NULL, NULL, NULL),
(4, 'معرفی سایت ها، کتاب ها، و منابع آموزشی مفید', NULL, NULL, NULL),
(5, 'دانلود نرم افزار، فرهنگ لغت، و اپلیکیشن موبایل', NULL, NULL, NULL),
(6, 'دانلود ویدیو های آموزشی', NULL, NULL, NULL),
(7, 'فایل های صوتی ', NULL, NULL, NULL),
(9, 'فایل های صوتی انگیزشی', 7, '7-', NULL),
(12, 'فایل های صوتی با لهجه آمریکایی American Accent ', 7, '7-', NULL),
(13, 'فایل های صوتی با لهجه بریتانیایی British Accent ', 7, '7-', NULL),
(14, 'برایان تریسی Brian Tracy', 9, '7-9-', NULL),
(15, 'فایل های زبان تخصصی (تجاری، حقوقی، مهندسی ...) ESP', NULL, NULL, NULL);

-- --------------------------------------------------------

--
-- Table structure for table `ym_article_files`
--

CREATE TABLE IF NOT EXISTS `ym_article_files` (
  `id` int(10) unsigned NOT NULL AUTO_INCREMENT,
  `title` varchar(255) COLLATE utf8_persian_ci NOT NULL COMMENT 'عنوان',
  `path` varchar(500) COLLATE utf8_persian_ci NOT NULL COMMENT 'فایل',
  `summary` text COLLATE utf8_persian_ci,
  `file_type` varchar(50) COLLATE utf8_persian_ci NOT NULL COMMENT 'نوع فایل',
  `article_id` int(10) unsigned NOT NULL COMMENT 'گروه',
  `order` int(10) unsigned NOT NULL,
  `image` varchar(255) CHARACTER SET latin1 DEFAULT NULL,
  PRIMARY KEY (`id`),
  KEY `category_id` (`article_id`)
) ENGINE=InnoDB DEFAULT CHARSET=utf8 COLLATE=utf8_persian_ci AUTO_INCREMENT=1 ;

-- --------------------------------------------------------

--
-- Table structure for table `ym_article_file_links`
--

CREATE TABLE IF NOT EXISTS `ym_article_file_links` (
  `id` int(10) unsigned NOT NULL AUTO_INCREMENT,
  `title` varchar(255) COLLATE utf8_persian_ci NOT NULL COMMENT 'عنوان',
  `summary` text COLLATE utf8_persian_ci,
  `link` varchar(500) COLLATE utf8_persian_ci NOT NULL COMMENT 'لینک فایل',
  `file_type` varchar(50) COLLATE utf8_persian_ci NOT NULL COMMENT 'نوع فایل',
  `article_id` int(10) unsigned NOT NULL COMMENT 'گروه',
  `order` int(10) unsigned NOT NULL,
  `link_size` varchar(15) COLLATE utf8_persian_ci DEFAULT NULL,
  `image` varchar(255) CHARACTER SET latin1 DEFAULT NULL,
  PRIMARY KEY (`id`),
  KEY `category_id` (`article_id`)
) ENGINE=InnoDB  DEFAULT CHARSET=utf8 COLLATE=utf8_persian_ci AUTO_INCREMENT=438 ;

--
-- Dumping data for table `ym_article_file_links`
--

INSERT INTO `ym_article_file_links` (`id`, `title`, `summary`, `link`, `file_type`, `article_id`, `order`, `link_size`, `image`) VALUES
(317, 'نرم افزار Alcohol', 'نرم افزار Alcohol که درایو مجازی میسازد.', 'https://drive.google.com/open?id=0B8V9PkAm4QfTejN6S1ZWdzRoblk', 'rar', 15, 1, '11 MB', NULL),
(318, 'نرم افزار AdobeAIRInstaller', '', 'https://drive.google.com/open?id=0B8V9PkAm4QfTYjlCdFpMWnEwazA', 'rar', 15, 8, '10 MB', NULL),
(319, 'فایل پی دی اف کتاب Destination B1 Grammar and Vocabulary', 'سری  کتاب های لغت و گرامر Destination  از بهترین دوره های موجود در این زمینه می باشد. کتاب Destination B 1  به عزیزانی پیشنهاد می شود که سطح آن ها Intermediate  می باشد.', 'https://drive.google.com/open?id=0B8V9PkAm4QfTRVR3MEVvUkk0T2M', 'pdf', 18, 9, '26 MB', NULL),
(320, 'فایل پی دی اف کتاب Destination B2 Grammar and Vocabulary', 'سری  کتاب های لغت و گرامر Destination  از بهترین دوره های موجود در این زمینه می باشد. کتاب Destination B 2  به عزیزانی پیشنهاد می شود که سطح آن ها Upper Intermediate می باشد.', 'https://drive.google.com/open?id=0B8V9PkAm4QfTN1FUYWRzbWVZdmM', 'pdf', 18, 10, '26 MB', NULL),
(321, 'فایل پی دی اف کتاب Destination C1& C2 Grammar and Vocabulary', 'سری  کتاب های لغت و گرامر Destination  از بهترین دوره های موجود در این زمینه می باشد. کتاب Destination C1 & C2  به عزیزانی پیشنهاد می شود که سطح آن ها Advance می باشد.', 'https://drive.google.com/open?id=0B8V9PkAm4QfTVnVkQkhWR0tuWHM', 'pdf', 18, 11, '9MB', NULL),
(322, 'فایل پی دی اف کتاب Words You Should Know in High School', 'کتاب Words You Should Know in High School در بر دارنده بیش از هزار واژه ی آکادمیک است که برای انجام تکالیف دانشگاهی و فعالیت های آکادمیک ضروری می باشند.', 'https://drive.google.com/open?id=0B8V9PkAm4QfTWDhqUFNXalVjRzQ', 'pdf', 18, 19, '7 MB', NULL),
(323, 'فایل پی دی اف کتاب Webster''s New World Essential Vocabulary', 'اگر به دنبال ارتقای دایره واژگانی خود و آمادگی برای تمام امتحان های بین المللی هستید، کتاب Webster''s New World Essential Vocabulary کتابی است که به آن نیاز دارید.', 'https://drive.google.com/open?id=0B8V9PkAm4QfTYkJqbUFDckUzb0E', 'pdf', 18, 42, '5 MB', NULL),
(324, 'فایل پی دی اف کتاب Basic English Grammar Book 1', '', 'https://drive.google.com/open?id=0B8V9PkAm4QfTZ0NUdzRsak5KbWM', 'pdf', 18, 48, '6 MB', NULL),
(325, 'فایل پی دی اف کتاب Basic English Grammar Book 2 ', '', 'https://drive.google.com/open?id=0B8V9PkAm4QfTamFDdVk5RmgwQWM', 'pdf', 18, 49, '2 MB', NULL),
(326, 'فایل پی دی اف کتاب When Bad Grammar Happens to Good People', '', 'https://drive.google.com/open?id=0B8V9PkAm4QfTRVo5a21hUHhOemM', 'pdf', 18, 50, '4 MB', NULL),
(327, 'فایل پی دی اف کتاب Writing: Grammar, Usage, and Style', '', 'https://drive.google.com/open?id=0B8V9PkAm4QfTbmEzcnFlU29jU28', 'pdf', 18, 51, '1 MB', NULL),
(328, 'فایل پی دی اف کتاب The Complete Idiot''s Guide to Grammar And Style, 2nd Edition', '', 'https://drive.google.com/open?id=0B8V9PkAm4QfTZHNvajd5ZkZzTkE', 'pdf', 18, 52, '8 MB', NULL),
(329, 'فایل پی دی اف کتاب Fun with Grammar: Communicative Activities for the Azar Grammar Series', '', 'https://drive.google.com/open?id=0B8V9PkAm4QfTeVZHNmFRMlRLN1k', 'pdf', 18, 53, '5 MB', NULL),
(330, 'فایل پی دی اف کتاب The Oxford English Grammar', '', 'https://drive.google.com/open?id=0B8V9PkAm4QfTLUZUazVHQlpMQ2M', 'pdf', 18, 55, '21 MB', NULL),
(331, 'فایل پی دی اف کتاب Oxford Practice Grammar: With Answers', '', 'https://drive.google.com/open?id=0B8V9PkAm4QfTbGtSMGVvQjBGVVE', 'pdf', 18, 56, '5 MB', NULL),
(332, 'فایل پی دی اف کتاب More Grammar Games PDF', '', 'https://drive.google.com/open?id=0B8V9PkAm4QfTYVJzbFhHVzllVG8', 'pdf', 18, 57, '6 MB', NULL),
(333, 'فایل پی دی اف کتاب English Grammar for the Utterly Confused', '', 'https://drive.google.com/open?id=0B8V9PkAm4QfTR2tkS25qMk9uUTg', 'pdf', 18, 44, '1 MB', NULL),
(334, 'فایل پی دی اف کتاب Grammar Practice for Upper Intermediate Students', '', 'https://drive.google.com/open?id=0B8V9PkAm4QfTdncyeVdXdWRLems', 'pdf', 18, 58, '4 MB', NULL),
(335, 'فایل پی دی اف کتاب New Grammar Practice for Pre-Intermediate Students', '', 'https://drive.google.com/open?id=0B8V9PkAm4QfTQmRJM1d5RlFSbUE', 'pdf', 18, 59, '1 MB', NULL),
(336, 'فایل پی دی اف کتاب Grammar Practice for Elementary Students', '', 'https://drive.google.com/open?id=0B8V9PkAm4QfTdHVrR3F6MnVPXzA', 'pdf', 18, 60, '2 MB', NULL),
(337, 'فایل پی دی اف کتاب  Acing The Sat 2006', '', 'https://drive.google.com/open?id=0B8V9PkAm4QfTOURJek1KY0g3Q0k', 'pdf', 18, 61, '2 MB', NULL),
(338, 'فایل پی دی اف کتاب Grammar for ESL Learners', '', 'https://drive.google.com/open?id=0B8V9PkAm4QfTNm9Ud05vSUNBZ1U', 'pdf', 18, 62, '2 MB', NULL),
(339, 'فایل پی دی اف کتاب Grammar Practice for Intermediate Students', '', 'https://drive.google.com/open?id=0B8V9PkAm4QfTclhOWnQ1MEpBRUU', 'pdf', 18, 63, '2 MB', NULL),
(340, 'فایل پی دی اف کتاب Grammar Essentials ', '', 'https://drive.google.com/open?id=0B8V9PkAm4QfTSFJQOEotc3MtX1E', 'pdf', 18, 64, '1 MB', NULL),
(341, 'فایل پی دی اف کتاب Grammar and Usage For Better Writing', '', 'https://drive.google.com/open?id=0B8V9PkAm4QfTZGtwRnladWZWSEE', 'pdf', 18, 65, '1 MB', NULL),
(342, 'فایل پی دی اف کتاب Goof-Proof Grammar', '', 'https://drive.google.com/open?id=0B8V9PkAm4QfTajBlT1pmeHM2Ylk', 'pdf', 18, 66, '1 MB', NULL),
(343, 'فایل پی دی اف و فایل صوتی کتاب Focus on Advanced English PDF + CD', '', 'https://drive.google.com/open?id=0B8V9PkAm4QfTTDJ3cElmXzNkOHc', 'rar', 18, 67, '69 MB', NULL),
(344, 'فایل پی دی اف کتاب English Grammar For Dummies ', '', 'https://drive.google.com/open?id=0B8V9PkAm4QfTNWpzTkRrRGFEOVE', 'pdf', 18, 68, '10 MB', NULL),
(345, 'فایل پی دی اف کتاب کار English Grammar  for Dummies', '', 'https://drive.google.com/open?id=0B8V9PkAm4QfTZHZiNHV4NEoybEE', 'pdf', 18, 69, '7 MB', NULL),
(346, 'فایل پی دی اف کتاب Grammar Zappers', '', 'https://drive.google.com/open?id=0B8V9PkAm4QfTakZuU2tZV1NjVEU', 'jpeg', 18, 70, '1 MB', NULL),
(347, 'فایل پی دی اف کتاب Common Errors in English Usage', '', 'https://drive.google.com/open?id=0B8V9PkAm4QfTNGo3VkhyTGFKOVk', 'pdf', 18, 45, '1 MB', NULL),
(348, 'فایل پی دی اف کتاب Grammar with Laughter', '', 'https://drive.google.com/open?id=0B8V9PkAm4QfTWlBEWDlQbEl3Yk0', 'pdf', 18, 71, '5 MB', NULL),
(349, 'فایل پی دی اف کتاب Developing Grammar in Context Intermediate', '', 'https://drive.google.com/open?id=0B8V9PkAm4QfTTWZyckx2bjU5X2s', 'pdf', 18, 72, '10 MB', NULL),
(350, 'فایل پی دی اف کتاب Basic English Grammar بتی آذر', '', 'https://drive.google.com/open?id=0B8V9PkAm4QfTTGNHOGctb2cxNjA', 'pdf', 18, 54, '128 MB', NULL),
(351, 'فایل پی دی اف کتاب Grammar and Vocabulary for Cambridge Advanced and Proficiency', 'این کتاب مناسب آن دسته از عزیزانی است که قصد شرکت در آزمون های CAE و CPE را دارند.', 'https://drive.google.com/open?id=0B8V9PkAm4QfTNzg3RU1WdG1FTzg', 'pdf', 18, 43, '14 MB', NULL),
(352, 'فایل پی دی اف کتاب English Vocabulary in Use Advanced', '', 'https://drive.google.com/open?id=0B8V9PkAm4QfTUkNwcDQ3VEwxcUU', 'pdf', 18, 14, '15 MB', NULL),
(353, 'فایل پی دی اف کتاب English Vocabulary in Use Pre-intermediate and Intermediate ', '', 'https://drive.google.com/open?id=0B8V9PkAm4QfTdHNVZzc3ZzdDYjQ', 'pdf', 18, 13, '5 MB', NULL),
(354, 'فایل پی دی اف کتاب English Vocabulary in Use Elementary ', '', 'https://drive.google.com/open?id=0B8V9PkAm4QfTV3hQdHE1SXJQazA', 'pdf', 18, 12, '4 MB', NULL),
(355, 'فیال پی دی اف کتاب Advanced Grammar in Use', 'کتابی بی نظیر برای افرادی که می خواهند گرامر پیشرفته را فرا بگیرند.', 'https://drive.google.com/open?id=0B8V9PkAm4QfTaWZ6STBaYmUzeWs', 'pdf', 18, 17, '54 MB', NULL),
(356, 'کتاب 101American English Idioms + فایل صوتی', '', 'https://drive.google.com/open?id=0B8V9PkAm4QfTS3NPblhQcUU5STQ', 'rar', 18, 36, '33 MB', NULL),
(357, ' کتاب جذاب  Can You Believe It', 'کتابی زیبا برای آنهایی که می خواهند از طریق ریدینگ لغت و ایدیوم خود را تقویت کنند.', 'https://drive.google.com/open?id=0B8V9PkAm4QfTeXVid2lPWURjZzA', 'rar', 18, 35, '30 MB', NULL),
(358, ' WordPlay: 550+ Words You Need to Know', 'این کتاب صوتی 550 کلمه از کتاب 1100 واژه ضروری که باید بدانید رو بطور زیبایی در قالب داستان آموزش می دهد و مناسب افرادی است که برای SAT, ACT، GRE  و ESL آماده می شوند.', 'https://drive.google.com/open?id=0B8V9PkAm4QfTcTFfUzFrX2MwX2s', 'rar', 18, 18, '77 MB', NULL),
(359, '101American English Riddles', '101  معما برای یادگیری زبان انگلیسی', 'https://drive.google.com/open?id=0B8V9PkAm4QfTT2ZkWkNOdXFpcGM', 'pdf', 18, 37, '5 MB', NULL),
(360, 'فایل پی دی اف کتاب The Slangman Guide to Street Speak', 'کتاب Slangman سلنگ های پر کاربردی را پوشش می دهد که در امریکن انگلیش بسیار پر کاربرد هستند.', 'https://drive.google.com/open?id=0B8V9PkAm4QfTOTdNTG5CRk9zQTA', 'rar', 18, 38, '64 MB', NULL),
(361, 'فایل پی دی اف کتاب English Collocations in Use Intermediate', 'این کتاب صدها کالوکیشن (واژگان همنشین) را به سبکی زیبا آموزش می دهد و مناسب زبان پژوهانی است که سطح آنان intermediate می باشد.', 'https://drive.google.com/open?id=0B8V9PkAm4QfTZGkxMUVYNVQyQjQ', 'pdf', 18, 15, '61 MB', NULL),
(362, 'فایل پی دی اف کتاب English Collocations in Use Advanced', 'این کتاب تمام همنشین های ضروری برای سطح پیشرفته را پوشش می دهد.', 'https://drive.google.com/open?id=0B8V9PkAm4QfTWjBrajVYWDl0VFE', 'pdf', 18, 16, '73 MB', NULL),
(363, '4000 واژه ضروری زبان انگلیسی جلد 1  ', 'این کتاب که اولین کتاب از یک مجموعه شش جلدی است منبع فوق العاده ای برای یادگیری واژگان انگلیسی است. همه واژه ها، معانی، و مثالها با لهجه آمریکایی خوانده میشوند و داستانی در انتهای هر درس دارد که این واژگان در آن بکار رفته که فرصت یادگیری لغات به صورت صحیح را به شما می دهد.', 'https://drive.google.com/open?id=0B8V9PkAm4QfTS1JWRFNfV2NLN2s', 'rar', 18, 20, '110 MB', NULL),
(364, 'فایل پی دی اف کتاب Word Power in 15 Minutes a Day', 'تنها در یک ماه دانش واژگانی خود را ارتقا دهید.', 'https://drive.google.com/open?id=0B8V9PkAm4QfTbnpkdkJpWk42SEk', 'pdf', 18, 40, '2 MB', NULL),
(365, 'فایل پی دی اف کتاب Vocabulary & Spelling Success in 20 Minutes a Day', 'تنها در یک ماه دانش واژگانی خود را ارتقا دهید و اشکالات گرامری خود را کاهش دهید.', 'https://drive.google.com/open?id=0B8V9PkAm4QfTQWRyMjhGY05RWU0', 'pdf', 18, 39, '1 MB', NULL),
(366, 'فایل پی دی اف کتاب Just In Time Vocabulary ', 'هر یک از 10 فصل این کتاب علاوه بر معرفی واژگان کاربردی به استراتژی ها و تکنیک های افزایش دانش واژگانی می پردازند.', 'https://drive.google.com/open?id=0B8V9PkAm4QfTaDdIMkJfN0k1RWc', 'pdf', 18, 34, '1 MB', NULL),
(367, 'دانلود ویدیو های The Complete English Grammar سری اول', '', 'https://drive.google.com/open?id=0B8V9PkAm4QfTUklGXzY1TElqUDQ', 'rar', 19, 73, '104 MB', NULL),
(368, 'دانلود ویدیو های The Complete English Grammar سری دوم', '', 'https://drive.google.com/open?id=0B8V9PkAm4QfTV0hTNXhPODZWZ2M', 'rar', 19, 74, '121 MB', NULL),
(369, 'دانلود ویدیو های The Complete English Grammar سری سوم', '', 'https://drive.google.com/open?id=0B8V9PkAm4QfTX09ZbjRfM0ZJMGM', 'rar', 19, 75, '82 MB', NULL),
(370, 'دانلود ویدیو های The Complete English Grammar سری چهارم', '', 'https://drive.google.com/open?id=0B8V9PkAm4QfTQ3BZNWY5eW12Y0k', 'rar', 19, 76, '78 MB', NULL),
(371, 'دانلود ویدیو های The Complete English Grammar سری پنجم', '', 'https://drive.google.com/open?id=0B8V9PkAm4QfTS0RGdmxNQzZJUk0', 'pdf', 19, 77, '83 MB', NULL),
(372, 'دانلود ویدیو های The Complete English Grammar سری هفتم', '', 'https://drive.google.com/open?id=0B8V9PkAm4QfTeGU2WDJ0aDNUT3c', 'rar', 19, 79, '108 MB', NULL),
(373, 'دانلود ویدیو های The Complete English Grammar سری هشتم', '', 'https://drive.google.com/open?id=0B8V9PkAm4QfTVHFIMDd3SkxBYms', 'rar', 19, 80, '109 MB', NULL),
(374, 'دانلود ویدیو های The Complete English Grammar سری نهم', '', 'https://drive.google.com/open?id=0B8V9PkAm4QfTaUszcXdveC1yeFE', 'rar', 19, 81, '154 MB', NULL),
(375, 'دانلود ویدیو های The Complete English Grammar سری دهم', '', 'https://drive.google.com/open?id=0B8V9PkAm4QfTTThPcVNrREpMcDQ', 'rar', 19, 82, '109 MB', NULL),
(376, 'دانلود ویدیو های The Complete English Grammar سری ششم', '', 'https://drive.google.com/open?id=0B8V9PkAm4QfTSFI2SnZWcHJvNzA', 'rar', 19, 78, '101 MB', NULL),
(377, 'فایل پی دی اف کتاب Prepositionary: the writer''s guide to prepositions', 'راهنمایی جامع برای حروف اضافه زبان انگلیسی', 'https://drive.google.com/open?id=0B8V9PkAm4QfTVVVSZUVDejVkeGc', 'pdf', 18, 47, '1 MB', NULL),
(378, 'فایل پی دی اف کتاب Test Your Prepositions  ', '60 تست برای تقویت حروف اضافه', 'https://drive.google.com/open?id=0B8V9PkAm4QfTU0RyMzhYZE45T0E', 'pdf', 18, 46, '3 MB', NULL),
(379, 'نرم افزار یادگیری عبارات عامیانه American Slang Quiz', '', 'https://drive.google.com/open?id=0B8V9PkAm4QfTT1lNRlhydHhsU1k', 'apk', 15, 7, '6 MB', NULL),
(380, 'نرم افزار ممرایز Memrise', '', 'https://drive.google.com/open?id=0B8V9PkAm4QfTX2RucHhENmM1QXc', 'apk', 15, 6, '20 MB', NULL),
(381, 'نرم افزار انکیدروید AnkiDroid', 'این نرم افزار مانند جعبه لایتنر عمل میکند و تقریبا تمامی کتاب های وکب انگلیسی مناسب برای تافل، آیلتس، جی آر ای، جی مت و غیره برای این نرم افزار آماده شده است. ', 'https://drive.google.com/open?id=0B8V9PkAm4QfTNDV4TjR1bGNOOTQ', 'apk', 15, 2, '6 MB', NULL),
(382, 'نرم افزار یادگیری لغت انکی برای ویندوز Anki for windows', '', 'https://drive.google.com/open?id=0B8V9PkAm4QfTTENmYWhjY1BkS0U', 'rar', 15, 4, '22 MB', NULL),
(383, 'آموزش استفاده از انکی', '', 'https://drive.google.com/open?id=0B8V9PkAm4QfTM1JPSGVXOUJFVDQ', 'rar', 15, 3, '23 MB', NULL),
(384, 'فایل پی دی اف کتاب Your Writing Coach', 'راهنمایی بی نظیر برای آنان که می خواهند در زمینه های مختلف نگارنده ای موثر و توانمند باشند.', 'https://drive.google.com/open?id=0B8V9PkAm4QfTNlk3TlZqTnBuNFE', 'pdf', 20, 83, '2 MB', NULL),
(385, 'فایل پی دی اف کتاب Writing and Presenting in English', 'کتابی مفید برای کسانی که می خواهند مقاله خودرا به زبان انگلیسی چاپ کنند.', 'https://drive.google.com/open?id=0B8V9PkAm4QfTUWozRDVHeWFqQ0U', 'pdf', 20, 84, '1 MB', NULL),
(386, ' کتاب Writing Skills Success in 20 Minutes a Day', 'در بیست روز رایتینگ خودرا تقویت کنید.', 'https://drive.google.com/open?id=0B8V9PkAm4QfTN0NmZXBMNDU3VE0', 'pdf', 20, 85, '2 MB', NULL),
(398, 'فایل صوتی Special English VOA News', 'این فایل های صوتی که با لهجه آمریکایی ارائه می شوند برای سطوح Pre-intermediate مناسب هستند.', 'https://drive.google.com/open?id=0B8V9PkAm4QfTWnFpX3llZEhfUGs', 'rar', 25, 87, '539 MB', 'yo7Yc1482011839.jpg'),
(399, 'فایل های آموزش مهارت لیسنینگ  BBC 6 Minute English-2008 همراه با PDF', 'این فایل ها برای تقویت زبان عمومی و مهارت لیسنینگ با لهجه بریتانیایی برای سطح متوسطه بسیار مناسب هستند.', 'https://drive.google.com/open?id=0B8V9PkAm4QfTcWtMcjlGT0RoejA', 'rar', 26, 95, '87 MB', 'yiYxQ1482013782.jpg'),
(400, 'فایل های آموزش مهارت لیسنینگ  BBC 6 Minute English-2009 همراه با PDF', 'این فایل ها برای تقویت زبان عمومی و مهارت لیسنینگ با لهجه بریتانیایی برای سطح متوسطه بسیار مناسب هستند.', 'https://drive.google.com/open?id=0B8V9PkAm4QfTS2M2YnotZ3lrS1k', 'rar', 26, 94, '231 MB', 'RrCXU1482015261.jpg'),
(401, 'فایل های آموزش مهارت لیسنینگ  BBC 6 Minute English-2010 همراه با PDF', 'این فایل ها برای تقویت زبان عمومی و مهارت لیسنینگ با لهجه بریتانیایی برای سطح متوسطه بسیار مناسب هستند.', 'https://drive.google.com/open?id=0B8V9PkAm4QfTUXZtQnlEUWdFcGM', 'rar', 26, 93, '233 MB', 'JUdbv1482015783.jpg'),
(402, 'فایل های آموزش مهارت لیسنینگ  BBC 6 Minute English-2011 همراه با PDF', 'این فایل ها برای تقویت زبان عمومی و مهارت لیسنینگ با لهجه بریتانیایی برای سطح متوسطه بسیار مناسب هستند.', 'https://drive.google.com/open?id=0B8V9PkAm4QfTZklMdmdvNmlTV3M', 'rar', 26, 92, '235 MB', 'm9dNf1482016261.jpg'),
(403, 'فایل های آموزش مهارت لیسنینگ  BBC 6 Minute English-2012 همراه با PDF', 'این فایل ها برای تقویت زبان عمومی و مهارت لیسنینگ با لهجه بریتانیایی برای سطح متوسطه بسیار مناسب هستند.', 'https://drive.google.com/open?id=0B8V9PkAm4QfTV2FTSm85ZURzY0U', 'rar', 26, 91, '114 MB', 'DWiw51482016373.jpg'),
(404, 'فایل های آموزش مهارت لیسنینگ BBC 6 Minute English-2014 همراه با PDF', 'این فایل ها برای تقویت زبان عمومی و مهارت لیسنینگ با لهجه بریتانیایی برای سطح متوسطه بسیار مناسب هستند.', 'https://drive.google.com/open?id=0B8V9PkAm4QfTekh1dFc1TWlnWGM', 'rar', 26, 90, '289 MB', 'PHkwP1482016615.jpg'),
(405, 'فایل های آموزش مهارت لیسنینگ BBC 6 Minute English-2015 همراه با PDF', 'این فایل ها برای تقویت زبان عمومی و مهارت لیسنینگ با لهجه بریتانیایی برای سطح متوسطه بسیار مناسب هستند.', 'https://drive.google.com/open?id=0B8V9PkAm4QfTbnBMODQtc1pvanc', 'rar', 26, 89, '332 MB', 'rjAQh1482016724.jpg'),
(406, 'فایل های آموزش مهارت لیسنینگ BBC 6 Minute English-2016 همراه با PDF', 'این فایل ها برای تقویت زبان عمومی و مهارت لیسنینگ با لهجه بریتانیایی برای سطح متوسطه بسیار مناسب هستند.', 'https://drive.google.com/open?id=0B8V9PkAm4QfTX05HRUtMcUdsSms', 'rar', 26, 88, '93 MB', '5hNW31482016837.jpg'),
(407, 'فایل صوتی و پی دی اف کتاب Eat That Frog نوشته برایان تریسی', 'کتاب قورباغه را قورت بده برایان تریسی هم مهارت لیسنینگ شما رو تقویت میکنند و هم فایل های انگیزشی بسیاری خوبی هست که در مدیریت زمان شماتاثیر فوق العاده ای خواهد داشت. این فایل برای زبان آموزان سطح متوسط به بالا مناسب هست.', 'https://drive.google.com/open?id=0B8V9PkAm4QfTb0VpN3Axc2xpRms', 'rar', 28, 96, '122 MB', '1B0fI1482019505.jpg'),
(408, 'فایل صوتی کتاب The Power of Clarity نوشته برایان تریسی', '', 'https://drive.google.com/open?id=0B8V9PkAm4QfTdFoxY3Q2eEsxcXM', 'rar', 28, 97, '501 MB', 'm7uxK1482062339.jpg'),
(409, 'فایل صوتی و پی دی اف کتاب The 21 Success Secrets of Self-Made Millionaires برایان تریس', '', 'https://drive.google.com/open?id=0B8V9PkAm4QfTWmZua1RYUEo4V2s', 'rar', 28, 98, '12 MB', 'WhYdJ1482062198.jpg'),
(410, 'فایل صوتی و پی دی اف کتاب The 21 Absolutely Unbreakable Laws of Money برایان تریسی', '', 'https://drive.google.com/open?id=0B8V9PkAm4QfTZXZVdEJtQ0lxQWc', 'rar', 28, 99, '46 MB', 'SpiBa1482062522.jpg'),
(411, 'کتاب  The One-Minute Entrepreneur نوشته برایان تریسی', '', 'https://drive.google.com/open?id=0B8V9PkAm4QfTc3hVTV83QnZSWkk', 'rar', 28, 100, '135', 'MMMGX1482062831.jpg'),
(412, 'کتاب  Success Mastery Academy نوشته برایان تریسی', '', 'https://drive.google.com/open?id=0B8V9PkAm4QfTLU9aSGRtaEFTUjQ', 'rar', 28, 101, '148 MB', '0vUDf1482063252.jpg'),
(413, 'کتاب صوتی و پی دی اف  The Ultimate Goals Program  نوشته برایان تریسی', '', 'https://drive.google.com/open?id=0B8V9PkAm4QfTWTBkUm9uWlpVVnc', 'rar', 28, 102, '71 MB', 'QrOdv1482067231.jpg'),
(414, 'کتاب Write Rite Right', 'یکی از بهترین کتاب های گرامر و وکب که روی کلمات مشابه کار کرده و برای امتحان تافل، آیلتس، و به خصوص جی آر ای فوق العاده است.', 'https://drive.google.com/open?id=0B8V9PkAm4QfTbVBTTEVFYUNQODg', 'pdf', 18, 41, '1 MB', NULL),
(415, 'فایل پی دی اف کتاب Collins Cobuild Business Vocabulary in Practice', 'این کتاب مجموعه ای است  بی نظیر از واژگان مورد نیاز و پرکاربرد در حوزه کار و تجارت.', 'https://drive.google.com/open?id=0B8V9PkAm4QfTcXpxQ1YxTmlSQjQ', 'pdf', 18, 103, '26 MB', NULL),
(416, 'فایل پی دی اف کتاب Check Your English Vocabulary for Banking & Finance', 'این کتاب   برای آن دسته از عزیزانی که تمایل دارند به صورت خود خوان واژگان خود را در حوزه بانکداری و امور مالی تقویت کنندمنبع مناسبی است.', 'https://drive.google.com/open?id=0B8V9PkAm4QfTWmZTRG5FSnBhSk0', 'pdf', 18, 104, '1 MB', NULL),
(417, 'فایل پی دی اف کتاب Test Your Business Vocabulary in Use', 'مجوعه ای 66 تستی برای تقویت واژگان در حوزه ی کار و تجارت', 'https://drive.google.com/open?id=0B8V9PkAm4QfTMFRWNVBhTGtDU1k', 'pdf', 18, 105, '14 MB', NULL),
(418, 'کتاب فوق العاده Think and Grow Rich ', 'این کتاب یکی از بهترین کتاب های انگیزشی دنیا به حساب می آید و برای سطح پیشرفته مناسب است.', 'https://drive.google.com/open?id=0B8V9PkAm4QfTUmxpcTZBNlJNVVU', 'rar', 29, 106, '861 MB', NULL),
(419, '4000 واژه ضروری زبان انگلیسی جلد 2 ', '', 'https://drive.google.com/open?id=0B8V9PkAm4QfTcGh4RlJjVmhUQkU', 'rar', 18, 21, '101', NULL),
(420, '4000 واژه ضروری زبان انگلیسی جلد 3 ', '', 'https://drive.google.com/open?id=0B8V9PkAm4QfTQzFHb1FtREFrMjg', 'rar', 18, 22, '106 MB', NULL),
(421, '4000 واژه ضروری زبان انگلیسی جلد 4  ', '', 'https://drive.google.com/open?id=0B8V9PkAm4QfTZE1aNDk4OUtIYjg', 'rar', 18, 23, '118 MB', NULL),
(422, '4000 واژه ضروری زبان انگلیسی جلد 5', '', 'https://drive.google.com/open?id=0B8V9PkAm4QfTQVJCakhqVmRRc2s', 'rar', 18, 24, '123 MB', NULL),
(423, '4000 واژه ضروری زبان انگلیسی جلد 6', '', 'https://drive.google.com/open?id=0B8V9PkAm4QfTYnoyYWJHeF9qV0k', 'jpeg', 18, 25, '118 MB', NULL),
(424, 'کتاب اصطلاحات ضروری انگلیسی از سطح مقدماتی تا پیشرفته Essential English Idioms Elementary, Intermediate, and Advanced', 'کتاب اصطلاحات ضروری انگلیسی که 3 سطح مبتدی، متوسط، و پیشرفته دارد برای هر 4 مهارت تافل ضروری است.', 'https://drive.google.com/open?id=0B8V9PkAm4QfTZk9qRUZQTHhqbUU', 'pdf', 18, 26, '461KB', NULL),
(425, 'کتاب کلمات ضروری برای امتحان تافل Essential Words for the TOEFL', 'این کتاب برای کسانی مناسب است که وقت خیلی کمی برای امتحان دارند. در غیر اینصورت، کتاب 4000 کلمه ضروری بسیار مناسب تر است.', 'https://drive.google.com/open?id=0B8V9PkAm4QfTYUxEQzFqWGVKNVU', 'pdf', 18, 27, '1 MB', NULL),
(426, 'فایل پی دی اف کتاب Test Your Business Vocabulary in Use', 'مجوعه ای 66 تستی برای تقویت واژگان در حوزه ی کار و تجارت', 'https://drive.google.com/open?id=0B8V9PkAm4QfTMFRWNVBhTGtDU1k', 'pdf', 30, 107, '14 MB', NULL),
(427, 'کتاب لغت Verbal Advantage (پی دی اف)', 'این کتاب مرجع فوق العاده ای است برای تقویت واژگان در سطح پیشرفته که فایل صوتی آن نیز عالی است. ', 'https://drive.google.com/open?id=0B8V9PkAm4QfTRWRLV2h0Z0JGbUE', 'pdf', 18, 28, '3 MB', NULL),
(428, 'فایل های صوتی کتاب Verbal Advantage ', '', 'https://drive.google.com/open?id=0B8V9PkAm4QfTdFhlUmJabkhybTg', 'rar', 18, 29, '446 MB', NULL),
(429, 'پیشوندها، پسوندها، و ریشه کلمات انگلیسی  Prefixes, Suffixes, and Common Word Roots 1', '', 'https://drive.google.com/open?id=0B8V9PkAm4QfTVkhkUUZsWTA1S00', 'pdf', 18, 30, '62 KB', NULL),
(430, 'پیشوندها، پسوندها، و ریشه کلمات انگلیسی  Prefixes, Suffixes, and Common Word Roots 2', '', 'https://drive.google.com/open?id=0B8V9PkAm4QfTYlF2S0pOZHpBQmM', 'pdf', 18, 31, '187 KB', NULL),
(431, 'پیشوندها، پسوندها، و ریشه کلمات انگلیسی  Prefixes, Suffixes, and Common Word Roots 3', '', 'https://drive.google.com/open?id=0B8V9PkAm4QfTYy0wWlJLbndRS2c', 'pdf', 18, 32, '253 KB', NULL),
(432, 'فلش کارت پیشوندها، پسوندها، و ریشه کلمات انگلیسی', '', 'https://drive.google.com/open?id=0B8V9PkAm4QfTcXB3MWp5UW80NmM', 'pdf', 18, 33, '724 KB', NULL),
(433, 'کتاب Just Listening and Speaking', 'این کتاب لهجه بریتانیایی را آموزش میدهد که در آزمون تافل آی بی تی پر بسامد میباشد.', 'https://drive.google.com/open?id=0B8V9PkAm4QfTWGV1enV4ekJSRTA', 'rar', 26, 108, '67 MB', NULL),
(434, 'ویدیوی آموزش تلفظ انگلیسی  (American Accent Training (Video Files', 'این فایل ویدئویی به زیبایی طریقه تلفظ لغات انگلیسی را آموزش میدهد که مهارتهای لیستنینگ و اسپیکینگ شما را تقویت میکند.', 'https://drive.google.com/open?id=0B8V9PkAm4QfTdGdqUkRUQXdVc1U', 'rar', 25, 109, '460 MB', '97KbK1483306045.jpg'),
(435, 'آموزش تلفظ  انگلیسی  (American Accent Training 2 (PDF & Audio', 'این کتاب یکی از بهترین منابع آموزش تلفظ کلمات، عبارت ها، و در نهایت جمله ها است. مطالعه کل کتاب عالی است، اما اگر محدودیت زمانی دارید، بخش  Reduced Sounds صفحه 57 کتاب را حتما گوش کنید و تکرار کنید که هم برای لیسنینگ و هم برای اسپیکینگ فوق العاده است. ', 'https://drive.google.com/open?id=0B8V9PkAm4QfTWXd3WGxWelRjS0E', 'rar', 25, 110, '321 MB', 'clbR21483305428.jpg'),
(437, 'نرم افزار یادگیری لغت jMemorize  برای ویندوز ', '', 'https://drive.google.com/open?id=0B8V9PkAm4QfTNDZISmhvVmVET1U', 'apk', 15, 5, '4 MB', NULL);

-- --------------------------------------------------------

--
-- Table structure for table `ym_article_links`
--

CREATE TABLE IF NOT EXISTS `ym_article_links` (
  `id` int(10) unsigned NOT NULL AUTO_INCREMENT,
  `article_id` int(10) unsigned NOT NULL,
  `title` varchar(100) COLLATE utf8_persian_ci NOT NULL COMMENT 'عنوان',
  `summary` varchar(500) COLLATE utf8_persian_ci DEFAULT NULL COMMENT 'توضیح',
  `link` varchar(255) CHARACTER SET latin1 NOT NULL COMMENT 'لینک',
  `order` int(10) unsigned DEFAULT NULL,
  PRIMARY KEY (`id`),
  KEY `article_id` (`article_id`)
) ENGINE=InnoDB  DEFAULT CHARSET=utf8 COLLATE=utf8_persian_ci AUTO_INCREMENT=12 ;

--
-- Dumping data for table `ym_article_links`
--

INSERT INTO `ym_article_links` (`id`, `article_id`, `title`, `summary`, `link`, `order`) VALUES
(5, 17, 'فلش کارت های صوتی تصویری هیولای لغت', 'فلش کارت های صوتی - تصویری هیولای لغت به همراه دیکشنری صوتی تصویری برای سیستم عامل اندروید به سه زبان انگلیسی، آلمانی، و فرانسوی یکی از بهترین منابع لغت برای کسانی است که قصد شرکت در آزمون های تافل، آیلتس، جی آر ای، جی مت، و غیره را دارند. ', 'http://vocabmonster.ir/', 4),
(6, 17, 'وب سایت رسمی مهرداد نادری ', 'استاد مهرداد نادری دارای بیش از شصت مدرک بین المللی در زمینه های مهندسی فناوری اطلاعات، مهندسی رباتیک، مدیریت و زبان انگلیسی از معتبرترین موسسات جهان است. کارشناس ارشد مهندسی فناوری اطلاعات و مدرس بین المللی مایکروسافت در سال 2012 در 106 دوره و مدرس بین المللی اندروید و دو بار عضویت ویژه در مایکروسافت آمریکا از مهمترین بخش های رزومه ی پربار ایشان می باشد. ایشان مدیر موسسه فرهنگی سوپکس ، استاد دانشگاه، و مدرس موسسات علمی فناوری برتر کشور هستند.  ', 'http://www.mehrdadnaderi.com/', 1),
(7, 17, 'نرم افزار 4000  واژه ضروری انگلیسی ', 'این کتاب که اولین کتاب از یک مجموعه شش جلدی است منبع فوق العاده ای برای یادگیری واژگان انگلیسی است. همه واژه ها، معانی، و مثالها با لهجه آمریکایی خوانده میشوند و داستانی در انتهای هر درس دارد که این واژگان در آن بکار رفته که فرصت یادگیری لغات به صورت صحیح را به شما می دهد.', 'http://ariyamas.ir/', 5),
(8, 15, 'فلش کارت های انکی (موبایل) ', 'واژه نامه های نرو افزار انکی در گوگل پلی', 'https://play.google.com/store/apps/details?id=com.ichi2.anki', 6),
(9, 17, 'تخفیف سایت پرشین دانشجو جهت امور مربوط به اپلای (کد تخفیف PD_KHADEM_2017)', 'سایت پرشین دانشجو به گروه زبان آقای خادم (ٱوای شهیر)  لطف داشته و کد تخفیفی برای صدور مستر کارت مجازی ویژه  Apply (ثبت نام آزمون تافل، GRE، اپلیکیشن فی، وقت سفارت و غیره) اختصاص داده اند. این کارت دو ساعته صادر میشود و پنل آنلاین بانکی هم دارد. هزینه صدور کارت 5 دلار بوده و با کد تخفیف PD_KHADEM_2017 کارمزد شما 4 درصد محسابه میشود.\r\n', 'http://persiandaneshjoo.ir/NEWWEBSITE/?m=order&u=1&o=12&t=%D9%85%D8%B3%D8%AA%D8%B1-%DA%A9%D8%A7%D8%B1%D8%AA-%D9%85%D8%AC%D8%A7%D8%B2%DB%8C-ezGyft-(%D8%BA%DB%8C%D8%B1%D9%82%D8%A7%D8%A8%D9%84-%D8%B4%D8%A7%D8%B1%DA%98)&id=24', 2),
(11, 17, 'گروه نرم افزاری رهبد', 'گروه نرم افزاری رهبد متشکل از اعضای جوان، خلاق و با انگیزه می باشد که تمام سعی و تلاش خود را به کار گرفته اند تا در عرصه برنامه نویسی و طراحی نرم افزار های کامپیوتری بهترین و با کیفیت ترین محصولات را به مشتریان خود ارائه دهند و رضایت کامل آنها را جلب کنند.', 'https://telegram.me/rahbod', 3);

-- --------------------------------------------------------

--
-- Table structure for table `ym_article_tag_rel`
--

CREATE TABLE IF NOT EXISTS `ym_article_tag_rel` (
  `tag_id` int(10) unsigned NOT NULL,
  `article_id` int(10) unsigned NOT NULL,
  PRIMARY KEY (`tag_id`,`article_id`),
  KEY `article_id` (`article_id`)
) ENGINE=InnoDB DEFAULT CHARSET=utf8 COLLATE=utf8_persian_ci;

--
-- Dumping data for table `ym_article_tag_rel`
--

INSERT INTO `ym_article_tag_rel` (`tag_id`, `article_id`) VALUES
(709, 15),
(710, 15),
(722, 15),
(723, 15),
(724, 15),
(246, 17),
(628, 18),
(712, 18),
(713, 18),
(714, 18),
(715, 18),
(716, 18),
(717, 18),
(725, 19),
(726, 19),
(246, 20),
(763, 21),
(764, 21),
(765, 21),
(766, 21),
(767, 21),
(768, 21),
(769, 21),
(770, 21),
(771, 21),
(785, 23),
(786, 23),
(787, 23),
(788, 23),
(789, 23),
(790, 23),
(768, 25),
(791, 25),
(792, 25),
(793, 26),
(794, 26),
(795, 26),
(770, 28),
(796, 28),
(797, 28),
(798, 28),
(799, 28),
(800, 28),
(801, 28),
(818, 29),
(819, 29),
(820, 29),
(825, 30),
(826, 30),
(827, 30);

-- --------------------------------------------------------

--
-- Table structure for table `ym_category_tag_rel`
--

CREATE TABLE IF NOT EXISTS `ym_category_tag_rel` (
  `tag_id` int(10) unsigned NOT NULL,
  `category_id` int(10) unsigned NOT NULL,
  PRIMARY KEY (`tag_id`,`category_id`)
) ENGINE=InnoDB DEFAULT CHARSET=utf8 COLLATE=utf8_persian_ci;

--
-- Dumping data for table `ym_category_tag_rel`
--

INSERT INTO `ym_category_tag_rel` (`tag_id`, `category_id`) VALUES
(1, 24),
(21, 24),
(24, 22),
(31, 30),
(38, 22),
(39, 31),
(78, 24),
(79, 24),
(80, 24),
(81, 24),
(82, 24),
(83, 24),
(88, 24),
(89, 24),
(90, 24),
(91, 24),
(96, 38),
(97, 38),
(98, 38),
(99, 38),
(100, 38),
(101, 38),
(102, 38),
(103, 38),
(104, 38),
(105, 38),
(106, 38),
(107, 38),
(108, 38),
(109, 38),
(110, 38),
(111, 38),
(112, 38),
(113, 38),
(114, 38),
(115, 38),
(115, 53),
(116, 38),
(117, 38),
(166, 21),
(167, 21),
(168, 21),
(169, 21),
(170, 21),
(171, 53),
(172, 53),
(176, 38),
(178, 38),
(179, 38),
(180, 38),
(181, 38),
(182, 38),
(183, 38),
(184, 38),
(185, 38),
(186, 38),
(187, 38),
(188, 38),
(224, 20),
(225, 20),
(246, 27),
(246, 35),
(246, 41),
(246, 55),
(246, 56),
(246, 57),
(246, 58),
(246, 60),
(246, 61),
(246, 62),
(246, 63),
(246, 65),
(251, 38),
(252, 38),
(253, 21),
(254, 53),
(258, 53),
(259, 53),
(260, 53),
(261, 53),
(262, 53),
(263, 53),
(264, 53),
(265, 53),
(266, 53),
(267, 53),
(268, 43),
(268, 53),
(269, 24),
(270, 24),
(271, 24),
(274, 24),
(275, 24),
(275, 26),
(276, 24),
(277, 26),
(278, 26),
(279, 26),
(280, 26),
(281, 26),
(282, 26),
(283, 26),
(284, 26),
(285, 44),
(286, 44),
(287, 21),
(288, 21),
(289, 21),
(290, 21),
(291, 21),
(292, 21),
(293, 21),
(294, 21),
(295, 21),
(296, 21),
(297, 21),
(298, 21),
(299, 21),
(300, 21),
(301, 21),
(302, 21),
(303, 21),
(304, 21),
(305, 21),
(306, 21),
(307, 21),
(308, 21),
(309, 21),
(310, 22),
(311, 22),
(312, 22),
(313, 22),
(314, 22),
(315, 22),
(316, 22),
(317, 22),
(318, 22),
(319, 22),
(320, 22),
(321, 22),
(322, 22),
(323, 22),
(324, 22),
(325, 22),
(326, 22),
(327, 22),
(328, 22),
(329, 30),
(330, 30),
(331, 30),
(332, 30),
(333, 30),
(334, 30),
(336, 30),
(337, 30),
(338, 30),
(339, 30),
(340, 30),
(341, 30),
(344, 30),
(345, 30),
(346, 30),
(347, 30),
(348, 22),
(348, 30),
(349, 22),
(349, 30),
(350, 30),
(351, 30),
(352, 30),
(353, 31),
(354, 31),
(355, 31),
(356, 31),
(357, 31),
(358, 31),
(359, 31),
(360, 31),
(361, 31),
(362, 53),
(363, 53),
(364, 53),
(365, 53),
(366, 53),
(367, 53),
(368, 53),
(369, 53),
(370, 43),
(371, 22),
(372, 22),
(373, 22),
(374, 22),
(375, 20),
(376, 20),
(378, 20),
(379, 20),
(380, 20),
(381, 38),
(382, 32),
(383, 32),
(384, 32),
(385, 32),
(386, 32),
(387, 32),
(388, 32),
(389, 32),
(390, 32),
(392, 32),
(393, 32),
(394, 32),
(395, 32),
(398, 32),
(399, 32),
(402, 32),
(403, 32),
(404, 32),
(405, 32),
(406, 32),
(407, 32),
(408, 32),
(409, 32),
(410, 32),
(411, 32),
(412, 32),
(413, 32),
(414, 32),
(415, 32),
(416, 32),
(417, 32),
(418, 32),
(419, 32),
(420, 32),
(421, 30),
(421, 32),
(422, 30),
(422, 32),
(423, 30),
(424, 32),
(425, 30),
(425, 32),
(426, 30),
(427, 32),
(428, 32),
(429, 54),
(430, 42),
(431, 42),
(432, 42),
(433, 42),
(434, 42),
(435, 42),
(436, 39),
(437, 39),
(438, 39),
(438, 54),
(439, 39),
(440, 40),
(441, 38),
(441, 40),
(442, 30),
(443, 30),
(444, 30),
(445, 30),
(446, 34),
(447, 34),
(448, 34),
(451, 22),
(452, 22),
(453, 22),
(454, 22),
(455, 22),
(456, 22),
(457, 22),
(458, 22),
(459, 22),
(460, 23),
(461, 23),
(462, 23),
(463, 23),
(464, 23),
(465, 23),
(466, 23),
(467, 23),
(468, 23),
(469, 23),
(470, 23),
(471, 21),
(472, 22),
(473, 22),
(474, 22),
(475, 22),
(476, 31),
(477, 31),
(478, 20),
(479, 20),
(480, 20),
(481, 20),
(482, 23),
(483, 31),
(484, 31),
(485, 38),
(486, 38),
(487, 43),
(488, 43),
(489, 43),
(490, 43),
(491, 43),
(492, 38),
(493, 38),
(494, 38),
(495, 38),
(496, 38),
(497, 38),
(498, 38),
(499, 38),
(500, 40),
(501, 42),
(502, 32),
(502, 39),
(503, 32),
(505, 32),
(506, 39),
(507, 29),
(508, 29),
(509, 29),
(510, 29),
(623, 59),
(624, 59),
(625, 24),
(626, 24),
(650, 64),
(651, 64),
(693, 29),
(694, 28),
(695, 28),
(698, 31),
(699, 32),
(700, 54);

-- --------------------------------------------------------

--
-- Table structure for table `ym_classes`
--

CREATE TABLE IF NOT EXISTS `ym_classes` (
  `id` int(10) unsigned NOT NULL AUTO_INCREMENT,
  `title` varchar(50) COLLATE utf8_persian_ci NOT NULL COMMENT 'عنوان',
  `summary` text COLLATE utf8_persian_ci COMMENT 'توضیحات',
  `capacity` int(5) NOT NULL,
  `price` int(11) NOT NULL COMMENT 'شهریه',
  `startSignupDate` varchar(20) COLLATE utf8_persian_ci DEFAULT NULL COMMENT 'تاریخ شروع ثبت نام',
  `endSignupDate` varchar(20) COLLATE utf8_persian_ci DEFAULT NULL COMMENT 'تاریخ پایان ثبت نام',
  `startClassDate` varchar(20) COLLATE utf8_persian_ci DEFAULT NULL COMMENT 'تاریخ شروع کلاس',
  `endClassDate` varchar(20) COLLATE utf8_persian_ci DEFAULT NULL COMMENT 'تاریخ پایان کلاس',
  `category_id` int(10) unsigned NOT NULL COMMENT 'گروه',
  `course_id` int(10) unsigned NOT NULL COMMENT 'دوره',
  `teacher_id` int(10) unsigned NOT NULL COMMENT 'استاد',
  `order` int(10) unsigned NOT NULL,
  `sessions` varchar(3) COLLATE utf8_persian_ci DEFAULT NULL,
  `startClassTime` varchar(15) COLLATE utf8_persian_ci DEFAULT NULL,
  `endClassTime` varchar(15) COLLATE utf8_persian_ci DEFAULT NULL,
  `classDays` varchar(50) COLLATE utf8_persian_ci DEFAULT NULL,
  `status` tinyint(1) unsigned NOT NULL DEFAULT '1',
  PRIMARY KEY (`id`),
  KEY `category_id` (`category_id`),
  KEY `course_id` (`course_id`)
) ENGINE=InnoDB  DEFAULT CHARSET=utf8 COLLATE=utf8_persian_ci AUTO_INCREMENT=21 ;

--
-- Dumping data for table `ym_classes`
--

INSERT INTO `ym_classes` (`id`, `title`, `summary`, `capacity`, `price`, `startSignupDate`, `endSignupDate`, `startClassDate`, `endClassDate`, `category_id`, `course_id`, `teacher_id`, `order`, `sessions`, `startClassTime`, `endClassTime`, `classDays`, `status`) VALUES
(1, 'اسپیکینگ تافل آی بی تی گروه 1', '<p dir="rtl">دردوره اسپیکینگ تافل آی بی تی، علاوه بر معرفی هر 6 صورت سوال این بخش و تکنیک های مورد نیاز، تلاش خواهد شد که دانش زبانی داوطلبین هم بهتر شود. در ضمن <u><strong>مهارت نت برداری</strong></u> که یکی از اصلی ترین مهارت های تافل آی بی تی است نیز با دقت و ظرافت تدریس خواهد شد. با برگزاری این دوره ها، امیدواریم که بتوانیم سهم کوچکی در بالا بردن سطح علمی دانشجویان عزیزمان داشته باشیم و راه را برای پیشرفت های آتی آنها هموار سازیم.</p>\n\n<p dir="rtl">با آرزوی بهروزی همه عزیزان</p>\n\n<p dir="rtl">مدرس تافل موسسه پردیس آوای شهیر</p>\n\n<p><span dir="rtl">امیر خادم المله</span></p>\n', 20, 250000, '1479155400', '1484685000', '1484685000', '1487709000', 21, 13, 33, 1, '6', '5', '8', 'چهارشنبه', 1),
(2, 'رایتینگ تافل آی بی تی گروه 1', '<p dir="rtl" style="text-align:justify;">دوره های آموزش تافل که قرار است در موسسه پردیس آوای شهیر برگزار شود با دوره هایی که در دانشگاه شریف برگزار میکنم تفاوت دارد. در این دوره ها، علاوه بر نمونه هایی که در طول دوره تصحیح میگردند، یک نمونه از رایتینگ های هر داوطلب به طور رایگان در طول ترم تصحیح میگردد که تاثیر به سزایی در نمره تافل آنها خواهد داشت. در انتهای هر دوره نیز، بنا به نیاز و درخواست زبان آموزان، یک گارکاه چند ساعته برگزار خواهد شد که در آن صرفا نمونه رایتینگ هر یک از داوطلبین برسی شده ونکات کلیدی و نهایی به آنها آموخته میشود. با برگزاری این دوره ها، امیدواریم که بتوانیم سهم کوچکی در بالا بردن سطح علمی دانشجویان عزیزمان داشته باشیم و راه را برای پیشرفت های آتی آنها هموار سازیم.</p>\n\n<p dir="rtl">با آرزوی بهروزی همه عزیزان</p>\n\n<p dir="rtl">مدرس تافل موسسه پردیس آوای شهیر </p>\n\n<p><span dir="rtl">امیر خادم المله</span></p>\n', 25, 400000, '1479155400', '1484166600', '1484166600', '1489609800', 22, 13, 33, 3, '10', '1.30', '4.30', 'پنجشنبه', 1),
(3, 'رایتینگ تافل آی بی تی گروه 2', '<p dir="rtl" style="text-align:justify;">دوره های آموزش تافل که قرار است در موسسه  پردیس آوای شهیر برگزار شود با دوره هایی که در دانشگاه شریف برگزار میکنم تفاوت دارد. در این دوره ها، علاوه بر نمونه هایی که در طول دوره تصحیح میگردند، یک نمونه از رایتینگ های هر داوطلب به طور رایگان در طول ترم تصحیح میگردد که تاثیر به سزایی در نمره تافل آنها خواهد داشت. در انتهای هر دوره نیز، بنا به نیاز و درخواست زبان آموزان، یک گارکاه چند ساعته برگزار خواهد شد که در آن صرفا نمونه رایتینگ هر یک از داوطلبین برسی شده ونکات کلیدی و نهایی به آنها آموخته میشود. با برگزاری این دوره ها، امیدواریم که بتوانیم سهم کوچکی در بالا بردن سطح علمی دانشجویان عزیزمان داشته باشیم و راه را برای پیشرفت های آتی آنها هموار سازیم.</p>\n\n<p dir="rtl">با آرزوی بهروزی همه عزیزان</p>\n\n<p dir="rtl">مدرس تافل موسسه پردیس آوای شهیر</p>\n\n<p><span dir="rtl">امیر خادم المله</span></p>\n', 25, 400000, '1471980600', '1476909000', '1476909000', '1481747400', 22, 13, 33, 4, '10', '5', '8', 'پنجشنبه', 1),
(4, 'اسپیکینگ تافل آی بی تی گروه 2', '<p dir="rtl">دردوره اسپیکینگ تافل آی بی تی، علاوه بر معرفی هر 6 صورت سوال این بخش و تکنیک های مورد نیاز، تلاش خواهد شد که دانش زبانی داوطلبین هم بهتر شود. در ضمن <u><strong>مهارت نت برداری</strong></u> که یکی از اصلی ترین مهارت های تافل آی بی تی است نیز با دقت و ظرافت تدریس خواهد شد. با برگزاری این دوره ها، امیدواریم که بتوانیم سهم کوچکی در بالا بردن سطح علمی دانشجویان عزیزمان داشته باشیم و راه را برای پیشرفت های آتی آنها هموار سازیم.</p>\n\n<p dir="rtl">با آرزوی بهروزی همه عزیزان</p>\n\n<p dir="rtl">مدرس تافل موسسه پردیس آوای شهیر</p>\n\n<p>امیر خادم المله</p>\n', 20, 250000, '1476304200', '1477513800', '1477513800', '1480537800', 21, 13, 33, 2, '6', '9', '12', 'پنجشنبه', 1),
(7, 'ریدینگ آیلتس آکادمیک: گروه 1', '<p>دوره آماده سازی ریدینگ آزمون آیلتس آوای شهیر، همچون دیگر دوره های این مرکز، از ویژگی های خاصی برخوردار است. این مرکز در تلاش است تا با بکارگیری تکنیک های موثر و برنامه ریزی فشرده، زبان پژوهان را در کوتاه ترین زمان ممکن به نتیجه دلخواه برساند. ویژگی بارز این دوره آموزش تکنیک ها به روش عملی و گام به گام می باشد. شرکت در دو آزمون ریدینگ شبیه سازی شده در آغاز و پایان دوره، هدیه ویژه آوای شهیر به زبان پژوهان خود می باشد.<br />\r\nاهداف دوره:&nbsp;<br />\r\n۱. آشنایی با انواع متون آزمون آیلتس<br />\r\n۲. آشنایی کامل با انواع سوالات آزمون ریدینگ<br />\r\n۳. تسلط بر تکنیک های مناسب برای پاسخ گویی به انواع سوالات<br />\r\n۴. آشنایی با روش های تند خوانی و نحوه بررسی متون<br />\r\n۵. افزایش سرعت پاسخ گویی به سوالات<br />\r\n۶. بهبود عملکرد داوطلبان، به میزان ۱ تا ۲.۵ نمره<br />\r\nپردیس آوای شهیر امیدوار است تا با ارائه دوره های موثر و کوتاه مدت، سریع ترین و نتیجه بخش ترین مسیر ممکن را در اختیار همراهان خود قرار دهد.<br />\r\nوحید ایزدی فر<br />\r\nمدرس آیلتس آموزشگاه پردیس آوای شهیر</p>\r\n', 10, 250000, '1475094600', '1475699400', '1475699400', '1478723400', 29, 15, 73, 6, '6', '5', '8', 'پنجشنبه', 1),
(8, 'رایتینگ آیلتس آکادمیک: گروه 1', '<p>موسسه پردیس آوای شهیر در تلاش است تا با برنامه ریزی دوره های فشرده و کوتاه مدت، میانبرهایی کار آمد و ثمر بخش را در اختیار داوطلبان عزیز قرار دهد. از ویژگی های بارز این دوره ،آشنایی بخش به بخش با تمام فرمت های رایتینگ و آموختن تمام نکات نمره آور و مهم آزمون آیلتس می باشد. از دیگر ویژگی های مهم این دوره، بررسی تعداد زیادی از رایتینگ های موفق داوطلبان پیشین و همچنین تصحیح رایتینگ داوطلبان در طول دوره می باشد. لازم به ذکر است که تصحیح دو نمونه رایتینگ هر&nbsp;داوطلب هدیه ویژه آوای شهیر به دانش آموزان خود می باشد.<br />\r\nپردیس آوای شهیر امیدوار است با ارائه دوره های متنوع و موثر، زبان پژوهان خود را در رسیدن به اهدافشان یاری کند.<br />\r\nوحید ایزدی فر<br />\r\nمدرس آیلتس آموزشگاه پردیس آوای شهیر</p>\r\n', 25, 400000, '1472499000', '1474662600', '1474662600', '1480105800', 29, 15, 73, 7, '10', '5', '8', 'شنبه', 1),
(9, 'اسپیکینگ آیلتس (جنرال و آکادمیک): گروه 1', '', 10, 250000, '1472499000', '1475008200', '1475008200', '1478637000', 52, 15, 73, 8, '6', '5', '8', 'چهارشنبه', 1),
(10, 'لیسنینگ آیلتس (جنرال و آکادمیک): گروه 1', '', 10, 250000, '1475094600', '1475699400', '1475699400', '1478723400', 45, 15, 73, 9, '6', '1', '4', 'پنجشنبه', 1),
(11, 'ریدینگ آیلتس جنرال: گروه 1', '', 20, 250000, '1465500600', '1468179000', '1468265400', '1471289400', 46, 15, 41, 10, '6', '2', '5', 'سه شنبه', 0),
(12, 'رایتینگ آیلتس جنرال: گروه 1', '', 25, 250000, '1465500600', '1467919800', '1468006200', '1471635000', 43, 15, 41, 11, '6', '2', '5', 'شنبه', 0),
(13, 'رایتینگ تافل آی بی تی گروه 3', '', 25, 400000, '1476649800', '1478291400', '1478291400', '1484339400', 22, 13, 33, 5, '10', '5', '8', 'شنبه', 1),
(14, 'جی آر ای (رایتنگ)', '', 25, 400000, '1474835400', '1475958600', '1475958600', '1478982600', 32, 16, 41, 12, '6', '5', '8', 'یکشنبه', 1),
(15, 'جی آر ای پریمیوم (وربال و رایتینگ)', '', 25, 400000, '1470079800', '1474835400', '1474835400', '1477859400', 32, 16, 212, 13, '6', '5', '8', 'دوشنبه', 0),
(16, 'ریدینگ تافل آی بی تی گروه 1', '', 10, 200000, '1472412600', '1475353800', '1475353800', '1477168200', 20, 13, 212, 14, '4', '5', '8', 'یکشنبه', 0),
(17, 'لیسنینگ تافل آی بی تی گروه 1', '', 10, 200000, '1472412600', '1475440200', '1475440200', '1477254600', 23, 13, 212, 15, '4', '1', '4', 'دوشنبه', 0),
(18, ' گرامر مقدماتی برای تافل، آیلتس، جی آر ای، و جی مت', '<p>دوره گرامر مقدماتی برای آزمون های تافل، آیلتس، جی آر ای، جی مت، و تافل دکتری<br />\nدر کلاس های گرامر مقدماتی برگزار انواع جملات، زمانها، جملات معلوم و مجهول، صفت، قید، اسم، فعل، ضمایر، و افعال کمکی تدریس خواهد شد. لازم به ذکر است که بخشی از این مطالب از "جزوه گرامر مقدماتیِ" اینجانب، امیر خادم، و بخش هایی هم از جزوه استاد ایزدیفر تدریس می گردد.</p>\n', 25, 400000, '1480192200', '1483993800', '1483389000', '1488832200', 35, 20, 73, 16, '10', '5', '8', 'سه شنبه', 1),
(19, 'کارگاه رایگان آیلتس آکادمیک و جنرال', '', 25, 0, '1473190200', '1473967800', '1473967800', '1474054200', 56, 15, 73, 17, '1', '3', '6', 'جمعه', 1),
(20, 'جی آر ای پریمیوم (کوانت)', '', 10, 250000, '1473276600', '1475526600', '1475526600', '1477945800', 57, 16, 212, 18, '4', '5', '8', 'سه شنبه', 0);

-- --------------------------------------------------------

--
-- Table structure for table `ym_class_categories`
--

CREATE TABLE IF NOT EXISTS `ym_class_categories` (
  `id` int(10) unsigned NOT NULL AUTO_INCREMENT,
  `title` varchar(255) CHARACTER SET utf8 COLLATE utf8_persian_ci DEFAULT NULL COMMENT 'عنوان',
  `course_id` int(11) unsigned DEFAULT NULL,
  `summary` text,
  `order` int(10) unsigned NOT NULL,
  PRIMARY KEY (`id`),
  KEY `course_id` (`course_id`)
) ENGINE=InnoDB  DEFAULT CHARSET=utf8 AUTO_INCREMENT=66 ;

--
-- Dumping data for table `ym_class_categories`
--

INSERT INTO `ym_class_categories` (`id`, `title`, `course_id`, `summary`, `order`) VALUES
(20, 'خواندن', 13, '', 4),
(21, 'اسپیکینگ', 13, '', 7),
(22, 'رایتینگ', 13, '', 5),
(23, 'لیسنینگ ', 13, '', 6),
(24, 'در مورد دوره تافل موسسه آوای شهیر ', 13, '<p dir="rtl" style="text-align:justify;">دوره های آموزش تافل که قرار است در موسسه پردیس آوای شهیر برگزار شود با دوره هایی که در دانشگاه شریف برگزار میکنم تفاوت هایی دارد که قابل تامل اند. اول اینکه، در این دوره ها، تخفیف های ویژه ای برای دانشجویان عزیز در نظر گرفته شده – که بخشی از آن در سایت نت برگ ارائه خواهد شد – که  شرایط ثبت نام را برای آنها ایده آل میکند. دوم اینکه، برعکس اکثر موسسات، یک نمونه از رایتینگ های هر داوطلب به طور رایگان در طول ترم تصحیح میگردد که تاثیر به سزایی در نمره تافل آنها خواهد داشت. سوم اینکه در انتهای هر دوره، بنا به نیاز زبان آموزان، یک گارکاه چند ساعته برگزار خواهد شد که در آن صرفا نمونه رایتینگ هر یک از داوطلبین بررسی شده ونکات کلیدی و نهایی به آنها آموخته میشود. با برگزاری این دوره ها، امیدواریم که بتوانیم سهم کوچکی در بالا بردن سطح علمی دانشجویان عزیزمان داشته باشیم و راه را برای پیشرفت های آتی آنها هموار سازیم.</p>\n\n<p dir="rtl" style="text-align:justify;">با آرزوی بهروزی همه عزیزان</p>\n\n<p dir="rtl" style="text-align:justify;">مدیریت موسسه پردیس آوای شهیر</p>\n\n<p style="text-align:justify;"><span dir="rtl">امیر خادم المله</span></p>\n', 1),
(26, 'مطالبی در مورد امتحان تافل آی بی تی', 13, '<p>دانستن این مطالب برای هر داوطلب امتحان تافل ضروری است.</p>\r\n', 2),
(27, 'رئوس‌ مطالب و برنامه مطالعه همه مهارت های تافل', 13, '<p>لطفا این برنامه رو نسبت به سطحی که دارید دنبال کنید. قرار نیست همه موارد را مطالعه کنید.</p>\n', 3),
(28, 'جنرال آیلتس', 15, '', 21),
(29, 'آیلتس آکادمیک', 15, '', 12),
(30, 'منابع لغت برای امتحان تافل آی بی تی', 13, '<p dir="ltr">In order for you to study the vocabulary sources in order, please refer to &quot;TOEFL iBT Syllabus for All Skills&quot;.</p>\r\n', 8),
(31, 'منابع گرامری امتحان تافل دکتری', 18, '<p style="text-align:justify;">با خواندن و انجام دادن تمرینات داده شده در هر جزوه و انجام دادن تست های مکمل، در امتحان تافل دکتری که در ایران برگزار میگردد، میتوانید نمره بسیار خوبی بگیرید.</p>\n', 25),
(32, 'وربال + رایتینگ', 16, '<p>منابع زیادی برای امتحان جی آر ای موجود است. اما منابع معرفی شده در این سایت برای یک نمره خوب کافی اند. </p>\n\n<p>موفق باشید.</p>\n\n<p>امیر خادم: مدیر موسسه آوای شهیر</p>\n', 29),
(33, 'منابع لغت برای امتحان تافل دکتری', 18, '', 26),
(34, 'منابع لغت برای آیلتس آکادمیک', 15, '<p>برای ترتیب خواندن واژگان لطفا به توضیحات آنها توجه&nbsp;کنید<span dir="LTR">.</span></p>\r\n', 18),
(35, 'گرامر مقدماتی', 20, '', 24),
(36, 'منابع مهارت ریدینگ تافل دکتری', 18, '', 27),
(38, 'منابع ریدینگ و لیسنینگ آیلتس آکادمیک', 15, '<p>این منابع جزو بهترین منابع ریدینگ و لیسنینگ آیلتس آکادمیک میباشند که به ترتیب سختی در لیست قرار گرفته اند<span dir="LTR">.</span></p>\r\n', 16),
(39, 'رایتینگ جی ام ای تی (جی مت)', 17, '', 36),
(40, 'بخش کلمات و درک مطلب جی ام ای تی (جی مت)', 17, '', 35),
(41, 'بخش ریاضی جی ام ای تی (جی مت)', 17, '', 34),
(42, 'تصحیح جمله جی ام ای تی (جی مت)', 17, '', 33),
(43, 'رایتینگ آیلتس جنرال', 15, '', 23),
(44, 'منابع گرامری آیلتس آکادمیک', 15, '', 17),
(45, ' لیسنینگ آیلتس (جنرال و آکادمیک) ', 15, '<p>تمامی منابع لیسنینگ و اسپیکینگ هر دو امتحان آیلتس آکادمیک و آیلتس جنرال یکی هستند.</p>\r\n', 19),
(46, ' ریدینگ آیلتس جنرال ', 15, '', 22),
(47, 'کارگاه رایگان آشنايي و آمادگی برای آزمون آيلتس', 21, '<p dir="RTL" style="text-align: center;"><strong>به نام خدا</strong></p>\r\n\r\n<p dir="RTL" style="margin-right: -0.25in; text-align: center;">&nbsp;&nbsp;&nbsp; <strong>آموزشگاه آواي شهير افتخار دارد که کارگاهی</strong> <strong>رایگان برای آشنايي و آمادگی آزمون آيلتس برگزار نمايد.</strong></p>\r\n\r\n<p dir="RTL"><strong>ارائه دهنده: استاد حسين خضرلو، مدرس دانشگاه شریف</strong></p>\r\n\r\n<p dir="RTL">اين کارگاه از دو قسمت تشکيل شده است.</p>\r\n\r\n<p dir="RTL">قسمت اول آشنايي کامل شرکت کنندگان عزيز را با چارچوب و محتواي آزمون آيلتس در بر دارد. اين قسمت داراي 5 بخش است که بخش اول شامل توضيحات کلي در مورد آزمون است و 4 بخش بعدي به مرور بخش هاي اصلي آزمون (<span dir="LTR">Writing, Reading, Listening, Speaking</span>) بصورت تخصصي مي پردازد.</p>\r\n\r\n<p dir="RTL">قسمت دوم کارگاه يک کلاس آمادگي براي بخش <span dir="LTR">Writing (Task 2)</span> آزمون آيلتس است که شرکت کنندگان عزيز را براي پاسخ دادن به اين بخش آماده مي نمايد. دليل انتخاب اين بخش از آزمون وجود مشکلات زياد دوستان آزمون دهنده در اين بخش است. همچنين انتخاب قسمت دوم بدين جهت است که هر دو گروه از دوستاني که قصد شرکت در آزمون <span dir="LTR">General</span> و <span dir="LTR">Academic</span> را دارند مي توانند از آن بهره ببرند.</p>\r\n\r\n<p dir="RTL">بدليل محدوديت مکاني، دوستاني که زودتر رزرو نمايند در اولويت هستند.</p>\r\n\r\n<p dir="RTL"><strong>زمان و تاريخ:</strong> جمعه بیست و یکم خرداد، ساعت 10 تا 12:15</p>\r\n\r\n<p dir="RTL"><strong>برنامه زمان بندي:</strong></p>\r\n\r\n<ul>\r\n	<li dir="RTL"><strong>قسمت اول کارگاه: 1 ساعت</strong></li>\r\n	<li dir="RTL"><strong>استراحت: 15 دقيقه</strong></li>\r\n	<li dir="RTL"><strong>قسمت دوم کارگاه: 1 ساعت</strong></li>\r\n</ul>\r\n\r\n<p dir="RTL"><strong>آدرس موسسه</strong><strong><span dir="LTR">:</span></strong></p>\r\n\r\n<p dir="RTL">خیابان شهید بهشتی، خیابان قائم مقام فراهانی (سرافراز)، کوچه دهم، پلاک 9، واحد 1</p>\r\n\r\n<p dir="RTL">تلفن: 88736668، 88730902، 88730902<span dir="LTR">.</span></p>\r\n\r\n<p style="margin-right: -0.25in; text-align: left;">Site Address: <a href="http://www.avayeshahir.com">www.avayeshahir.com</a></p>\r\n\r\n<p dir="RTL">پاینده باشید</p>\r\n\r\n<p dir="RTL"><strong>امیر خادم: مدیر موسسه آوای شهیر</strong></p>\r\n', 10),
(48, 'کارگاه رایگان آمادگی برای آزمون تافل آی بی تی', 21, '<p dir="RTL" style="text-align:center"><strong>به نام خدا</strong></p>\r\n\r\n<p dir="RTL" style="text-align:center"><strong>کارگاه</strong> <strong>رایگان آمادگی برای آزمون تافل آی بی تی</strong></p>\r\n\r\n<p dir="RTL"><strong>برگزار کننده: آموزشگاه آواي شهير</strong></p>\r\n\r\n<p dir="RTL"><strong>ارائه دهنده: امیر خادم، مدرس دانشگاه شریف</strong></p>\r\n\r\n<p dir="RTL">اين کارگاه، در ابتدا، به معرفی چارچوب کلي و محتواي آزمون تافل می پردازد و سپس مروری خواهد داشت بر بخش هاي اصلي آزمون (<span dir="LTR">Writing, Reading, Listening, Speaking</span>).</p>\r\n\r\n<p dir="RTL">در ادامه، بخش <span dir="LTR">Independent Writing</span> و <span dir="LTR">Integrated Task</span> آزمون تافل و <strong>تکنیک</strong> هایی در خصوص <strong>نُت برداری</strong>، <strong>خلاصه نویسی</strong>، و <strong>طریقه تبدیل یک ساختار به ساختاری</strong> دیگر مورد بحث قرار خواهند گرفت.</p>\r\n\r\n<p dir="RTL">بدليل محدوديت مکاني، دوستاني که زودتر رزرو نمايند در اولويت هستند.</p>\r\n\r\n<p dir="RTL"><strong>زمان و تاريخ:</strong> <strong>جمعه بیست و هشتم خرداد</strong>، ساعت 10 تا 12.15</p>\r\n\r\n<p dir="RTL">&nbsp;</p>\r\n\r\n<p dir="RTL"><strong>برنامه زمان بندي:</strong></p>\r\n\r\n<ul>\r\n	<li dir="RTL"><strong>قسمت اول کارگاه: 1 ساعت</strong></li>\r\n	<li dir="RTL"><strong>استراحت: 15 دقيقه</strong></li>\r\n	<li dir="RTL"><strong>قسمت دوم کارگاه: 1 ساعت</strong></li>\r\n</ul>\r\n\r\n<p dir="RTL">&nbsp;</p>\r\n\r\n<p dir="RTL"><strong>آدرس موسسه</strong><strong><span dir="LTR">:</span></strong></p>\r\n\r\n<p dir="RTL">خیابان شهید بهشتی، خیابان قائم مقام فراهانی (سرافراز)، کوچه دهم، پلاک 9، واحد 1</p>\r\n\r\n<p dir="RTL">تلفن: 88736668، 88730902، 88730902<span dir="LTR">.</span></p>\r\n\r\n<p dir="ltr">Site Address: <a href="http://www.avayeshahir.com">www.avayeshahir.com</a></p>\r\n\r\n<p>پاینده باشید</p>\r\n\r\n<p dir="RTL"><strong>امیر خادم: مدیر موسسه آوای شهیر</strong></p>\r\n\r\n<p>&nbsp;</p>\r\n', 9),
(52, 'اسپیکینگ آیلتس (جنرال و آکادمیک)', 15, '<p>تمامی منابع لیسنینگ و اسپیکینگ هر دو امتحان آیلتس آکادمیک و آیلتس جنرال یکی هستند.</p>\r\n', 20),
(53, 'رایتینگ آیلتس آکادمیک', 15, '', 14),
(54, 'درباره امتحان جی ام ای تی (جی مت)', 17, '', 32),
(55, 'واژگان', 16, '', 30),
(56, 'آیلتس آکادمیک و آیلتس جنرال', 15, '', 11),
(57, 'کوانت', 16, '', 31),
(58, 'مجموعه تست های آیلتس', 15, '', 15),
(59, ';کتا ب های مفید آیلتس', 15, '<p>در این بخش می توانید دیگر کتاب های مفید آیلتس را دانلود کنید.</p>\n', 13),
(65, 'منابع جامع (شامل همه مهارت ها)', 16, '<p>این منابع تمامی مهارت های آزمون جی آر ای را شامل می شود.</p>\n', 28);

-- --------------------------------------------------------

--
-- Table structure for table `ym_class_category_files`
--

CREATE TABLE IF NOT EXISTS `ym_class_category_files` (
  `id` int(10) unsigned NOT NULL AUTO_INCREMENT,
  `title` varchar(255) COLLATE utf8_persian_ci NOT NULL COMMENT 'عنوان',
  `path` varchar(500) COLLATE utf8_persian_ci NOT NULL COMMENT 'فایل',
  `summary` text COLLATE utf8_persian_ci,
  `file_type` varchar(50) COLLATE utf8_persian_ci NOT NULL COMMENT 'نوع فایل',
  `category_id` int(10) unsigned NOT NULL COMMENT 'گروه',
  `order` int(10) unsigned NOT NULL,
  `image` varchar(255) CHARACTER SET latin1 DEFAULT NULL,
  PRIMARY KEY (`id`),
  KEY `category_id` (`category_id`)
) ENGINE=InnoDB  DEFAULT CHARSET=utf8 COLLATE=utf8_persian_ci AUTO_INCREMENT=63 ;

--
-- Dumping data for table `ym_class_category_files`
--

INSERT INTO `ym_class_category_files` (`id`, `title`, `path`, `summary`, `file_type`, `category_id`, `order`, `image`) VALUES
(55, 'جزوه گرامر Pre-TOEFL (امیر خادم) ', 'Pre-TOEFL  Pamphlet Compiled by Amir Khadem PDF.pdf', 'این جزوه و جزوه گرامر تافل دکتری حدود 15 سال است که توسط اینجانب، امیر خادم، در موسسات و دانشگاه های زیادی مثل دانشگاه صنعتی شریف تدریس شده و افراد بسیاری تا کنون توانسته اند با کمک آنها سربلند از امتحان تافل دکتری که در ایران برگزار میشود بیرون بیایند. امیدواریم نفرات بعدی شما باشید.', 'pdf', 31, 1, NULL),
(56, 'جزوه گرامر PhD TOEFL (امیر خادم)  ', 'PhD TOEFL Grammar Pamphlet.pdf', 'این جزوه و جزوه گرامر مقدماتی تافل حدود 15 سال است که توسط اینجانب، امیر خادم، در موسسات و دانشگاه های زیادی مثل دانشگاه صنعتی شریف تدریس شده و افراد بسیاری تا کنون توانسته اند با کمک آنها سربلند از امتحان تافل دکتری که در ایران برگزار میشود بیرون بیایند. امیدواریم نفرات بعدی شما باشید.', 'pdf', 31, 2, NULL),
(61, '', 'IELTS Workshop.pdf', '', 'pdf', 47, 3, NULL),
(62, 'A Free TOEFL iBT Workshop', 'Free TOEFL Workshop.pdf', '', 'pdf', 48, 4, NULL);

-- --------------------------------------------------------

--
-- Table structure for table `ym_class_category_file_links`
--

CREATE TABLE IF NOT EXISTS `ym_class_category_file_links` (
  `id` int(10) unsigned NOT NULL AUTO_INCREMENT,
  `title` varchar(255) COLLATE utf8_persian_ci NOT NULL COMMENT 'عنوان',
  `summary` text COLLATE utf8_persian_ci,
  `link` varchar(500) COLLATE utf8_persian_ci NOT NULL COMMENT 'لینک فایل',
  `file_type` varchar(50) COLLATE utf8_persian_ci NOT NULL COMMENT 'نوع فایل',
  `category_id` int(10) unsigned NOT NULL COMMENT 'گروه',
  `order` int(10) unsigned NOT NULL,
  `link_size` varchar(15) COLLATE utf8_persian_ci DEFAULT NULL,
  `image` varchar(255) CHARACTER SET latin1 DEFAULT NULL,
  PRIMARY KEY (`id`),
  KEY `category_id` (`category_id`)
) ENGINE=InnoDB  DEFAULT CHARSET=utf8 COLLATE=utf8_persian_ci AUTO_INCREMENT=383 ;

--
-- Dumping data for table `ym_class_category_file_links`
--

INSERT INTO `ym_class_category_file_links` (`id`, `title`, `summary`, `link`, `file_type`, `category_id`, `order`, `link_size`, `image`) VALUES
(20, 'ویدیوی ETS درباره رایتینگ اول تافل (Integrated)', 'این ویدیو را خود سایت ETS  ارائه کرده و دیدن آن درک خوبی از این نوع رایتینگ به شما میده، اما برای درک بهتر و خواندن نمونه های خوب این نوع رایتینگ به کتاب TOEFL Writing Success رجوع کنید. ', 'https://www.ets.org/s/toefl/flash/18690_insideTOEFL-Writing-Q1.html', 'flv', 22, 11, NULL, NULL),
(21, 'ویدیوی ETS درباره رایتینگ دوم تافل  (Independent)', 'دیدن این ویدیو که خود سایت ETS  ارائه کرده درک خوبی از این نوع رایتینگ به شما میدهد، اما برای درک بهتر و خواندن نمونه های خوب این نوع رایتینگ به کتاب TOEFL Writing Success  رجوع کنید. ', 'https://www.ets.org/s/toefl/flash/18690_inside-toefl-video.html', 'flv', 22, 12, NULL, NULL),
(22, 'سوال 1 و 2 اسپیکینگ  ETS Videos on Speaking Questions 1 & 2', 'این ویدیو را سایت ETS  ارائه کرده که کلیاتی را در خصوص سوال 1 و 2 اسپیکینگ توضیح میدهد. اما برای درک بهتر و تمرین بیشتر به کتاب هایی که معرفی کرده ایم رجوع کنید.', 'https://www.ets.org/s/toefl/flash/18690_insideTOEFL-Speaking-Q1-2.html', 'flv', 21, 6, NULL, NULL),
(23, 'سوالات 3 و 5  اسپیکینگ    ETS Videos on Speaking Questions 3 & 5', 'این ویدیو ازسایت ETS  است که کلیاتی را در خصوص سوال 3 و 5 اسپیکینگ ارائه میدهد. اما برای درک بهتر و تمرین بیشتر به کتاب هایی که معرفی کرده ایم  رجوع کنید.', 'https://www.ets.org/s/toefl/flash/18690_insideTOEFL-Speaking-Q3.html', 'flv', 21, 7, NULL, NULL),
(24, 'سوالات 4 و 6 اسپیکینگ  ETS Videos on Speaking Questions Task 4 & 6', 'این ویدیو ازسایت ETS  است که کلیاتی را در خصوص سوال 4 و 6 اسپیکینگ ارائه میدهد. اما برای درک بهتر و تمرین بیشتر به کتاب هایی که معرفی کرده ایم  رجوع کنید.', 'https://www.ets.org/s/toefl/flash/18690_insideTOEFL-Speaking-Q4.html', 'flv', 21, 8, NULL, NULL),
(25, 'آشنایی با روند امتحان Test Procedures', 'این ویدیو ازسایت ETS  است که کلیاتی را در خصوص آشنایی با روند امتحان ارائه میکند که برای متقاضیان امتحان تافل بسیار مفید است.', 'https://www.ets.org/s/toefl/flash/15571_toefl_prometric.html', 'flv', 26, 32, NULL, NULL),
(26, 'چرا امتحان تافل ?Why TOEFL iBT', 'این ویدیو ازسایت ETS  نشان میدهد که چه کشورهایی تافل را قبول میکنن.', 'https://www.ets.org/s/toefl/flash/TOEFL_Passport_video.html', 'flv', 26, 34, NULL, NULL),
(27, 'کتاب یادگیری مهارت اسپیکینگ (سطح مقدماتی)  Building Speaking for Beginners', 'این کتاب و دو کتاب بعدی این مجموعه برای یادگیری مهارت اسپیکینک تافل آی بی تی بسیار فوق العاده هستند.', 'https://drive.google.com/open?id=0B8V9PkAm4QfTTUdGS0RGZXlEbFU', 'rar', 21, 9, NULL, NULL),
(28, 'کتاب یادگیری مهارت اسپیکینگ (سطح متوسط)  Developing Speaking for the Intermediate Level', 'این کتاب و دو کتاب دیگر این مجموعه برای یادگیری مهارت اسپیکینک تافل آی بی تی بسیار فوق العاده هستند.', 'https://drive.google.com/open?id=0B8V9PkAm4QfTeTF4b3pvX2hsNkE', 'rar', 21, 65, NULL, NULL),
(29, 'کتاب یادگیری مهارت اسپیکینگ (سطح پیشرفته)  Mastering Speaking for TOEFL iBT', 'این کتاب و دو کتاب قبلی این مجموعه برای یادگیری مهارت اسپیکینک تافل آی بی تی بسیار فوق العاده هستند.', 'https://drive.google.com/open?id=0B8V9PkAm4QfTRVZLdDUwZXdOd3c', 'rar', 21, 66, NULL, NULL),
(31, 'نرم افزار یادگیری تایپ سریع Rapid Typing Software', 'این نرم افزار به شما کمک میکند که در مدت کوتاهی تایپ سریع را بیاموزید.', 'https://drive.google.com/open?id=0B8V9PkAm4QfTOWxYQmtTT1pwbE0', 'rar', 22, 184, NULL, NULL),
(32, '4000 واژه ضروری زبان انگلیسی جلد 1  ', 'این کتاب که اولین کتاب از یک مجموعه شش جلدی است منبع فوق العاده ای برای یادگیری واژگان انگلیسی است. همه واژه ها، معانی، و مثالها با لهجه آمریکایی خوانده میشوند و داستانی در انتهای هر درس دارد که این واژگان در آن بکار رفته که فرصت یادگیری لغات به صورت صحیح را به شما می دهد.', 'https://drive.google.com/open?id=0B8V9PkAm4QfTS1JWRFNfV2NLN2s', 'rar', 30, 36, '110 MB', NULL),
(34, '4000 واژه ضروری زبان انگلیسی جلد 2 ', '', 'https://drive.google.com/open?id=0B8V9PkAm4QfTcGh4RlJjVmhUQkU', 'rar', 30, 37, '101 MB', NULL),
(35, '4000 واژه ضروری زبان انگلیسی جلد 3 ', '', 'https://drive.google.com/open?id=0B8V9PkAm4QfTQzFHb1FtREFrMjg', 'rar', 30, 38, '106 MB', NULL),
(36, '4000 واژه ضروری زبان انگلیسی جلد 4  ', '', 'https://drive.google.com/open?id=0B8V9PkAm4QfTZE1aNDk4OUtIYjg', 'rar', 30, 39, '118 MB', NULL),
(37, '4000 واژه ضروری زبان انگلیسی جلد 5', '', 'https://drive.google.com/open?id=0B8V9PkAm4QfTQVJCakhqVmRRc2s', 'rar', 30, 40, '123 MB', NULL),
(38, '4000 واژه ضروری زبان انگلیسی جلد 6', '', 'https://drive.google.com/open?id=0B8V9PkAm4QfTYnoyYWJHeF9qV0k', 'rar', 30, 41, '118 MB', NULL),
(39, 'کتاب دلتا (پی دی اف)', 'کتاب دلتا منبع بسیار خوبی است برای یادگیری مهارت ریدینگ و لیسنینگ ولی به هیچ عنوان کافی نیست. شما باید منابع دیگری که در "رئوس‌ مطالب و برنامه مطالعه همه مهارت های تافل" آمده مطالعه کنید تا در این مهارتها به تسلط کافی برسید.', 'https://drive.google.com/open?id=0B8V9PkAm4QfTOEJlV1BIZUVxZTQ', 'pdf', 20, 25, NULL, NULL),
(40, 'کتاب دلتا (پی دی اف)  (DELTA''s Key to the Next Generation TOEFL Test (PDF', 'کتاب دلتا منبع بسیار خوبی است برای یادگیری مهارت ریدینگ و لیسنینگ ولی به هیچ عنوان کافی نیست. شما باید منابع دیگری که در "رئوس‌ مطالب و برنامه مطالعه همه مهارت های تافل" آمده مطالعه کنید تا در این مهارتها به تسلط کافی برسید.', 'https://drive.google.com/open?id=0B8V9PkAm4QfTMGl0b3hNZVBfQms', 'rar', 23, 30, NULL, NULL),
(41, 'فایل صوتی کتاب TOEFL Writing Success نوشته امیر خادم', '', 'https://drive.google.com/open?id=0B8V9PkAm4QfTNTVKbUhhc3ZGZms', 'rar', 22, 15, NULL, NULL),
(42, 'فایل صوتی کتاب دلتا  (DELTA''s Key to the Next Generation TOEFL Test (Audio Files', '', 'https://drive.google.com/open?id=0B8V9PkAm4QfTVHkwc05oeFZ3a2M', 'rar', 23, 31, NULL, NULL),
(53, 'مقدمه ای بر  GRE Analytical Writing  (پی دی اف)', 'این پی دی اف 29 صفحه ای به طور موجز ولی کاربردی رایتینگ جی آر ای رو آموزش میده و در 3 صفحه آخر روش نمره دهی به هر دو رایتینگ را بسیار عالی توضیح داده.', 'https://drive.google.com/open?id=0B8V9PkAm4QfTTk5LaVU1RGNEbDA', 'pdf', 32, 57, NULL, NULL),
(54, 'سوالات رایتینگ GRE بخش Argument ', 'این فایل شامل تمامی سوالات  رایتینگ GRE بخش Argument میباشد که حتما باید قبل از امتحان خوانده شود.', 'https://drive.google.com/open?id=0B8V9PkAm4QfTbi1ObUNTc3lZRU0', 'pdf', 32, 60, NULL, NULL),
(55, 'سوالات رایتینگ GRE بخش Issue ', 'این فایل شامل تمامی سوالات  رایتینگ GRE بخش Issue میباشد که حتما باید قبل از امتحان خوانده شود.', 'https://drive.google.com/open?id=0B8V9PkAm4QfTUXhPWUMySGNoNXc', 'pdf', 32, 59, NULL, NULL),
(56, 'کتاب کلمات ضروری برای امتحان تافل', 'این کتاب منبع خوبی برای امتحان تافل دکتری که در ایران برگزار میشه میباشد ولی برای تافل آی بی تی بهتره کتاب های دیگه ای که در سایت معرفی شده اند را بخوانید.', 'https://drive.google.com/open?id=0B8V9PkAm4QfTYUxEQzFqWGVKNVU', 'pdf', 33, 61, NULL, NULL),
(57, 'پاسخ به سوالات رایتینگ جی آر ای', 'این کتاب نمونه رایتینگ های بسیار خوبی برای امتحان جی آر ای دارد که ایده های خیلی خوبی به داوطلبین این امتحان میدهد.', 'https://drive.google.com/open?id=0B8V9PkAm4QfTN3pIZ1BtZW9uNGs', 'pdf', 32, 58, NULL, NULL),
(59, 'کتاب جی آر ای Barron''s', 'این کتاب نیز منبع بسیار خوبی برای همه مهارت های امتحان جی آر ای است.', 'https://drive.google.com/open?id=0B8V9PkAm4QfTSkxKY1JjNHA2cms', 'pdf', 32, 197, NULL, NULL),
(62, 'کتاب اصطلاحات ضروری انگلیسی از سطح مقدماتی تا پیشرفته Essential English Idioms Elementary, Intermediate, and Advanced', 'کتاب اصطلاحات ضروری انگلیسی که 3 سطح مبتدی، متوسط، و پیشرفته دارد برای هر 4 مهارت تافل ضروری است.', 'https://drive.google.com/open?id=0B8V9PkAm4QfTZk9qRUZQTHhqbUU', 'pdf', 30, 42, '461 KB', NULL),
(64, 'کتاب اصطلاحات ضروری انگلیسی از سطح مقدماتی تا پیشرفته ', 'کتاب اصطلاحات ضروری انگلیسی از سطح مقدماتی تا پیشرفته یک منبع عالی برای یادگیری اصطلاحات است که به مهارت های لیسنینگ، اسپیکینگ، و رایتنگ کمک زیادی میکند.', 'https://drive.google.com/open?id=0B8V9PkAm4QfTZk9qRUZQTHhqbUU', 'pdf', 34, 64, NULL, NULL),
(65, 'ویدیوی آموزش تلفظ انگلیسی  (American Accent Training (Video Files', 'این فایل ویدئویی به زیبایی طریقه تلفظ لغات انگلیسی را آموزش میدهد که مهارتهای لیستنینگ و اسپیکینگ شما را تقویت میکند.', 'https://drive.google.com/open?id=0B8V9PkAm4QfTdGdqUkRUQXdVc1U', 'rar', 23, 27, '460 MB', 'APy851483306077.jpg'),
(66, 'آموزش تلفظ  انگلیسی  (American Accent Training 2 (PDF & Audio', 'این کتاب یکی از بهترین منابع آموزش تلفظ کلمات، عبارت ها، و در نهایت جمله ها است. مطالعه کل کتاب عالی است، اما اگر محدودیت زمانی دارید، بخش  Reduced Sounds صفحه 57 کتاب را حتما گوش کنید و تکرار کنید که هم برای لیسنینگ و هم برای اسپیکینگ فوق العاده است. ', 'https://drive.google.com/open?id=0B8V9PkAm4QfTWXd3WGxWelRjS0E', 'rar', 23, 28, '321 MB', 'ds8sz1483305468.jpg'),
(67, 'کتاب Just Listening and Speaking', 'این کتاب لهجه بریتانیایی را آموزش میدهد که در آزمون تافل آی بی تی پر بسامد میباشد.', 'https://drive.google.com/open?id=0B8V9PkAm4QfTWGV1enV4ekJSRTA', 'rar', 23, 115, '67 MB', NULL),
(68, 'فایل های صوتی Toefl ESL Pod', 'این فایل ها کل امتحان تافل را با انگلیسی ساده و روان توضیح میدهد و کلمات خیلی کاربردی ای هم در این ضمن تدریس میکند.', 'https://drive.google.com/open?id=0B8V9PkAm4QfTZWxxNEpjekx5c1U', 'rar', 23, 26, NULL, NULL),
(69, 'لغت نامه های بابیلون Babylon Glossaries', 'این لغت نامه ها بهترین و به روزترین  لغت نامه های نرم افزار بابیلون هستند.', 'https://drive.google.com/open?id=0B8V9PkAm4QfTMlVLa1NUWjlXbkE', 'rar', 22, 188, NULL, NULL),
(70, 'کتاب رایتینگ لانگمن (Longman Essay Activator)', 'این کتاب یکی از بهترین منابع برای تقویت مهارت رایتینگ و اسپیکینگ تافل میباشد. در این کتاب، کلمات ربط و عبارت های کاربردی انگلیسی به صورت طبقه بندی شده ارائه شده. هنگام تمرین رایتینگ و اسپیکینگ این کتاب باید حتما در کنار شما باشد.', 'https://drive.google.com/open?id=0B8V9PkAm4QfTaURFOE0xeWJ6dEk', 'pdf', 22, 21, NULL, NULL),
(71, 'کتاب تافل پی بی تی لانگمن', 'این کتاب منبع مناسبی است برای امتحان تافل دکتری که در ایران برگزار میگردد. فقط تمرین های گرامری آن، بخاطر پیشرفته بودن، باید پس گذراندن هر دو دوره تافل مقدماتی و تافل دکتری حل شوند.', 'https://drive.google.com/open?id=0B8V9PkAm4QfTakgwMUNBUlcwMk0', 'pdf', 31, 68, NULL, NULL),
(72, 'جزوه Pre-TOEFL by Amir Khadem', 'این جزوه و جزوه گرامر تافل دکتری حدود 15 سال است که توسط اینجانب، امیر خادم، در موسسات و دانشگاه های زیادی مثل دانشگاه صنعتی شریف تدریس شده و افراد بسیاری تا کنون توانسته اند با کمک آنها سربلند از امتحان تافل دکتری که در ایران برگزار میشود بیرون بیایند. امیدواریم نفرات بعدی شما باشید.', 'https://drive.google.com/open?id=0B8V9PkAm4QfTb2lYY1RVd2lEQlk', 'pdf', 35, 69, NULL, NULL),
(73, 'کتاب تافل پی بی تی لانگمن', 'این کتاب منبع مناسبی است برای مهارت خواندن و درک مطلب امتحان تافل دکتری که در ایران برگزار میگردد که در آن تکنیک های درک مطلب به تفصیل توضیح داده شده.', 'https://drive.google.com/open?id=0B8V9PkAm4QfTakgwMUNBUlcwMk0', 'pdf', 36, 70, NULL, NULL),
(75, 'نرم افزار تافل پی بی تی کمبریج  Cambridge CBT Multimedia', 'این نرم افزار که برای امتحان تافل کامپیوتری ارائه شده بود برای تمرین لیسنینگ تافل آی بی تی بسیار موثر است.', 'https://drive.google.com/open?id=0B8V9PkAm4QfTbWVjUXltY3REMkk', 'rar', 23, 123, NULL, NULL),
(78, 'IELTS Practice Test Plus 2', 'این کتاب منبع بسیار مناسبی برای نمره 8 و 9 در امتحان آیلتس میباشد.', 'https://drive.google.com/open?id=0B8V9PkAm4QfTZ1ZvRWxhWG8xLUU', 'rar', 38, 88, NULL, NULL),
(79, 'IELTS Practice Test Plus 1', 'این کتاب منبع بسیار مناسبی برای نمره 8 و 9 در امتحان آیلتس میباشد.', 'https://drive.google.com/open?id=0B8V9PkAm4QfTdnRNcnVsblFib2s', 'rar', 38, 87, NULL, NULL),
(80, 'Cambridge IELTS 1', 'سری کتاب های کمبریج نمونه های بسیار خوبی هستند از آنچه شما در امتحان واقعی آیلتس آکادمیک و جنرال خواهید دید.', 'https://drive.google.com/open?id=0B8V9PkAm4QfTZURMT1Z4SHJvTFE', 'rar', 38, 78, NULL, NULL),
(81, 'Cambridge IELTS 2', '', 'https://drive.google.com/open?id=0B8V9PkAm4QfTT3MwVjRsZDZBdUk', 'rar', 38, 79, NULL, NULL),
(82, 'Cambridge IELTS 3', '', 'https://drive.google.com/open?id=0B8V9PkAm4QfTOXYxNGEwRTVpcGM', 'rar', 38, 80, NULL, NULL),
(83, ' Cambridge IELTS 4', '', 'https://drive.google.com/open?id=0B8V9PkAm4QfTWmpLcjdVcGRJY1k', 'rar', 38, 81, NULL, NULL),
(84, 'Cambridge IELTS 5', '', 'https://drive.google.com/open?id=0B8V9PkAm4QfTcXJDWEIyeURoU28', 'rar', 38, 82, NULL, NULL),
(85, ' Cambridge IELTS 6', '', 'https://drive.google.com/open?id=0B8V9PkAm4QfTVFhpOVVvUUFXZDA', 'rar', 38, 83, NULL, NULL),
(86, 'Cambridge IELTS 7', '', 'https://drive.google.com/open?id=0B8V9PkAm4QfTdXZKRUpKb0ZtRjQ', 'rar', 38, 84, NULL, NULL),
(87, 'Cambridge IELTS 8', '', 'https://drive.google.com/open?id=0B8V9PkAm4QfTWkxUVW1MMHVEaEE', 'rar', 38, 85, NULL, NULL),
(88, 'Cambridge IELTS 9', '', 'https://drive.google.com/open?id=0B8V9PkAm4QfTbDdlY014LWR6d2c', 'rar', 38, 86, NULL, NULL),
(92, 'ویدیوی بخش درک مطلب آزمون جی ام ای تی (جی مت) فرمت Quick Time', 'این ویدیو و فایلهای بعدی توسط انتشارات تامسون ارائه شده که نکات مفیدی در مورد درک مطلب جی ام ای تی (جی مت) میدهد.', 'https://drive.google.com/open?id=0B8V9PkAm4QfTOGJMdGo1TlNpd0U', 'rar', 40, 89, NULL, NULL),
(95, 'ویدیوی بخش کلمات آزمون جی ام ای تی (جی مت) فرمت Quick Time', '', 'https://drive.google.com/open?id=0B8V9PkAm4QfTZ3puckpVV2dxeFk', 'rar', 40, 90, NULL, NULL),
(96, 'بخش ریاضی آزمون جی ام ای تی 1', '', 'https://drive.google.com/open?id=0B8V9PkAm4QfTZ3dnRU1oczZ0NUE', 'rar', 41, 91, NULL, NULL),
(97, 'بخش ریاضی آزمون جی ام ای تی 2', '', 'https://drive.google.com/open?id=0B8V9PkAm4QfTTmVPYUl1alJ2LXM', 'rar', 41, 92, NULL, NULL),
(98, 'کتاب تصحیح جمله منهتن ', 'این کتاب منبع خوبی برای بخش گرامر جی ام ای تی میباشد. ولی پیشنهاد میکنم اول جزوه های گرامر مقدماتی و گرامر پیشرفته که در همین جا آمده را بخوانید.', 'https://drive.google.com/open?id=0B8V9PkAm4QfTZExCb2xkQ1U4djQ', 'pdf', 42, 93, NULL, NULL),
(99, 'جزوه گرامر مقدماتی (خادم)', 'این جزوه و جزوه گرامر پیشرفته حدود 15 سال است که توسط اینجانب، امیر خادم، در موسسات و دانشگاه های زیادی مثل دانشگاه صنعتی شریف تدریس شده و افراد بسیاری تا کنون توانسته اند با کمک آنها سربلند از امتحانهای تافل، آیلتس، تافل دکتری، جی آر ای، و جی ام ای تی بیرون بیایند. امیدواریم نفرات بعدی شما باشید. امیر خادم.', 'https://drive.google.com/open?id=0B8V9PkAm4QfTNWtWbV95RmJfTlk', 'pdf', 42, 94, NULL, NULL),
(100, 'جزوه گرامر پیشرفته', 'این جزوه و جزوه گرامر مقدماتی حدود 15 سال است که توسط اینجانب، امیر خادم، در موسسات و دانشگاه های زیادی مثل دانشگاه صنعتی شریف تدریس شده و افراد بسیاری تا کنون توانسته اند با کمک آنها سربلند از امتحان تافل دکتری که در ایران برگزار میشود بیرون بیایند. امیدواریم نفرات بعدی شما باشید.', 'https://drive.google.com/open?id=0B8V9PkAm4QfTaGF4bDd3ejVNVUE', 'pdf', 42, 95, NULL, NULL),
(101, 'کتاب راهنمای رایتینگ جی ام ای تی', 'این کتاب به زیبایی هر دو گونه رایتینگ امتحان جی ام ای تی را توضیح میدهد.', 'https://drive.google.com/open?id=0B8V9PkAm4QfTRUlDQl83OXlBNU0', 'pdf', 39, 96, NULL, NULL),
(102, 'سوالات رایتینگ امتحان جی ام ای تی (جی مت) همراه با نمونه رایتینگ', 'خواندن این سوالات و نمونه های ارائه شده به طور قابل توجهی در نمره بخش رایتینگ شما اثر خواهد گذاشت.', 'https://drive.google.com/open?id=0B8V9PkAm4QfTY0FnTExLVnBSbGc', 'pdf', 39, 97, NULL, NULL),
(103, 'کتاب نامه های اداری برای آدمهای پر مشعله', 'این کتاب نمونه نامه های اداری و بازرگانی بسیار خوبی دارد و دارای عبارات و کلمه های کلیدی است که برای کسانی که قصد شرکت در امتحان آیلتس جنرال را دارند خیلی مفید است.', 'https://drive.google.com/open?id=0B8V9PkAm4QfTc0VSbjY3X1dNbEE', 'pdf', 43, 101, NULL, NULL),
(104, 'فایل های آموزش مهارت لیسنینگ BBC 6 Minute English-2016 همراه با PDF', 'این فایل ها برای یادگیری لهجه بریتانیایی هستند که برای امتحان تافل ضروری اند. ', 'https://drive.google.com/open?id=0B8V9PkAm4QfTX05HRUtMcUdsSms', 'rar', 23, 107, '93 MB', NULL),
(105, 'فایل های آموزش مهارت لیسنینگ BBC 6 Minute English-2015 همراه با PDF', 'این فایل ها هم برای یادگیری لهجه بریتانیایی خیلی مفید هستند و برای امتحان تافل ضروری اند.', 'https://drive.google.com/open?id=0B8V9PkAm4QfTbnBMODQtc1pvanc', 'rar', 23, 108, '332 MB', NULL),
(107, 'تی پی او 40 تا 48  TPO 40 to 48', '', 'https://drive.google.com/open?id=0B8V9PkAm4QfTUXNtQ0ZQT2VUVVE', 'rar', 23, 104, NULL, NULL),
(108, 'نرم افزار تی پی او 1 تا 36  TPO Software 1 to 36', '', 'https://drive.google.com/open?id=0B8V9PkAm4QfTLXVsSkNyMEp3WDQ', 'rar', 23, 103, NULL, NULL),
(111, 'نرم افزار تافل آی بی تی کمبریج   (Cambridge Preparation for the TOEFL 4th Edition (Multimedia)', '', 'https://drive.google.com/open?id=0B8V9PkAm4QfTbl9SaW1aVXRiSW8', 'rar', 23, 102, NULL, NULL),
(112, 'نرم افزار تافل آی بی تی بارونز  Barron''s How to Prepare for the TOEFL iBT', '', 'https://drive.google.com/open?id=0B8V9PkAm4QfTODA1ODBVeTJDMGc', 'rar', 21, 116, NULL, NULL),
(113, 'کتاب گرامر کمبریج برای آیلتس آکادمیک', '', 'https://drive.google.com/open?id=0B8V9PkAm4QfTMm4tQkFfRjJkcFk', 'rar', 44, 119, NULL, NULL),
(114, 'کتاب آمادگی و تمرین برای مهارت اسپیکینگ و لیسنینگ  Preparation and Practice Listening and Speaking', 'این کتاب، بخصوص بخش لیسنینگ آن، منبعی بسیار مناسب برای یادگیری مقدماتی مهارت لیسنینگ آیلتس میباشد.', 'https://drive.google.com/open?id=0B8V9PkAm4QfTRkZzZndXcGx5TWc', 'rar', 38, 77, NULL, NULL),
(115, 'کتاب آمادگی و تمرین مهارت ریدینگ جنرال آیلتس', 'این کتاب، بخصوص بخش ریدینگ آن، منبعی بسیار مناسب برای یادگیری مقدماتی مهارت ریدینگ آیلتس جنرال میباشد.', 'https://drive.google.com/open?id=0B8V9PkAm4QfTU2kyOVhMcjktRzg', 'pdf', 46, 120, NULL, NULL),
(116, 'کتاب تافل آی بی تی آکسفورد  Oxford TOEFL iBT', '', 'https://drive.google.com/open?id=0B8V9PkAm4QfTN0NISW9lcVNQWEk', 'rar', 23, 122, NULL, NULL),
(117, 'سوالات نمونه رایتینگ های کتاب TOEFL Writing Success به ترتیبی که در کتاب آمده ', 'این فایل به شما کمک میکند که نمونه های نوشته شده در کتاب TOEFL Writing Success را به راحتی پیدا کرده و مطالعه نمایید. ', 'https://drive.google.com/open?id=0B8V9PkAm4QfTZkZnQ2ZPVmlrMm8', 'pdf', 22, 16, NULL, NULL),
(118, 'جزوه گرامر مقدماتی آیلتس (امیر خادم)', 'این جزوه و جزوه رایتینگ آیلتس حدود 15 سال است که توسط اینجانب، امیر خادم، در موسسات و دانشگاه های زیادی مثل دانشگاه صنعتی شریف تدریس شده و افراد بسیاری تا کنون توانسته اند با کمک آنها سربلند از امتحانهای تافل، آیلتس، تافل دکتری، جی آر ای، و جی ام ای تی بیرون بیایند. امیدواریم نفرات بعدی شما باشید. امیر خادم.', 'https://drive.google.com/open?id=0B8V9PkAm4QfTMF96c2prMHpiTDg', 'pdf', 44, 117, NULL, NULL),
(119, 'جزوه گرامر  IELTS Writing (امیر خادم)', 'این جزوه و جزوه مقدماتی رایتینگ آیلتس حدود 15 سال است که توسط اینجانب، امیر خادم، در موسسات و دانشگاه های زیادی مثل دانشگاه صنعتی شریف تدریس شده و افراد بسیاری تا کنون توانسته اند با کمک آنها سربلند از امتحانهای تافل، آیلتس، تافل دکتری، جی آر ای، و جی ام ای تی بیرون بیایند. امیدواریم نفرات بعدی شما باشید. امیر خادم.', 'https://drive.google.com/open?id=0B8V9PkAm4QfTVktuR1ZGSUx1V2s', 'pdf', 44, 118, NULL, NULL),
(120, 'جزوه گرامر مقدماتی آیلتس (امیر خادم)', 'این جزوه و جزوه رایتینگ آیلتس حدود 15 سال است که توسط اینجانب، امیر خادم، در موسسات و دانشگاه های زیادی مثل دانشگاه صنعتی شریف تدریس شده و افراد بسیاری تا کنون توانسته اند با کمک آنها سربلند از امتحانهای تافل، آیلتس، تافل دکتری، جی آر ای، و جی ام ای تی بیرون بیایند. امیدواریم نفرات بعدی شما باشید. امیر خادم.', 'https://drive.google.com/open?id=0B8V9PkAm4QfTMF96c2prMHpiTDg', 'pdf', 43, 125, NULL, NULL),
(121, 'جزوه گرامر  IELTS Writing (امیر خادم)', 'این جزوه و جزوه مقدماتی رایتینگ آیلتس حدود 15 سال است که توسط اینجانب، امیر خادم، در موسسات و دانشگاه های زیادی مثل دانشگاه صنعتی شریف تدریس شده و افراد بسیاری تا کنون توانسته اند با کمک آنها سربلند از امتحانهای تافل، آیلتس، تافل دکتری، جی آر ای، و جی ام ای تی بیرون بیایند. امیدواریم نفرات بعدی شما باشید. امیر خادم.', 'https://drive.google.com/open?id=0B8V9PkAm4QfTVktuR1ZGSUx1V2s', 'pdf', 43, 126, NULL, NULL),
(122, 'سر فصل موضوعات مهارت اسپیکینگ آیلتس', '', 'https://drive.google.com/open?id=0B8V9PkAm4QfTaV8zUFFyUGV1clk', 'pdf', 52, 127, NULL, NULL),
(123, 'معرفی بخش مهارت اسپیکینگ آیلتس', '', 'https://drive.google.com/open?id=0B8V9PkAm4QfTNDVYZEpZY0hHMjg', 'pdf', 52, 128, NULL, NULL),
(124, 'ویدیوی آموزشی مهارت های آیلتس', 'در این ویدیو، چهار مهارت آیلتس توسط اساتید استرالیایی به صورت حرفه ای تدریس می شود.', 'https://drive.google.com/open?id=0B8V9PkAm4QfTdjFvbEdQSlcza3c', 'rar', 29, 129, NULL, NULL),
(125, 'ویدیوی آموزشی مهارت های آیلتس', 'در این ویدیو، چهار مهارت آیلتس توسط اساتید استرالیایی به صورت حرفه ای تدریس می شود.', 'https://drive.google.com/open?id=0B8V9PkAm4QfTdjFvbEdQSlcza3c', 'rar', 28, 130, NULL, NULL),
(126, 'رئوس‌ مطالب و برنامه کلاسی ریدینگ آیلتس آکادمیک', 'منابع بخش ریدینگ آیلتس آکادمیک که در موسسه آوای شهیر تدریس میشوند', 'https://drive.google.com/open?id=0B8V9PkAm4QfTRERaWjVzZzNHRm8', 'pdf', 38, 71, NULL, NULL),
(128, 'رئوس‌ مطالب و برنامه کلاسی رایتینگ آیلتس', 'این منابع جزو بهترین منابع رایتینگ آیلتس آکادمیک میباشند که بخشی از آنها در طول دوره های موسسه آوای شهیر تدریس میشود و بخشی از آنها برای مطالعه شخصی هستند.', 'https://drive.google.com/open?id=0B8V9PkAm4QfTRFpWYkctMHF5MUE', 'pdf', 53, 131, NULL, NULL),
(129, 'تی پی او 1 تا 36', '', 'https://drive.google.com/open?id=0B8V9PkAm4QfTLXVsSkNyMEp3WDQ', 'rar', 20, 132, NULL, NULL),
(130, 'تی پی او 40 تا 48', '', 'https://drive.google.com/open?id=0B8V9PkAm4QfTUXNtQ0ZQT2VUVVE', 'rar', 20, 133, NULL, NULL),
(131, 'خطاهای رایج در آیلتس: سطح پیشرفته', 'کتاب Common Mistakes at IELTS Advanced ،منبع مناسبی برای تقویت گرامر و رفع اشکالات گرامری می باشد. این کتاب به دوستانی که نمره رایتینگ و اسپیکینگ آنها بین ۶ و ۷ می باشد و در پی نمره بالاتری هستند توصیه می شود.', 'https://drive.google.com/open?id=0B8V9PkAm4QfTbWFPUzlBWkxBamM', 'pdf', 44, 134, NULL, NULL),
(132, 'اصطلاحات و افعال دو قسمتی', 'کتاب Oxford Idioms and Phrasal Verbs ،از کتاب های بسیار مفید برای تقویت مهارت اسپیکینگ می باشد. در زمان مطالعه این کتاب، به رسمی و غیر رسمی بودن آیتم ها دقت کنید ودر صورتی که خود را برای آیلتس آکادمیک آماده می کنید،  ساختار ها و عبارات رسمی را به خاطر بسپارید.', 'https://drive.google.com/open?id=0B8V9PkAm4QfTSVFRaEN2blItQkE', 'pdf', 34, 135, NULL, NULL),
(133, 'کتاب کلمات آیلتس کالینز', 'یکی دیگر از کتاب های مفید برای  افزایش دایره واژگانی، کتاب Collins Vocabulary for IELTS می باشد. این کتاب به آن دسته از داوطلبانی توصیه می شود که نمره آنها  ۵ تا ۵.۵ بوده و می خواهند به نمره ۶-۷برسند.', 'https://drive.google.com/open?id=0B8V9PkAm4QfTaURwOGZlNHVpd3M', 'pdf', 34, 136, NULL, NULL),
(134, 'فایل صوتی کتاب کلمات آیلتس کالینز', '', 'https://drive.google.com/open?id=0B8V9PkAm4QfTTXR5bE5MV0NMbHc', 'rar', 34, 137, NULL, NULL),
(135, 'فایل صوتی کتاب کلمات آیلتس کمبریج', '', 'https://drive.google.com/open?id=0B8V9PkAm4QfTLVBFMjBMczk3akU', 'rar', 34, 139, NULL, NULL),
(136, 'کتاب کلمات آیلتس کمبریج', 'کتاب Cambridge vocabulary for IELTS یکی از بهترین کتابهای نوشته شده برای ارتقای دایره واژگانی کاندیداهای آیلتس  می باشد. این کتاب زیبا با در بر داشتن بخش های متنوع، شما را با نوع متن ها و ساختارهایی که در آزمون آیلتس خواهید دید و همچنین آنچه می بایست در بخش اسپیکینگ و رایتینگ ارائه کنید آشنا می کند.\r\nاین کتاب به داوطلبانی که در پی رسیدن به نمرات ‌۷ تا ۷/۵ هستند پیشنهاد می شود.', 'https://drive.google.com/open?id=0B8V9PkAm4QfTTE5TdnRMaXFEOXM', 'pdf', 34, 138, NULL, NULL),
(137, 'فایل پی دی اف کتاب IELTS Test Builder 2', 'کتاب آیلتس تست بیلدر ۲ که در بر دارنده ۴ آزمون شبیه سازی شده و تمرین های کافی و مؤثر است، از بهترین کتابهای شبیه ساز آزمون های آیلتس می باشد. از ویژگی های بارز این کتاب بهره گرفتن از شیوه های آسان وگام به گام می باشد.\r\nبا آرزوی موفقیت شما عزیزان در آزمون آیلتس.\r\nایزدی فر', 'https://drive.google.com/open?id=0B8V9PkAm4QfTVEI3c0wyYjB5YnM', 'pdf', 38, 72, NULL, NULL),
(138, 'فایل صوتی تست 1 از کتاب IELTS Test Builder 2', '', 'https://drive.google.com/open?id=0B8V9PkAm4QfTeDQ3M1g1ajFKNzQ', 'rar', 38, 73, NULL, NULL),
(139, 'فایل صوتی تست 2 از کتاب IELTS Test Builder 2', '', 'https://drive.google.com/open?id=0B8V9PkAm4QfTakowUHRQZmhnT2M', 'rar', 38, 74, NULL, NULL),
(140, 'فایل صوتی تست 3 از کتاب IELTS Test Builder 2', '', 'https://drive.google.com/open?id=0B8V9PkAm4QfTOHY1YnNCaXp2S3M', 'rar', 38, 75, NULL, NULL),
(141, 'فایل صوتی تست 4 از کتاب IELTS Test Builder 2', '', 'https://drive.google.com/open?id=0B8V9PkAm4QfTajdjQ1VQNGVRdjQ', 'rar', 38, 76, NULL, NULL),
(142, '7 نمونه سوال اسپیکینگ آیلتس', '', 'https://drive.google.com/open?id=0B8V9PkAm4QfTdlFTWURnNGhKZzQ', 'pdf', 52, 166, NULL, NULL),
(143, 'جلسه اول کلاس اسپیکینگ آیلتس: موضوع بحث (آب و هوا)', 'این نمونه یکی از چندین نمونه ای است که در کلاس های مکالمه موسسه آوای شهیر تدریس میگردد.', 'https://drive.google.com/open?id=0B8V9PkAm4QfTTXViREtkUnc5MjA', 'pdf', 52, 167, NULL, NULL),
(144, 'رئوس‌ مطالب و برنامه کلاسی لیسنینگ آیلتس (جنرال و آکادمیک)', '', 'https://drive.google.com/open?id=0B8V9PkAm4QfTWG82UHhJMEJUNkU', 'pdf', 45, 168, NULL, NULL),
(145, 'رئوس‌ مطالب و برنامه کلاسی ریدینگ آیلتس جنرال', '', 'https://drive.google.com/open?id=0B8V9PkAm4QfTcXF3bWNrZi1tVm8', 'pdf', 46, 121, NULL, NULL),
(146, 'رئوس‌ مطالب و برنامه کلاسی رایتینگ آیلتس جنرال', '', 'https://drive.google.com/open?id=0B8V9PkAm4QfTT3NYMWxSY2dhMGs', 'pdf', 43, 98, NULL, NULL),
(147, 'سوالات رایج بخش رایتینگ آزمون آیلتس در 20 گروه متفاوت', 'این فایل سوالات رایج رایتینگ آزمون آیلتس را در 20 گروه متفاوت طبقه بندی کرده که برای سهولت امر رایتینگ آیلتس بسیار موثر خواهد بود.', 'https://drive.google.com/open?id=0B8V9PkAm4QfTcjZxeUZJLXlGSUE', 'pdf', 43, 100, NULL, NULL),
(148, '5 گونه سوال رایج در مهارت رایتینگ آیلتس', 'این فایل 5 گونه مختلف رایتینگ های آیلتس را با ذکر نمونه سوال معرفی میکند.', 'https://drive.google.com/open?id=0B8V9PkAm4QfTazBjSy1ybTBGTjg', 'pdf', 43, 99, NULL, NULL),
(149, 'خطاهای رایج در زبان انگلیسی (لانگمن)', 'این کتاب منبع بسیار خوبی است برای بخش گرامر امتحان تافل دکتری. ', 'https://drive.google.com/open?id=0B8V9PkAm4QfTSm1mYW1uakNkeFU', 'pdf', 31, 169, NULL, NULL),
(150, 'خطاهای رایج در زبان انگلیسی (لانگمن) Common Mistakes in English', 'این کتاب منبع بسیار خوبی است برای بخش رایتینگ امتحان تافل آی بی تی', 'https://drive.google.com/open?id=0B8V9PkAm4QfTSm1mYW1uakNkeFU', 'pdf', 22, 170, NULL, NULL),
(151, 'یک نمونه کارنامه صادر شده توسط ETS', '', 'https://drive.google.com/open?id=0B8V9PkAm4QfTaGduOWg1VXhtZ1E', 'pdf', 26, 171, NULL, NULL),
(152, 'رئوس‌ مطالب و برنامه مطالعه همه مهارت های تافل', 'در این فایل، که ثمره سالها تدریس تافل در دانشگاه شریف و امیرکبیر است، رئوس‌ مطالب و برنامه مطالعه همه مهارت های تافل را با جزئیاتش هر مهارت توضیح دادم که تا الان همه کسانی که این برنامه را دنبال کرده اند، صرف نظر از سطحی که داشتند، نمرات فوق العاده ای در امتحان تافل گرفته اند. امیدوارم شما نفر بعدی باشید.\r\nبا آرزوی موفقیت.\r\nامیر خادم', 'https://drive.google.com/open?id=0B8V9PkAm4QfTV0FRS3BIaUJtek0', 'pdf', 27, 172, NULL, NULL),
(153, 'کتاب اصطلاحات ضروری انگلیسی از سطح مقدماتی تا پیشرفته Essential English Idioms', 'کتاب اصطلاحات ضروری انگلیسی که 3 سطح مبتدی، متوسط، و پیشرفته دارد برای هر 4 مهارت تافل ضروری است.', 'https://drive.google.com/open?id=0B8V9PkAm4QfTZk9qRUZQTHhqbUU', 'pdf', 20, 175, '', NULL),
(154, 'نمره 0 تا 30 ریدینگ بر اساس تعداد سوالات جواب داده شده', '', 'https://drive.google.com/open?id=0B8V9PkAm4QfTLWlzMm1FdzlMVTA', 'pdf', 20, 22, NULL, NULL),
(155, 'کتاب کلمات ضروری برای امتحان تافل Essential Words for the TOEFL', 'این کتاب برای کسانی مناسب است که وقت خیلی کمی برای امتحان دارند. در غیر اینصورت، کتاب 4000 کلمه ضروری بسیار مناسب تر است.', 'https://drive.google.com/open?id=0B8V9PkAm4QfTYUxEQzFqWGVKNVU', 'pdf', 20, 176, '1 MB', NULL),
(156, 'کلمات تی پی او', 'این فایل شامل بخش عمده ای از لغات مطرح شده در امتحان تافل آی بی تی می باشد.', 'https://drive.google.com/open?id=0B8V9PkAm4QfTTlgtQ2hlT0ZnOE0', 'pdf', 20, 177, NULL, NULL),
(158, 'نمونه رایتینگ های تی پی او 1 تا 24 TPO 1-24 Writing Independent Answers', 'این فایل شامل 24 تا نمونه رایتینگ از تی پی او می باشد که می توانند در دادن ایده مفید باشند ولی از لحاظ ساختاری زیاد مناسب نیستند.', 'https://drive.google.com/open?id=0B8V9PkAm4QfTQ3N3bDBnUE1wSTA', 'pdf', 22, 178, NULL, NULL),
(159, 'نمونه اسپیکینگ های تی پی او 1 تا 24     TPO 1-24 Speaking Answers', 'این فایل شامل 24 تا نمونه اسپیکینگ از تی پی او می باشد که می توانند در دادن ایده مفید باشند ولی از لحاظ ساختاری زیاد مناسب نیستند.', 'https://drive.google.com/open?id=0B8V9PkAm4QfTT2JPYm04N2hoMEk', 'pdf', 21, 3, NULL, NULL),
(160, 'روش نمره دهی به رایتینگ تافل', '', 'https://drive.google.com/open?id=0B8V9PkAm4QfTN2FvXzJ1WEEwTEU', 'pdf', 22, 10, NULL, NULL),
(161, 'بخش هایی از کتاب TOEFL Writing Success 4th Edition (امیر خادم)', 'چرا کتاب TOEFL Writing Success را بخوانیم؟\r\nاین کتاب که برای زبان آموزان سطوح متوسطه به بالا نوشته شده منبعی عالی برای کسانی است که قصد شرکت در آزمون هایی مثل آیلتس، جی آر ای، جی مت، و تافل را دارند. این کتاب شامل 4 نمونه از رایتینگ های نویسنده کتاب و 165 نمونه از رایتینگ های دانشجویانی است که اکثرا نمراتی بین 27 تا 30 گرفته اند. دلایلی که این کتاب مورد توجه قرار گرفته به قرار زیر است:\r\n1.	به کارگیری کلمات و عبارت های بسیار پرکاربرد در نمونه ها که برای همه آزمون ها مفید می باشند.\r\n2.	دارا بودن نمونه های زیادی از introduction و conclusion.\r\n3.	ارائه 6 روش برای تکمیل کردن body paragraphs، همراه با نمونه های عملی.\r\n4.	نمونه رایتینگ های تصحیح شده داوطلب ها طوری که خطاها خط خورده اند و درست آنها نوشته شده که این می تواند کمک بسیار خوبی باشد برای کسانی که ممکن است همان خطاها را داشته باشند.\r\n5.	نکته هایی در مورد خطاهای رایج ایرانیان -  فارس زبانان.\r\n6.	آموزش علامت گذاری که در نمره داوطلب ها تاثیر زیادی دارد.\r\n7.	نمونه های بسیار خوب از رایتینگ اول تافل (Integrated) همراه با جملات کلیدی و واژگان مناسب برای متن ریدینگ و لکچر.\r\n8.	روش کشیدن plan برای هر 5 مدل رایتینگ دوم تافل (Independent Task) با توضیحات کامل.\r\n9.	داشتن یک واژه نامه از لغات سخت کتاب که هم در درک بهتر کتاب و هم در نوشتن رایتینگ کمک شایانی می کند. \r\n10.	تمرین های زیاد در خصوص paraphrasing ،synthesizing، و note-taking.\r\n لازم به ذکر است که نوشتن نمونه رایتینگ های کتاب در ابندا ساعت ها وقت داوطلبان را گرفته، ولی بعدها این داوطلبان زمان نوشتن خود را رفته رفته کاهش داده اند. بنابراین، شما هم باید دقیقا همین کار را بکنید تا سطح رایتینگ شما آرام آرام بهبود پیدا کند. اگر این کتاب را آنطور که در مقدمه اش آمده مطالعه کنید، شما نیز مانند بسیاری از داوطلبان اینجانب، امیر خادم المله، نمره بسیار خوبی در امتحان خواهید گرفت. برای اطلاعات بیشتر، به سایت www.avayeshahir.com رجوع کنید.\r\nموفق باشید. ', 'https://drive.google.com/open?id=0B8V9PkAm4QfTdWtEb1d1R2lwNTA', 'pdf', 22, 13, NULL, NULL),
(162, 'واژه‌ نامه‌ کتاب TOEFL Writing Success 4th Edition نوشته امیر خادم  (Glossary) ', 'از آنجا که واژگان بکار رفته در کتاب سخت ولی کاربردی هستند، اصرار دارم که برای درک بهتر واژگان و کاربرد آنها حتما و حتما از این واژه نامه استفاده کنید.', 'https://drive.google.com/open?id=0B8V9PkAm4QfTX01MRlZIQVlOT0U', 'docx', 22, 14, NULL, NULL),
(163, 'جزوه گرامر مقدماتی تافل (امیر خادم) Pre-TOEFL Pamphlet', 'این جزوه و جزوه گرامر تافل حدود 15 سال است که توسط اینجانب، امیر خادم، در موسسات و دانشگاه های زیادی مثل دانشگاه صنعتی شریف تدریس شده و افراد بسیاری تا کنون توانسته اند با کمک آنها سربلند از امتحانهای تافل، آیلتس، تافل دکتری، جی آر ای، و جی ام ای تی بیرون بیایند. امیدواریم نفرات بعدی شما باشید. امیر خادم.', 'https://drive.google.com/open?id=0B8V9PkAm4QfTdW84SDYxMElJaUk', 'pdf', 22, 17, NULL, NULL),
(164, 'جزوه گرامر تافل آی بی تی (امیر خادم) TOEFL Writing Pamphlet ', 'این جزوه و جزوه گرامر مقدماتی تافل حدود 15 سال است که توسط اینجانب، امیر خادم، در موسسات و دانشگاه های زیادی مثل دانشگاه صنعتی شریف تدریس شده و افراد بسیاری تا کنون توانسته اند با کمک آنها سربلند از امتحان تافل دکتری که در ایران برگزار میشود بیرون بیایند. امیدواریم نفرات بعدی شما باشید.', 'https://drive.google.com/open?id=0B8V9PkAm4QfTSk5aQ0dUNG1Oam8', 'pdf', 22, 18, NULL, NULL),
(165, 'جدیدترین سوالات بخش رایتینگ تافل آی بی تی  The Most Recent Writing Topics Offered in TOEFL iBT', '', 'https://drive.google.com/open?id=0B8V9PkAm4QfTRE5Ia1dBVWJtRXc', 'pdf', 22, 20, NULL, NULL),
(166, 'جدیدترین سوالات بخش اسپیکینگ تافل آی بی تی  The Most Recent Speaking Questions Offered in TOEFL', '', 'https://drive.google.com/open?id=0B8V9PkAm4QfTbDFnUnlsN1d5dDQ', 'pdf', 21, 5, NULL, NULL),
(167, 'زیباترین نقل قول های طول تاریخ  The Most Beautiful Quotes of All Time', 'خواندن این نقل قول ها میتواند ایده های خلاقانه زیادی به شما بدهد وکاربرد آنها در هر امتحانی تاثیر زیادی در نمره شما خواهد داشت.', 'https://drive.google.com/open?id=0B8V9PkAm4QfTcDA4ancyM3RWeGc', 'pdf', 22, 183, NULL, NULL),
(168, 'ضرب المثل هاي انگليسي با ترجمه فارسي English Proverbs with their Persian Equivalents', 'خواندن این ضرب المثلها میتواند ایده های خلاقانه زیادی به شما بدهد وکاربرد آنها در هر امتحانی تاثیر زیادی در نمره شما خواهد داشت.', 'https://drive.google.com/open?id=0B8V9PkAm4QfTbkJWWTFyd3YxSUU', 'pdf', 22, 181, NULL, NULL),
(169, '29 موضوع طبقه بندی شده رایتینگ تافل 29 Categories of Writing Topics', '', 'https://drive.google.com/open?id=0B8V9PkAm4QfTc213cWt1Y1UxbWs', 'docx', 22, 180, NULL, NULL),
(170, 'ضرب المثل ها و نقل قول های دسته بندی شده  Categorized Proverbs & Quotations', 'خواندن این ضرب المثل ها بسیار جذابه و به رایتینگ شما کمک زیادی میکند.', 'https://drive.google.com/open?id=0B8V9PkAm4QfTR3BWNWtMalZuZWs', 'jpeg', 22, 182, NULL, NULL),
(171, 'روش نصب نرم افزار بابیلون How to Install Babylon', '', 'https://drive.google.com/open?id=0B8V9PkAm4QfTRjFkTUZ2TzJwOEk', 'docx', 22, 185, NULL, NULL),
(172, 'فایل نصب نرم افزار بابیلون Babylon Setup File', '', 'https://drive.google.com/open?id=0B8V9PkAm4QfTME1GeFF2UV9OR0E', 'rar', 22, 186, NULL, NULL),
(173, 'فایل کرک نرم افزار بابیلون Babylon Crack File', '', 'https://drive.google.com/open?id=0B8V9PkAm4QfTaDlFMGUxRzlRajg', 'rar', 22, 187, NULL, NULL),
(174, 'جواب تمرینات جزوه گرامر تافل (امیر خادم) Answer Key for TOEFL Writing Pamphlet', '', 'https://drive.google.com/open?id=0B8V9PkAm4QfTRnNrMEg4WG9xTjA', 'docx', 22, 19, NULL, NULL),
(175, 'نمره 0 تا 30 لیسنینگ بر اساس تعداد سوالات جواب داده شده  Listening Score from 0 to 30', '', 'https://drive.google.com/open?id=0B8V9PkAm4QfTcHBIS09ROUhmV0E', 'pdf', 23, 29, NULL, NULL),
(176, 'در مورد لیسنینگ های  تکراری امتحان تافل آی بی تی   About the Listening Tracks Usually Repeated in TOEFL i BT Test', '', 'https://drive.google.com/open?id=0B8V9PkAm4QfTWFY0UjJzSFRhczQ', 'docx', 23, 124, NULL, NULL),
(177, 'لیسنینگ  تکراری A Student''s ID Card Complete', '', 'https://drive.google.com/open?id=0B8V9PkAm4QfTSnJmRHZmSnFWU2M', 'docx', 23, 189, NULL, NULL),
(178, 'لیسنینگ تکراری William Wordsworth Complete', '', 'https://drive.google.com/open?id=0B8V9PkAm4QfTWEx0bmM0ZEVtQ00', 'docx', 23, 190, NULL, NULL),
(179, 'لیسنینگ تکراری Birds'' Migration Complete', '', 'https://drive.google.com/open?id=0B8V9PkAm4QfTY1MyS2ZwZWM1ZU0', 'docx', 23, 191, NULL, NULL),
(180, ' لیسنینگ تکراری Glial Cell Complete', '', 'https://drive.google.com/open?id=0B8V9PkAm4QfTclR6aTBBQXBJOTA', 'docx', 23, 192, NULL, NULL),
(181, ' لیسنینگ تکراری Ragtime Music', '', 'https://drive.google.com/open?id=0B8V9PkAm4QfTRHZMLWRJZVN1ZW8', 'docx', 23, 193, NULL, NULL),
(182, ' لیسنینگ تکراری Rafflesia', '', 'https://drive.google.com/open?id=0B8V9PkAm4QfTWXlremdkR2d5Q28', 'docx', 23, 194, NULL, NULL),
(183, 'لیست کلماتی که در محیط دانشگاه استفاده می شوند  Vocabularies Often Used in Campus ', '', 'https://drive.google.com/open?id=0B8V9PkAm4QfTRkE5VXJaTlp1T28', 'pdf', 21, 67, NULL, NULL),
(184, 'معیارهای نمره اسپیکینگ درآزمون تافل آی بی تی  How Your Speaking Is Scored in iBT TOEFL', '', 'https://drive.google.com/open?id=0B8V9PkAm4QfTYmduRUt0aV85eTg', 'pdf', 21, 1, NULL, NULL),
(185, 'ایده هایی مناسب برای مهارت های اسپیکینگ و رایتینگ  Some Good Ideas for Speaking and Writing', '', 'https://drive.google.com/open?id=0B8V9PkAm4QfTSGNadGt2enR4ZTg', 'pdf', 21, 4, NULL, NULL),
(186, 'ایده هایی مناسب برای مهارت های اسپیکینگ و رایتینگ Good Ideas for Speaking and Writing', '', 'https://drive.google.com/open?id=0B8V9PkAm4QfTSGNadGt2enR4ZTg', 'pdf', 22, 179, NULL, NULL),
(190, 'Master the GRE 2014 - Peterson', '', 'https://drive.google.com/open?id=0B8V9PkAm4QfTdWpIY1FuYnczck0', 'pdf', 32, 198, NULL, NULL),
(195, 'The Official Guide fot GMAT Review 2015 - Wiley Publication', '', 'https://drive.google.com/open?id=0B8V9PkAm4QfTQUpmY2l6UjV1NlE', 'pdf', 54, 195, NULL, NULL),
(196, 'نمونه رایتینگ Argument جی آر ای و روش نمره دهی به آنها', '', 'https://drive.google.com/open?id=0B8V9PkAm4QfTcnNBMXhxUmhKWE0', 'pdf', 32, 196, NULL, NULL),
(203, 'فلش کارد پیشوندها، پسوندها، و ریشه کلمات انگلیسی', '', 'https://drive.google.com/open?id=0B8V9PkAm4QfTcXB3MWp5UW80NmM', 'pdf', 40, 199, NULL, NULL),
(204, 'پیشوندها، پسوندها، و ریشه کلمات انگلیسی', '', 'https://drive.google.com/open?id=0B8V9PkAm4QfTZ29oVHpRUGpIOUE', 'pdf', 40, 200, NULL, NULL),
(205, 'فلش کارت پیشوندها، پسوندها، و ریشه کلمات انگلیسی Word Roots, Prefixes & Suffixes Flashcards', '', 'https://drive.google.com/open?id=0B8V9PkAm4QfTcXB3MWp5UW80NmM', 'pdf', 30, 201, '', NULL),
(206, 'پیشوندها، پسوندها، و ریشه کلمات انگلیسی  English Language Roots, Prefixes & Suffixes', '', 'https://drive.google.com/open?id=0B8V9PkAm4QfTZ29oVHpRUGpIOUE', 'pdf', 30, 202, NULL, NULL);
INSERT INTO `ym_class_category_file_links` (`id`, `title`, `summary`, `link`, `file_type`, `category_id`, `order`, `link_size`, `image`) VALUES
(207, '15 روز تمرین مهارت اسپیکینگ آیلتس (جنرال و آکادمیک)', '', 'https://drive.google.com/open?id=0B8V9PkAm4QfTblBCZHZKSkVXVTQ', 'pdf', 52, 164, NULL, NULL),
(208, 'فایل صوتی 15 روز تمرین مهارت اسپیکینگ آیلتس (جنرال و آکادمیک)', '', 'https://drive.google.com/open?id=0B8V9PkAm4QfTd0YtajhHZ3Zxekk', 'rar', 52, 165, NULL, NULL),
(209, 'کتاب رایتینگ کالینز', '', 'https://drive.google.com/open?id=0B8V9PkAm4QfTbk9LX1E2QVJxZW8', 'pdf', 53, 203, '7 MB', NULL),
(210, 'کتاب کلمات آیلتس مک میلان', '', 'https://drive.google.com/open?id=0B8V9PkAm4QfTZHptSmcwOGZmTlE', 'pdf', 34, 204, NULL, NULL),
(211, 'کتاب کلمات آیلتس بارونز', '', 'https://drive.google.com/open?id=0B8V9PkAm4QfTSmdab3ctamd1ZlE', 'pdf', 34, 205, NULL, NULL),
(212, 'راهنمای امتحان آیلتس (کمبریج)', '', 'https://drive.google.com/open?id=0B8V9PkAm4QfTczhXVU1wUUlCa3M', 'pdf', 29, 206, NULL, NULL),
(213, 'کتاب گرامر بتی آذر', '', 'https://drive.google.com/open?id=0B8V9PkAm4QfTZ1llYVNKalZZYjQ', 'pdf', 44, 207, NULL, NULL),
(214, 'دلایل خوب برای اسپیکینگ (سوال 1 و 2)  Good Reasons for Speaking Task 1 & 2', 'این فایل دلایل نسبتا خوبی برای سوال 1 و2 اسپیکینگ ارائه میدهد.', 'https://drive.google.com/open?id=0B8V9PkAm4QfTS2hLRDVDOGI4c1k', 'docx', 21, 2, NULL, NULL),
(215, 'لیست انواع بیماری ها با تلفظ آمریکایی و بریتانیایی همراه با ترجمه فارسی', '', 'https://drive.google.com/open?id=0B8V9PkAm4QfTcnM4em05WWtjZ1E', 'docx', 20, 208, NULL, NULL),
(216, 'فیلم آشنایی با آزمون تافل آی بی تی توسط دانشجویان امیرکبیر iBT TOEFL Procedures and Preparation', 'در این فایل، که توسط جمعی از دانشجویان دانشگاه امیرکبیر - میلاد محمد زاده و میثم شهرباف -  در سال ۹۱ تهیه شده، توضیحات  نسبتا خوبی درباره آزمون تافل ارائه شده.', 'https://drive.google.com/open?id=0B8V9PkAm4QfTNlltRjZWaXN6LUU', 'mp4', 26, 33, NULL, NULL),
(217, 'دوره اسپیکینگ آیلتس، جلسه اول، بخش اول، موسسه آوای شهیر (ایزدی فر)', 'در راستای اهداف آموزشی سایت آموزشگاه آوای شهیر و خدمت رسانی به دواطلبان آزمون آیلتس، به ویژه آن دسته از عزیزانی که به دلایل مختلف به کلاس های آماده سازی این آزمون دسترسی ندارند، در این بخش کورس ویدیویی آماده سازی بخش اسپیکینگ آزمون که توسط دانشگاه کویینزلند آماده شده اراِئه میگردد. ایزدیفر\r\nلازم به ذکر است که این کورس توسط دانشگاه کویینزلند‌استرالیا ارائه شده است.\r\nموفق باشید\r\nایزدی فر', 'https://drive.google.com/open?id=0B8V9PkAm4QfTcmNYNk91T2dYR1k', 'mp4', 52, 142, NULL, NULL),
(218, 'دوره اسپیکینگ آیلتس، جلسه اول، بخش دوم، موسسه آوای شهیر (ایزدی فر)', '', 'https://drive.google.com/open?id=0B8V9PkAm4QfTUU03dEpxbExkWFE', 'mp4', 52, 143, NULL, NULL),
(219, 'دوره اسپیکینگ آیلتس، جلسه دوم، بخش اول، موسسه آوای شهیر (ایزدی فر)', '', 'https://drive.google.com/open?id=0B8V9PkAm4QfTX2NWWEZKRzFkdDQ', 'mp4', 52, 144, NULL, NULL),
(220, 'دوره اسپیکینگ آیلتس، جلسه دوم، بخش دوم، موسسه آوای شهیر (ایزدی فر)', '', 'https://drive.google.com/open?id=0B8V9PkAm4QfTWC00ZlIwNW91RDQ', 'mp4', 52, 145, NULL, NULL),
(221, 'دوره اسپیکینگ آیلتس، جلسه دوم، بخش سوم، موسسه آوای شهیر (ایزدی فر)', '', 'https://drive.google.com/open?id=0B8V9PkAm4QfTaTMxUnF2aWtqTUE', 'mp4', 52, 146, NULL, NULL),
(222, 'دوره اسپیکینگ آیلتس، جلسه دوم، بخش چهارم، موسسه آوای شهیر (ایزدی فر)', '', 'https://drive.google.com/open?id=0B8V9PkAm4QfTb0UwMEUxRVNYZHc', 'mp4', 52, 147, NULL, NULL),
(223, 'دوره اسپیکینگ آیلتس، جلسه دوم، بخش پنجم، موسسه آوای شهیر (ایزدی فر)', '', 'https://drive.google.com/open?id=0B8V9PkAm4QfTVTIxdEJZN2E3MFk', 'mp4', 52, 148, NULL, NULL),
(224, 'دوره اسپیکینگ آیلتس، جلسه دوم، بخش ششم، موسسه آوای شهیر (ایزدی فر)', '', 'https://drive.google.com/open?id=0B8V9PkAm4QfTZmJFLVd0OTRQams', 'mp4', 52, 149, NULL, NULL),
(225, 'دوره اسپیکینگ آیلتس، جلسه دوم، بخش هفتم، موسسه آوای شهیر (ایزدی فر)', '', 'https://drive.google.com/open?id=0B8V9PkAm4QfTZWtRdlNCRURuSlk', 'mp4', 52, 150, NULL, NULL),
(226, 'دوره اسپیکینگ آیلتس، جلسه دوم، بخش هشتم، موسسه آوای شهیر (ایزدی فر)', '', 'https://drive.google.com/open?id=0B8V9PkAm4QfTckVwblM5UGtaNkU', 'mp4', 52, 151, NULL, NULL),
(227, 'دوره اسپیکینگ آیلتس، جلسه دوم، بخش نهم، موسسه آوای شهیر (ایزدی فر)', '', 'https://drive.google.com/open?id=0B8V9PkAm4QfTT0dadWZoSE5JMms', 'mp4', 52, 152, NULL, NULL),
(228, 'دوره اسپیکینگ آیلتس، جلسه سوم، بخش اول، موسسه آوای شهیر (ایزدی فر)', '', 'https://drive.google.com/open?id=0B8V9PkAm4QfTcG9Ea2ZTaDN4cjA', 'mp4', 52, 153, NULL, NULL),
(229, 'دوره اسپیکینگ آیلتس، جلسه سوم، بخش دوم، موسسه آوای شهیر (ایزدی فر)', '', 'https://drive.google.com/open?id=0B8V9PkAm4QfTeUM4TWpHTi1wa0E', 'mp4', 52, 154, NULL, NULL),
(230, 'دوره اسپیکینگ آیلتس، جلسه سوم، بخش سوم، موسسه آوای شهیر (ایزدی فر)', '', 'https://drive.google.com/open?id=0B8V9PkAm4QfTUkhXdVlNOEtxZDg', 'mp4', 52, 155, NULL, NULL),
(231, 'دوره اسپیکینگ آیلتس، جلسه سوم، بخش چهارم، موسسه آوای شهیر (ایزدی فر)', '', 'https://drive.google.com/open?id=https://drive.google.com/open?id=0B8V9PkAm4QfTQUhwMzlWWnRwME0', 'mp4', 52, 156, NULL, NULL),
(232, 'دوره اسپیکینگ آیلتس، جلسه سوم، بخش پنجم، موسسه آوای شهیر (ایزدی فر)', '', 'https://drive.google.com/open?id=0B8V9PkAm4QfTSXM1elNsUHpWLU0', 'mp4', 52, 157, NULL, NULL),
(233, 'دوره اسپیکینگ آیلتس، جلسه چهارم، بخش اول، موسسه آوای شهیر (ایزدی فر)', '', 'https://drive.google.com/open?id=0B8V9PkAm4QfTMVBTc09TaUJkcWc', 'mp4', 52, 158, NULL, NULL),
(234, 'دوره اسپیکینگ آیلتس، جلسه چهارم، بخش دوم، موسسه آوای شهیر (ایزدی فر)', '', 'https://drive.google.com/open?id=0B8V9PkAm4QfTc0pyM2ZoWnpUejQ', 'mp4', 52, 159, NULL, NULL),
(235, 'دوره اسپیکینگ آیلتس، جلسه چهارم، بخش سوم، موسسه آوای شهیر (ایزدی فر)', '', 'https://drive.google.com/open?id=0B8V9PkAm4QfTQlh5M2stakZOUFk', 'mp4', 52, 160, NULL, NULL),
(236, 'دوره اسپیکینگ آیلتس، جلسه چهارم، بخش چهارم، موسسه آوای شهیر (ایزدی فر)', '', 'https://drive.google.com/open?id=0B8V9PkAm4QfTTnQwZGJWTTRzQ28', 'mp4', 52, 161, NULL, NULL),
(237, 'دوره اسپیکینگ آیلتس، جلسه چهارم، بخش پنجم، موسسه آوای شهیر (ایزدی فر)', '', 'https://drive.google.com/open?id=0B8V9PkAm4QfTaThfbVV3eW9HY0U', 'mp4', 52, 162, NULL, NULL),
(238, 'دوره اسپیکینگ آیلتس، جلسه پنجم، موسسه آوای شهیر (ایزدی فر)', '', 'https://drive.google.com/open?id=0B8V9PkAm4QfTUmNTTmI4c1FhWlk', 'mp4', 52, 163, NULL, NULL),
(239, 'دوره لیسنینگ آیلتس، جلسه اول، بخش اول، موسسه آوای شهیر(ایزدی فر)', 'در راستای اهداف آموزشی سایت آموزشگاه آوای شهیر و خدمت رسانی به دواطلبان آزمون آیلتس، به ویژه آن دسته از عزیزانی که به دلایل مختلف به کلاس های آماده سازی این آزمون دسترسی ندارند، در این بخش کورس ویدیویی آماده سازی بخش لیسنینگ آزمون که توسط دانشگاه کویینزلند آماده شده اراِئه میگردد. ایزدیفر\r\n', 'https://drive.google.com/open?id=0B8V9PkAm4QfTYXJ5ZnB6NGpmTms', 'mp4', 45, 209, NULL, NULL),
(240, 'دوره لیسنینگ آیلتس، جلسه اول، بخش دوم، موسسه آوای شهیر(ایزدی فر)', '', 'https://drive.google.com/open?id=0B8V9PkAm4QfTT3lKdDFfeEJBdTA', 'mp4', 45, 210, NULL, NULL),
(241, 'دوره لیسنینگ آیلتس، جلسه اول، بخش سوم، موسسه آوای شهیر(ایزدی فر)', '', 'https://drive.google.com/open?id=0B8V9PkAm4QfTaGtCNVJTMmhwZTQ', 'mp4', 45, 211, NULL, NULL),
(242, 'دوره لیسنینگ آیلتس، جلسه دوم، بخش اول، موسسه آوای شهیر (ایزدی فر)', '', 'https://drive.google.com/open?id=0B8V9PkAm4QfTQXZUUDh4d3V6WWc', 'mp4', 45, 212, NULL, NULL),
(243, 'دوره لیسنینگ آیلتس، جلسه دوم، بخش دوم، موسسه آوای شهیر (ایزدی فر)', '', 'https://drive.google.com/open?id=0B8V9PkAm4QfTSFJwNlFLbWt0MlE', 'mp4', 45, 213, NULL, NULL),
(244, 'دوره لیسنینگ آیلتس، جلسه دوم، بخش سوم، موسسه آوای شهیر (ایزدی فر)', '', 'https://drive.google.com/open?id=0B8V9PkAm4QfTZTlJbDh2dEdlbms', 'mp4', 45, 214, NULL, NULL),
(245, 'دوره لیسنینگ آیلتس، جلسه دوم، بخش چهارم، موسسه آوای شهیر (ایزدی فر)', '', 'https://drive.google.com/open?id=0B8V9PkAm4QfTdG9uMTVNQXFvOXc', 'mp4', 45, 215, NULL, NULL),
(246, 'دوره لیسنینگ آیلتس، جلسه دوم، بخش پنجم، موسسه آوای شهیر(ایزدی فر)', '', 'https://drive.google.com/open?id=0B8V9PkAm4QfTYTJXVVJTbmJsUVE', 'mp4', 45, 216, NULL, NULL),
(247, 'دوره لیسنینگ آیلتس، جلسه دوم، بخش ششم، موسسه آوای شهیر(ایزدی فر)', '', 'https://drive.google.com/open?id=0B8V9PkAm4QfTSENPZ2g2bExCNFU', 'mp4', 45, 217, NULL, NULL),
(248, 'دوره لیسنینگ آیلتس، جلسه دوم، بخش هفتم، موسسه آوای شهیر(ایزدی فر)', '', 'https://drive.google.com/open?id=0B8V9PkAm4QfTUi0xY08tWlh3V1k', 'mp4', 45, 218, NULL, NULL),
(249, 'دوره لیسنینگ آیلتس، جلسه سوم، بخش اول، موسسه آوای شهیر(ایزدی فر)', '', 'https://drive.google.com/open?id=0B8V9PkAm4QfTZlJqVWViNlA1cmc', 'mp4', 45, 219, NULL, NULL),
(250, 'دوره لیسنینگ آیلتس، جلسه سوم، بخش دوم، موسسه آوای شهیر(ایزدی فر)', '', 'https://drive.google.com/open?id=0B8V9PkAm4QfTTEpyTzl0a09SSms', 'mp4', 45, 220, NULL, NULL),
(251, 'دوره لیسنینگ آیلتس، جلسه سوم، بخش سوم، موسسه آوای شهیر(ایزدی فر)', '', 'https://drive.google.com/open?id=0B8V9PkAm4QfTNHBsd2NIRVFaY28', 'mp4', 45, 221, NULL, NULL),
(252, 'دوره لیسنینگ آیلتس، جلسه سوم، بخش چهارم، موسسه آوای شهیر(ایزدی فر)', '', 'https://drive.google.com/open?id=0B8V9PkAm4QfTeDZjclNTNGZuN28', 'mp4', 45, 222, NULL, NULL),
(253, 'دوره لیسنینگ آیلتس، جلسه چهارم، بخش اول، موسسه آوای شهیر(ایزدی فر)', '', 'https://drive.google.com/open?id=0B8V9PkAm4QfTYy1ubVFRaDNBVWM', 'mp4', 45, 223, NULL, NULL),
(254, 'دوره لیسنینگ آیلتس، جلسه چهارم، بخش دوم، موسسه آوای شهیر (ایزدی فر)', '', 'https://drive.google.com/open?id=0B8V9PkAm4QfTNXR0dThWLWJvWEk', 'mp4', 45, 224, NULL, NULL),
(255, 'دوره لیسنینگ آیلتس، جلسه چهارم، بخش سوم، موسسه آوای شهیر (ایزدی فر)', '', 'https://drive.google.com/open?id=0B8V9PkAm4QfTWFlHTjlMRE13NGM', 'mp4', 45, 225, NULL, NULL),
(256, 'دوره لیسنینگ آیلتس، جلسه چهارم، بخش چهارم، موسسه آوای شهیر (ایزدی فر)', '', 'https://drive.google.com/open?id=0B8V9PkAm4QfTVl9lZ1RpNnVNaVE', 'mp4', 45, 226, NULL, NULL),
(257, 'دوره لیسینگ آیلتس، جلسه پنجم، بخش اول، موسسه آوای شهیر (ایزدی فر)', '', 'https://drive.google.com/open?id=0B8V9PkAm4QfTcjRTcjgxdVE3b2c', 'mp4', 45, 227, NULL, NULL),
(258, '(دوره لیسنینگ آیلتس، جلسه پنجم، بخش دوم، موسسه آوای شهیر(ایزدی فر', '', 'https://drive.google.com/open?id=0B8V9PkAm4QfTQ2NwVVktV3ZOYnc', 'mp4', 45, 228, NULL, NULL),
(259, 'دوره لیسنینگ آیلتس، جلسه پنجم، بخش سوم، موسسه آوای شهیر(ایزدی فر)', '', 'https://drive.google.com/open?id=0B8V9PkAm4QfTaUo3aEROSUdwWm8', 'mp4', 45, 229, NULL, NULL),
(260, 'دوره لیسنینگ آیلتس، جلسه ششم، بخش اول، موسسه آوای شهیر (ایزدی فر)', '', 'https://drive.google.com/open?id=0B8V9PkAm4QfTajA2TFROdW0xV2M', 'mp4', 45, 230, NULL, NULL),
(261, 'دوره لیسنینگ آیلتس، جلسه ششم، بخش دوم، موسسه آوای شهیر (ایزدی فر)', '', 'https://drive.google.com/open?id=0B8V9PkAm4QfTenVVeVh1b3dITzg', 'mp4', 45, 231, NULL, NULL),
(262, 'دوره لیسنینگ آیلتس، جلسه ششم، بخش سوم، موسسه آوای شهیر (ایزدی فر)', '', 'https://drive.google.com/open?id=0B8V9PkAm4QfTZkI2enVRQ2lJVVk', 'mp4', 45, 232, NULL, NULL),
(263, 'دوره لیسنینگ آیلتس،جمع بندی، موسسه آوای شهیر (ایزدی فر)', '', 'https://drive.google.com/open?id=0B8V9PkAm4QfTZVZIMFlZTWF2ajA', 'mp4', 45, 233, NULL, NULL),
(264, 'رئوس مطالب و برنامه درسی رایتینگ جی آر ای ', '', 'https://drive.google.com/open?id=0B8V9PkAm4QfTQ29mVzQwdnJFak0', 'pdf', 32, 56, NULL, NULL),
(265, 'فایل پی دی اف کتاب IELTS Test Builder 1', 'کتاب تست بیلدر 1 یکی از بهترین کتاب های تست موجود می باشد که مناسب آن دسته از عزیزانی است که به دنبال کسب نمره بالای 6 می باشند. این کتاب، با ارائه 4 مجموعه سوال و بررسی گام به گام  پاسخ ها، به آن دسته از داوطلبین آزمون آیلتس پیشنهاد می شود که علاقه مند ب', 'https://drive.google.com/open?id=0B8V9PkAm4QfTR2d3VGZxQ1ZjNXc', 'pdf', 58, 234, NULL, NULL),
(266, 'فایل صوتی کتاب IELTS Test Builder 1', 'کتاب تست بیلدر 1 یکی از بهترین کتاب های تست موجود می باشد که مناسب آن دسته از عزیزانی است که به دنبال کسب نمره بالای 6 می باشند. این کتاب، با ارائه 4 مجموعه سوال و بررسی گام به گام  پاسخ ها، به آن دسته از داوطلبین آزمون آیلتس پیشنهاد می شود که علاقه مند به شروع تمرین تست زنی هستند.', 'https://drive.google.com/open?id=0B8V9PkAm4QfTVXB3NVhHNW1JdXM', 'zip', 58, 235, NULL, NULL),
(267, 'فایل پی دی اف کتاب IELTS Test Builder 2', 'کتاب آیلتس تست بیلدر 2 که کتال دوم مجموعه تست بیلدر می باشد، همچون کتاب اول این مجموعه، مناسب آن دسته از عزیزانی است که در سطح 4.5 و بالاتر آیلتس هستند و به دنبال رسیدن به نمره 6 و بالاتر می باشند.', 'https://drive.google.com/open?id=0B8V9PkAm4QfTX2ZOMWFuODhLSU0', 'pdf', 58, 236, NULL, NULL),
(268, 'فایل صوتی کتاب IELTS Test Builder 2', 'کتاب آیلتس تست بیلدر 2 که کتال دوم مجموعه تست بیلدر می باشد، همچون کتاب اول این مجموعه، مناسب آن دسته از عزیزانی است که در سطح 4.5 و بالاتر آیلتس هستند و به دنبال رسیدن به نمره 6 و بالاتر می باشند.', 'https://drive.google.com/open?id=0B8V9PkAm4QfTYkZ4WHMyM21uLUk', 'zip', 58, 237, NULL, NULL),
(269, 'فایل پی دی اف کتاب IELTS Trainer', 'کتاب آیلتس ترینر یکی از بهترین کتاب های تست آماده سازی آزمون آیلتس می باشد که علاوه بر ارائه شش مجموعه تست کامل، راهنمایی ها و تکنیک های فوق العاده ای را در اختیار داوطلبان آزمون آیلتس قرار می دهد و موفقیت آنان را در این آزمون تضمین می کند.', 'https://drive.google.com/open?id=0B8V9PkAm4QfTWVFxOTAwb3ItQnM', 'pdf', 58, 238, NULL, NULL),
(270, 'فایل صوتی کتاب IELTS Trainer', 'کتاب آیلتس ترینر یکی از بهترین کتاب های تست آماده سازی آزمون آیلتس می باشد که علاوه بر ارائه شش مجموعه تست کامل، راهنمایی ها و تکنیک های فوق العاده ای را در اختیار داوطلبان آزمون آیلتس قرار می دهد و موفقیت آنان را در این آزمون تضمین می کند.', 'https://drive.google.com/open?id=0B8V9PkAm4QfTTy1UelJwODJNa3M', 'zip', 58, 239, NULL, NULL),
(273, 'فایل پی دی اف کتاب Cambridge Vocabulary for IELTS Advanced', 'کتاب Cambridge Vocabulary for IELTS Advanced مناسب آن دسته از عزیزانی است که به دنبال کسب نمره 6.5 و بالاتر می باشند.', 'https://drive.google.com/open?id=0B8V9PkAm4QfTMXhfWmJtQ2YyLWM', 'pdf', 34, 62, NULL, NULL),
(274, 'فایل صوتی کتاب Cambridge Vocabulary for IELTS Advanced', 'کتاب Cambridge Vocabulary for IELTS Advanced مناسب آن دسته از عزیزانی است که به دنبال کسب نمره 6.5 و بالاتر می باشند.', 'https://drive.google.com/open?id=0B8V9PkAm4QfTME9ZSFF2WnBoZVU', 'zip', 34, 63, NULL, NULL),
(275, 'فایل پی دی اف کتاب Cambridge IELTS 11', 'ورژن آکادمیک کتابCambridge IELTS 11 چهار مجموعه تست تایید شده را در اختیار علاقه مندان به شرکت در این آزمون قرار می دهد.', 'https://drive.google.com/open?id=0B8V9PkAm4QfTU0dObFN3R3dCLTA', 'pdf', 58, 240, NULL, NULL),
(276, 'فایل صوتی کتاب Cambridge IELTS 11', 'ورژن آکادمیک کتابCambridge IELTS 11 چهار مجموعه تست تایید شده را در اختیار علاقه مندان به شرکت در این آزمون قرار می دهد.', 'https://drive.google.com/open?id=0B8V9PkAm4QfTTjVqNTRScDg3b0U', 'rar', 58, 241, NULL, NULL),
(277, 'فایل پی دی اف کتاب IELTS Advantage', 'کتاب IELTS Advantage: Writing Skills کتاب جامعی است برای آن دسته از داوطلبانی که به دنبال کسب نمره 6.5 و بالاتر در بخش رایتینگ آزمون آیلتس می باشند.', 'https://drive.google.com/open?id=0B8V9PkAm4QfTRkY3VzZXeDF4SEk', 'pdf', 53, 242, NULL, NULL),
(278, 'فایل پی دی اف کتاب IELTS Write Right', 'کتابی بسیار مفید برای بخش رایتینگ آزمون آیلتس', 'https://drive.google.com/open?id=0B8V9PkAm4QfTSUlMcFNrajBETnM', 'pdf', 53, 243, '3 MB', '76l6E1480710783.jpg'),
(279, 'فایل پی دی اف کتاب Collins Get Ready for IELTS Writing', 'کتاب Collins Get Ready for IELTS Writing مناسب آن دسته از عزیزانی است که سطح زبانی آنها pre-intermediate  می باشد.', 'https://drive.google.com/open?id=0B8V9PkAm4QfTV29xOC1uM0hXU3c', 'pdf', 53, 244, NULL, NULL),
(280, 'فایل پی دی اف کتاب Cambridge Top Tips for IELTS Academic', 'کتاب Top Tips for IELTS Academic در بر دارنده نکاتی مهم، ارزنده، و راه گشا در مورد ماژول آکادمیک آیلتس می باشد.', 'https://drive.google.com/open?id=0B8V9PkAm4QfTbGdjOW5FdENmbTA', 'pdf', 59, 245, '29 MB', NULL),
(281, 'فایل پی دی اف کتاب Ready for IELTS', 'کتاب  Ready for IELTS شما را گام به گام و با استفاده از روشی موثر با IELTS آشنا می کند. این کتاب از بهترین کورس های موجود در زمینه ی آیلتس می باشد.', 'https://drive.google.com/open?id=0B8V9PkAm4QfTTDU0Q1R4Y05aSlU', 'pdf', 59, 246, '91 MB', NULL),
(282, 'فایل صوتی کتاب Ready for IELTS', 'کتاب  Ready for IELTS شما را گام به گام و با استفاده از روشی موثر با IELTS آشنا می کند. این کتاب از بهترین کورس های موجود در زمینه ی آیلتس می باشد.', 'https://drive.google.com/open?id=0B8V9PkAm4QfTMXhUcGgxMnRRX1U', 'rar', 59, 247, '37 MB', NULL),
(283, 'مجموعه تست های تی پی او (از1 تا 48) ', 'این مجموعه تست ها از امتحان های اصلی تافل ای بی تی گرفته شده که انجام دادن تست های آن به شدت توصیه می گردد. ', 'https://drive.google.com/open?id=0B8V9PkAm4QfTLXBhNGV4bkFZR1U', 'rar', 20, 173, NULL, NULL),
(284, 'مجموعه تست های تی پی او (از 1 تا 48)  TPO Tests from 1 to 48 ', 'این مجموعه تست ها از امتحان های اصلی تافل ای بی تی گرفته شده که انجام دادن تست های آن به شدت توصیه می گردد.', 'https://drive.google.com/open?id=0B8V9PkAm4QfTLXBhNGV4bkFZR1U', 'rar', 23, 105, NULL, NULL),
(285, 'فایل پی دی اف کتاب Collins Speaking for IELTS', 'اگر به دنبال کسب نمره اسپیکینگ هفت هستید، کتاب Collins Speaking for IELTS  کمک بزرگی به موفقیت شما می کند.', 'https://drive.google.com/open?id=0B8V9PkAm4QfTMHhQN3hnQ216Zk0', 'pdf', 52, 140, NULL, NULL),
(286, 'فایل صوتی کتاب Collins Speaking for IELTS', 'اگر به دنبال کسب نمره اسپیکینگ هفت هستید، کتاب Collins Speaking for IELTS  کمک بزرگی به موفقیت شما می کند.', 'https://drive.google.com/open?id=0B8V9PkAm4QfTNWhBWmJOVVA0SFU', 'zip', 52, 141, NULL, NULL),
(287, 'نرم افزار تی پی او برای سیستم های مک (اپل) 1 تا 36  TPO Software for Mac (Apple) 1 to 36', '', 'https://drive.google.com/open?id=0B8V9PkAm4QfTa3MtcDZmNWhIajg', 'rar', 20, 174, NULL, NULL),
(288, 'نرم افزار تی پی او برای سیستم های مک (اپل) 1 تا 36  TPO Software for Mac (Apple) 1 to 36', '', 'https://drive.google.com/open?id=0B8V9PkAm4QfTa3MtcDZmNWhIajg', 'rar', 23, 106, NULL, NULL),
(309, 'نرم افزار آزمون جی آر ای GRE Test Software', 'در این نرم افزار فوق العاده، چندین نمونه سوالات آزمون جی آر ای در سه سطح آسان، متوسط و دشوار ارائه شده است که یادگیری مطالب رو بسیار آسان میکند.', 'https://drive.google.com/open?id=0B8V9PkAm4QfTZFpuRTYweVI5aVk', 'rar', 32, 52, '32 MB', NULL),
(310, 'نرم افزار GPO برای آزمون جی آر ای (نسخه ویندوز)', 'در این نرم افزار فوق العاده، 12نمونه سوال آزمون جی آر ای ارائه شده است که تمامی آیتم های جی آر ای را در بر می گیرد. البته این نسخه آزمایشی است و فقط یک تست کامل دارد. نسخه اصلی قابل خریداری است.', 'https://drive.google.com/open?id=0B8V9PkAm4QfTR3BfOVEyZlI1Szg', 'rar', 32, 54, '8 MB', NULL),
(311, 'نرم افزار GPO برای آزمون جی آر ای (نسخه اپل - مک)', 'در این نرم افزار فوق العاده، 12نمونه سوال آزمون جی آر ای ارائه شده است که تمامی آیتم های جی آر ای را در بر می گیرد. البته این نسخه آزمایشی است و فقط یک تست کامل دارد. نسخه اصلی قابل خریداری است.', 'https://drive.google.com/open?id=0B8V9PkAm4QfTc1V1WDVRQTg1cFE', 'rar', 32, 55, '8 MB', NULL),
(312, '500 واژه ضروری منهتن 1  500 Essential Words Manhattan Prep ', '', 'https://drive.google.com/open?id=0B8V9PkAm4QfTbUNUa0V4VnEzbVk', 'rar', 55, 264, '1 MB', NULL),
(313, '  500 واژه ضروری منهتن 2   500 Advanced Words Manhattan Prep ', '', 'https://drive.google.com/open?id=0B8V9PkAm4QfTTEJUYXRKa2hhVU0', 'jpeg', 55, 265, '1 MB', NULL),
(314, 'واژه نامه ریاضی - تهیه شده توسط جهاد دانشگاهی دانشگاه شریف', '', 'https://drive.google.com/open?id=0B8V9PkAm4QfTeDJlM2tFNzItNkk', 'rar', 57, 274, '2 MB', NULL),
(315, 'خلاصه ای از فرمول های کوانت جی آر ای', '', 'https://drive.google.com/open?id=0B8V9PkAm4QfTc3VSdEl1bkc2WHM', 'rar', 57, 275, '1 MB', NULL),
(316, 'نرم افزار شبیه ساز آزمون جی آر ای  شامل Kaplan, Barron''s, ETS', 'برای استفاده از این نرم افزار باید اول نرم افزار Alcohol و یا Demon را که درایو مجازی میسازند را نصب کنید.\r\nhttps://drive.google.com/open?id=0B8V9PkAm4QfTejN6S1ZWdzRoblk', 'https://drive.google.com/open?id=0B8V9PkAm4QfTaWVIYW84WUxKazg', 'rar', 32, 53, '630 MB', NULL),
(318, 'کتاب The Official Guide to the GRE Verbal Reasoning Practice Questions Vol One', '', 'https://drive.google.com/open?id=0B8V9PkAm4QfTVWJ3SDFCNzdGaE0', 'rar', 32, 46, '3 MB', NULL),
(319, 'کتاب RC GRE Verbal', '', 'https://drive.google.com/open?id=0B8V9PkAm4QfTRGpQYlM1Ny1qWms', 'rar', 32, 49, '1 MB', NULL),
(320, 'کتاب Practice Book for the GRE Paper-based GRE Revised General Test', '', 'https://drive.google.com/open?id=0B8V9PkAm4QfTcjd3V1lNXzRwdWs', 'rar', 32, 48, '1 MB', NULL),
(321, 'نرم افزار POWERPREPIIV2', '', 'https://drive.google.com/open?id=0B8V9PkAm4QfTdGtDcFBINkU1SWc', 'rar', 32, 51, '81 MB', NULL),
(322, 'کتاب Official GRE Quantitative Reasoning Educational Testing Service', '', 'https://drive.google.com/open?id=0B8V9PkAm4QfTWHplRkdVWEZVN28', 'rar', 32, 47, '7 MB', NULL),
(325, 'کتاب Big Book Verbal', '', 'https://drive.google.com/open?id=0B8V9PkAm4QfTbTBFaDV4MTNmeHc', 'rar', 32, 50, '5 MB', NULL),
(328, 'مقدمه ای بر آزمون جی آر ای (Introduction to the GRE (Magoosh ', '', 'https://drive.google.com/open?id=0B8V9PkAm4QfTSTNFbXNCaU1KQ3c', 'rar', 32, 43, '19 MB', NULL),
(329, 'ریدینگ - وکب - و آنالیز متن  (Text Completion - Sentence Equivalence - Vocabulary - Reading Comprehension (Magoosh', '', 'https://drive.google.com/open?id=0B8V9PkAm4QfTcmxySkk5RERIZTg', 'rar', 32, 45, '176 MB', NULL),
(331, 'ویدیوهای آموزشی رایتینگ جی آر ای (Analytical Writing Assessment - AWA  - Argument & Issue (Magoosh', '', 'https://drive.google.com/open?id=0B8V9PkAm4QfTS1RUMklHejU4b28', 'rar', 32, 44, '33 MB', NULL),
(332, 'کتاب کوانت نوا GRE Math Bible - Nova', '', 'https://drive.google.com/open?id=0B8V9PkAm4QfTMjhNaWhPN3RhY0E', 'rar', 57, 268, '2 MB', NULL),
(333, 'کتاب لغت Verbal Advantage (پی دی اف)', 'این کتاب مرجع فوق العاده ای است برای تقویت واژگان جی آر ای که فایل صوتی آن نیز عالی است. ', 'https://drive.google.com/open?id=0B8V9PkAm4QfTRWRLV2h0Z0JGbUE', 'pdf', 55, 280, '3 MB', NULL),
(334, 'فایل های صوتی کتاب Verbal Advantage ', '', 'https://drive.google.com/open?id=0B8V9PkAm4QfTdFhlUmJabkhybTg', 'rar', 55, 283, '446 MB', NULL),
(335, 'فلش کارت پیشوندها، پسوندها، و ریشه کلمات انگلیسی', '', 'https://drive.google.com/open?id=0B8V9PkAm4QfTcXB3MWp5UW80NmM', 'pdf', 55, 287, '724 KB', NULL),
(336, 'پیشوندها، پسوندها، و ریشه کلمات انگلیسی', '', 'https://drive.google.com/open?id=0B8V9PkAm4QfTZ29oVHpRUGpIOUE', 'pdf', 55, 288, '100 KB', NULL),
(337, 'رئوس مطالب و برنامه درسی واژگان جی آر ای', 'کلاس واژه سازي\r\n\r\nيکي از بزرگترين مشکلاتي که داوطلبان آيلتس، تافل، و جي آر اي با آن روبرو هستند لغت است. اغراق نخواهد بود اگر بگوييم که کار يادگيري لغت آنقدر دشوار است که داوطلبان زيادي راهي بجز دوري و يا به تعويق انداختن امتحان ندارند. با اين حال، راههايي وجود دارند که مي توانند میزان چالش را براي داوطلبان کاهش دهند و يکي از بهترين روشها يادگيري واژگان از طريق واژه سازي است. برنامه درسي پيشنهادي موسسه آواي شهير ميانبري براي فراگيري 1200 واژه انگليسي در تنها هشت جلسه است. نگاهي ساده به اين برنامه نشان مي دهد که واژگان نمونه ذکر شده کلمات ساده اي نيستند و مي توانند هر داوطلبي را به چالش بکشند. با اين وجود، بجاي بي انگيزه نمودن فراگيران، مدرس دوره واژگان را به گونه اي چيده است که مي توانند تجربه يادگيري را تلاشي بسيار جالب و سازنده نمايد. هر جلسه به سه بخش تقسيم شده است: تمرکز بخش اول بر روي پيشوندها و پسوندها به همراه انگاره هاي اصلي است. بخش هاي دوم و سوم به گونه اي موزون مرتب شده اند تا دامنه وسيعي از لغات را در بر بگيرند بدون اينکه کنجکاوي داوطلبان را تهديد نمايند. همچنين در بخش دوم قسمتي تعبيه شده است که به کلمات انگليسي قرض گرفته از ساير زبانها مي پردازد. لازم به ذکر است که داوطلبان 10 لغت مشتق شده از هر واژه را مرور ميکنند. بدين معني که آنان 150 لغت در هر جلسه ياد مي گيرند. برگه هاي تمريني نيز به همراه جزوه دوره وجود دارند تا داوطلبان را در فراگيري واژگان بصورت موثر و  کارآمد ياري نمايند.\r\nحسين خضرلو', 'https://drive.google.com/open?id=0B8V9PkAm4QfTMXJvdEVySlZQcEU', 'pdf', 55, 289, '124 KB', NULL),
(338, 'پیشوندها، پسوندها، و ریشه کلمات انگلیسی  Prefixes, Suffixes, and Common Word Roots 1', '', 'https://drive.google.com/open?id=0B8V9PkAm4QfTVkhkUUZsWTA1S00', 'pdf', 55, 284, '62 KB', NULL),
(339, 'پیشوندها، پسوندها، و ریشه کلمات انگلیسی  Prefixes, Suffixes, and Common Word Roots 2', '', 'https://drive.google.com/open?id=0B8V9PkAm4QfTYlF2S0pOZHpBQmM', 'pdf', 55, 285, '187 KB', NULL),
(340, 'پیشوندها، پسوندها، و ریشه کلمات انگلیسی  Prefixes, Suffixes, and Common Word Roots 3', '', 'https://drive.google.com/open?id=0B8V9PkAm4QfTYy0wWlJLbndRS2c', 'pdf', 55, 286, '253 KB', NULL),
(341, 'کتاب Arthur Benjamin, Michael Shermer - Secrets of Mental Math', '', 'https://drive.google.com/open?id=0B8V9PkAm4QfTLWNzT2tYN2FhZHc', 'pdf', 57, 267, '1 MB', NULL),
(342, 'کتاب Barron''s Essential 800 Words for the GRE', '', 'https://drive.google.com/open?id=0B8V9PkAm4QfTTVVPeUcteVdzT2s', 'pdf', 55, 279, '148 KB', NULL),
(343, 'کتاب Essential Words for the GRE - 2nd Edition - Barron''s', '', 'https://drive.google.com/open?id=0B8V9PkAm4QfTdm9ZUWlmMU1XODQ', 'pdf', 55, 278, '583 KB', NULL),
(344, 'نرم افزار (اندروید) Pocket GRE Math ', '', 'https://drive.google.com/open?id=0B8V9PkAm4QfTcWRQMkFkakJfTTQ', 'apk', 57, 272, '2 MB', NULL),
(346, 'نرم افزار (اندروید) 1300 فرمول ریاضی ', '', 'https://drive.google.com/open?id=0B8V9PkAm4QfTY0d6QVZHVjRPT1E', 'apk', 57, 273, '649 Bytes ', NULL),
(347, 'نرم افزار (اندروید) TOEFL iBT Preparation', '', 'https://drive.google.com/open?id=0B8V9PkAm4QfTWHVLTnFQTjhRX1E', 'apk', 30, 35, '9 MB', NULL),
(349, 'ویدیوی آموزشی بخش کوانت جی آر ای (Quantitative - Algebra - Geometry - Statistics  (Magoosh ', '', 'https://drive.google.com/open?id=0B8V9PkAm4QfTTTB3dU1BOGR3eWs', 'rar', 57, 266, '33 MB', NULL),
(350, 'کتاب The Official Guide to the GRE Revised General Test 2nd Edition', 'کتاب Official Guide اصلی ترین مرجع آزمون جی آر ای است که خود ETS ارائه کرده و تمامی مهارت های آزمون را شامل می شود.', 'https://drive.google.com/open?id=0B8V9PkAm4QfTbVFZbTlIVjAzN1E', 'rar', 65, 290, '2 MB', NULL),
(351, 'مجموعه کتاب های منهتن Manhattan GRE Second Edition Strategy Guides', 'مجموعه کتاب های منهتن یکی از اصلی ترین منابع آزمون جی آر ای است که تمامی مهارت های آزمون را شامل می شود.', 'https://drive.google.com/open?id=0B8V9PkAm4QfTaFljUWQxaGNKaG8', 'rar', 65, 291, '86 MB', NULL),
(352, 'کتاب Manhattan 5lb-2015', 'کتاب Manhattan 5lb-2015 یکی از اصلی ترین منابع آزمون جی آر ای است که تمامی مهارت های آزمون را شامل می شود.', 'https://drive.google.com/open?id=0B8V9PkAm4QfTNVBnNkJVUUJDZDQ', 'rar', 65, 292, '7 MB', NULL),
(371, 'نرم افزار واژگان جی آر ای مگوش GRE Vocabulary Flashcards - Magoosh', '', 'https://drive.google.com/open?id=0B8V9PkAm4QfTcU1hOFdMU3M3eGM', 'apk', 55, 277, '3 MB', NULL),
(372, 'سوالات خیلی سخت کوانت جی آر ای Very Hard Questions ', 'این فایل برای کسانی مناسب است که قصد گرفتن نمره 170 کوانت را دارند.', 'https://drive.google.com/open?id=0B8V9PkAm4QfTb2ZXNW53ZUtwYW8', 'pdf', 57, 269, '7 MG', NULL),
(373, 'سوالات کوانت 112 Quant', 'این فایل برای کسانی مناسب است که قصد گرفتن نمره 170 کوانت را دارند.', 'https://drive.google.com/open?id=0B8V9PkAm4QfTTGZ6djZVWU04VXM', 'pdf', 57, 270, '341 KB', NULL),
(374, 'جزوه ریدینگ کمبریج تهیه شده توسط امیر خادم (فایل ورد و پی دی اف) Reading Workbook', 'این جزوه که تمرینات فوق العاده ای برای بهبود مهارت ریدینگ دارد برای سطوح متوسط و پیشرفته مناسب است.', 'https://drive.google.com/open?id=0B8V9PkAm4QfTSGdYVUsxdUs0cFk', 'rar', 20, 23, '975 KB', NULL),
(375, 'جواب سوالات جزوه ریدینگ کمبریج تهیه شده توسط امیر خادم (فایل ورد و پی دی اف)  Reading Answers', 'این جزوه که تمرینات فوق العاده ای برای بهبود مهارت ریدینگ دارد برای سطوح متوسط و پیشرفته مناسب است.', 'https://drive.google.com/open?id=0B8V9PkAm4QfTb2V2MmZsMWNPZWM', 'rar', 20, 24, '1 MB', NULL),
(376, 'کامل ترین نرم افزار فرمول های جی آر ای', 'این نرم افزار تمام اصطلاحات کوانت جی آر ای را همراه با تلفظ و معنی فارسی و شکل ارائه میدهد. ', 'https://drive.google.com/open?id=0B8V9PkAm4QfTOGNISnpIQnVUbEE', 'apk', 57, 271, '4 MB', NULL),
(377, 'فایل های آموزش مهارت لیسنینگ BBC 6 Minute English-2014 همراه با PDF', 'این فایل ها هم برای یادگیری لهجه بریتانیایی خیلی مفید هستند و برای امتحان تافل ضروری اند.', 'https://drive.google.com/open?id=0B8V9PkAm4QfTekh1dFc1TWlnWGM', 'rar', 23, 109, '289 MB', NULL),
(378, 'فایل های آموزش مهارت لیسنینگ  BBC 6 Minute English-2012 همراه با PDF', 'این فایل ها هم برای یادگیری لهجه بریتانیایی خیلی مفید هستند و برای امتحان تافل ضروری اند.', 'https://drive.google.com/open?id=0B8V9PkAm4QfTV2FTSm85ZURzY0U', 'rar', 23, 110, '114 MB', NULL),
(379, 'فایل های آموزش مهارت لیسنینگ  BBC 6 Minute English-2011 همراه با PDF', 'این فایل ها هم برای یادگیری لهجه بریتانیایی خیلی مفید هستند و برای امتحان تافل ضروری اند.', 'https://drive.google.com/open?id=0B8V9PkAm4QfTZklMdmdvNmlTV3M', 'rar', 23, 111, '235 MB', NULL),
(380, 'فایل های آموزش مهارت لیسنینگ  BBC 6 Minute English-2010 همراه با PDF', 'این فایل ها هم برای یادگیری لهجه بریتانیایی خیلی مفید هستند و برای امتحان تافل ضروری اند.', 'https://drive.google.com/open?id=0B8V9PkAm4QfTUXZtQnlEUWdFcGM', 'rar', 23, 112, '233 MB', NULL),
(381, 'فایل های آموزش مهارت لیسنینگ  BBC 6 Minute English-2009 همراه با PDF', 'این فایل ها هم برای یادگیری لهجه بریتانیایی خیلی مفید هستند و برای امتحان تافل ضروری اند.', 'https://drive.google.com/open?id=0B8V9PkAm4QfTS2M2YnotZ3lrS1k', 'rar', 23, 113, '231 MB', NULL),
(382, 'فایل های آموزش مهارت لیسنینگ  BBC 6 Minute English-2008 همراه با PDF', 'این فایل ها هم برای یادگیری لهجه بریتانیایی خیلی مفید هستند و برای امتحان تافل ضروری اند.', 'https://drive.google.com/open?id=0B8V9PkAm4QfTcWtMcjlGT0RoejA', 'rar', 23, 114, '87 MB', NULL);

-- --------------------------------------------------------

--
-- Table structure for table `ym_class_tags`
--

CREATE TABLE IF NOT EXISTS `ym_class_tags` (
  `id` int(10) unsigned NOT NULL AUTO_INCREMENT,
  `title` varchar(50) CHARACTER SET utf8 COLLATE utf8_persian_ci DEFAULT NULL COMMENT 'عنوان',
  PRIMARY KEY (`id`)
) ENGINE=InnoDB  DEFAULT CHARSET=utf8 AUTO_INCREMENT=869 ;

--
-- Dumping data for table `ym_class_tags`
--

INSERT INTO `ym_class_tags` (`id`, `title`) VALUES
(1, 'تافل'),
(2, 'دوره های تافل آی بی تی'),
(3, 'دوره های تافل آی بی تی_امیر خادم_'),
(4, 'موسسه آوای شهیر_'),
(5, 'TOEFL iBT courses'),
(6, 'Amir Khadem'),
(7, 'دوره های آموزش آیلتس'),
(8, 'موسسه پردیس آوای شهیر'),
(9, 'تخفیف های ویژه'),
(10, 'نت برگ'),
(11, 'شرایط ثبت نام'),
(12, 'گارکاه'),
(13, 'نمونه رایتینگ'),
(14, 'نکات کلیدی'),
(15, 'مدیر موسسه پردیس آوای شهیر: امیر خادم المله'),
(16, 'Avaye Shahir Institute'),
(17, 'Netbarg Site'),
(18, 'writing samples'),
(19, 'IELTS Writing score'),
(20, 'workshop'),
(21, 'students’ writing samples'),
(22, 'key points'),
(23, 'Amir Khadem: Manager of Avaye Shahir Institute'),
(24, 'دوره گرامر Pre-TOEFL & Pre-IELTS'),
(25, 'سطح متوسط'),
(26, 'کلاس های تافل آی بی تی'),
(27, 'آیلتس جنرال و آکادمیک'),
(28, 'جی آر ای'),
(29, 'جی ام ای تی'),
(30, 'تافل دکتری'),
(31, 'Intermediate'),
(32, 'TOEFL iBT'),
(33, 'General and Academic IELTS'),
(34, 'GRE'),
(35, 'GMAT'),
(36, 'PhD TOEFL'),
(37, 'Ph.D. TOEFL'),
(38, 'Pre-TOEFL & Pre-IELTS Grammar Course'),
(39, 'امتحان تافل دکتری'),
(40, 'امتحان تافل پی بی تی'),
(41, 'بخش رایتینگ'),
(42, 'PhD students'),
(43, 'PBT TOEFL (Paper-based TOEFL)'),
(44, 'get a high score in this exam'),
(45, 'GRE Exam'),
(46, 'امتحان جی آر ای'),
(47, 'امیر خادم: مدیر موسسه پردیس آوای شهیر'),
(48, 'different modules of GRE Exam'),
(49, 'Amir Khadem: Manager of Avaye Shahir Institute.'),
(50, 'بهترین منابع امتحان جی ام ای تی (جی مت)'),
(51, 'The best sources for GMAT Exam'),
(52, 'آزمون های تافل، آیلتس، جی آر ای، و جی مت'),
(53, 'کارگاه های حرفه ای مقاله نویسی'),
(54, 'کارگاه های مقاله نویسی'),
(55, 'کارگاه مقاله نویسی'),
(56, 'workshops on such exams as TOEFL'),
(57, ' IELTS'),
(58, ' GRE'),
(59, ' and GMAT'),
(60, 'professional workshops on writing research papers'),
(61, 'اسپیکینگ تافل آی بی تی گروه 1'),
(62, 'دوره اسپیکینگ تافل آی بی تی'),
(63, 'تکنیک های مورد نیاز مهارت اسپیکینگ'),
(64, 'تقویت مهارت نت برداری'),
(65, 'تمرین مهارت نت برداری در آزمون تافل'),
(66, 'یکی از اصلی ترین مهارت های تافل آی بی تی'),
(67, 'مدرس تافل موسسه پردیس آوای شهیر  امیر خادم المله'),
(68, 'speaking courses of TOEFL iBT'),
(69, 'Note-taking Skill'),
(70, 'the TOEFL iBT Test'),
(71, 'TOEFL Instructor at Avaye Shahir Institute: Amir K'),
(72, 'تکنیک های مورد نیاز در اسپیکینگ تافل آی بی تی'),
(73, 'مدیریت زمان در امتحان تافل آی بی تی'),
(74, 'the speaking courses of TOEFL iBT'),
(75, 'the English knowledge of the learners'),
(76, 'TOEFL Instructor at Avaye Shahir Institute: Amir K'),
(77, 'رایتینگ تافل آی بی تی گروه 1'),
(78, 'دوره های آموزش تافل'),
(79, 'دوره هایی که در دانشگاه شریف برگزار میکنم'),
(80, 'دو نمونه از رایتینگ های هر داوطلب'),
(81, 'به طور رایگان در طول ترم تصحیح میگردد'),
(82, 'یک گارکاه چند ساعته برگزار خواهد شد'),
(83, 'نمونه رایتینگ هر یک از داوطلبین'),
(84, 'نکات کلیدی و نهایی'),
(85, 'مدرس تافل موسسه پردیس آوای شهیر: امیر خادم المله'),
(86, 'The TOEFL iBT courses'),
(87, 'Avaye Shahir'),
(88, 'Sharif University of Technology'),
(89, 'two writing samples of each student'),
(90, 'Writing TOEFL score'),
(91, 'a workshop will be held'),
(92, 'final key points'),
(93, 'TOEFL Instructor at Avaye Shahir Institute: Amir K'),
(94, 'رایتینگ تافل آی بی تی'),
(95, 'TOEFL Instructor at Avaye Shahir Institute: Amir K'),
(96, 'دوره آماده سازی ریدینگ آزمون آیلتس آوای شهیر'),
(97, 'ریدینگ آیلتس آکادمیک: گروه 1'),
(98, 'بکارگیری تکنیک های موثر و برنامه ریزی فشرده'),
(99, 'آموزش تکنیک ها به روش عملی و گام به گام'),
(100, 'شرکت در دو آزمون ریدینگ شبیه سازی شده'),
(101, 'آشنایی با انواع متون آزمون آیلتس'),
(102, 'آشنایی کامل با انواع سوالات آزمون ریدینگ'),
(103, 'تسلط بر تکنیک های مناسب برای پاسخ گویی به انواع سو'),
(104, 'آشنایی با روش های تند خوانی و نحوه بررسی متون'),
(105, 'افزایش سرعت پاسخ گویی به سوالات'),
(106, 'بهبود عملکرد داوطلبان، به میزان ۱ تا ۲.۵ نمره'),
(107, 'ارائه دوره های موثر و کوتاه مدت'),
(108, 'سریع ترین و نتیجه بخش ترین مسیر'),
(109, 'وحید ایزدی فر'),
(110, 'مدرس آیلتس آموزشگاه پردیس آوای شهیر'),
(111, 'با برنامه ریزی دوره های فشرده و کوتاه مدت'),
(112, 'میانبرهایی کار آمد و ثمر بخش'),
(113, 'آشنایی بخش به بخش با تمام فرمت های رایتینگ و آموخت'),
(114, 'بررسی تعداد زیادی از رایتینگ های موفق داوطلبان پیش'),
(115, 'تصحیح رایتینگ داوطلبان در طول دوره'),
(116, 'تصحیح دو نمونه رایتینگ هر داوطلب هدیه ویژه آوای شه'),
(117, 'تصحیح نمونه رایتینگ آیلتس'),
(118, 'پردیس آوای شهیر'),
(119, 'Pardis Avaye Shahir IELTS Speaking Syllabus'),
(120, 'Exam Skills'),
(121, 'Grammar'),
(122, 'Pronunciation'),
(123, 'Personal Information'),
(124, 'Country & Hometown'),
(125, 'Weather'),
(126, 'Expressing Facts'),
(127, 'Expressing Personal Opinion'),
(128, 'Asking for Repetition'),
(129, 'Amirhossein Khezerlou'),
(130, ' University Lecturer and IELTS Trainer'),
(131, 'amirhosseinkhezerlou@gmail.com'),
(132, '09123176412'),
(133, 'Pardis Avaye Shahir'),
(134, 'http://avayeshahir.com/beta/en'),
(135, 'University Lecturer and IELTS Trainer'),
(136, 'يک آزمون کامل'),
(137, 'اسپیکینگ آیلتس (جنرال و آکادمیک): گروه 1'),
(138, 'امیر حسين خضرلو'),
(139, 'IELTS Speaking (General & Academic: group 1'),
(140, 'ریدینگ آیلتس جنرال: گروه 1'),
(141, 'General IELTS Reading'),
(142, 'Reading General IELTS'),
(143, 'رایتینگ آیلتس جنرال: گروه 1'),
(144, 'رایتینگ جنرال آیلتس'),
(145, 'General IELTS Writing'),
(146, 'Writing General IELTS'),
(147, 'Task 1 Writing'),
(148, 'Task one Writing'),
(149, 'Task 2 Writing'),
(150, 'Task two Writing'),
(151, 'General IELTS Task 1 Wrting'),
(152, 'General IELTS Task 2 Writing'),
(153, 'Task 1 General IELTS'),
(154, 'Task 2 General IELTS'),
(155, 'TOEFL iBT Speaking Task'),
(156, 'Speaking TOEFL iBT'),
(157, 'Speaking Skills for TOEFL iBT'),
(158, 'TOEFL Writing Independent'),
(159, 'TOEFL Writing Integrated'),
(160, 'Independent Writing TOEFL'),
(161, 'Integrated Writing TOEFL'),
(162, 'TOEFL iBT Integrated Task'),
(163, 'TOEFL iBT Independent Task'),
(164, 'Writing Skills'),
(165, 'TOEFL iBT Speaking Tasl 1'),
(166, 'TOEFL Speaking Task 2'),
(167, 'TOEFL Speaking Task 3'),
(168, 'TOEFL Speaking Task 4'),
(169, 'TOEFL Speaking Task 5'),
(170, 'TOEFL Speaking Task 6'),
(171, 'IELTS Academic Writing Task 1'),
(172, 'IELTS Academic Writing Task 2'),
(173, '1.	Collins reading for IELTS'),
(174, '2.	The Official Cambridge Guide to IELTS'),
(175, 'IELTS Test Builder 1'),
(176, 'IELTS Test Builder 2'),
(177, 'IELTS trainer'),
(178, 'Cambridge IELTS 1'),
(179, 'Cambridge IELTS 2'),
(180, 'Cambridge IELTS 3'),
(181, 'Cambridge IELTS 4'),
(182, 'Cambridge IELTS 5'),
(183, 'Cambridge IELTS 6'),
(184, 'Cambridge IELTS 7'),
(185, 'Cambridge IELTS 8'),
(186, 'Cambridge IELTS 9'),
(187, 'Cambridge IELTS 10'),
(188, 'Cambridge IELTS 11'),
(189, 'Introduction to IELTS'),
(190, 'Matching headings'),
(191, 'matching sentence endings'),
(192, 'Matching information'),
(193, 'Matching features'),
(194, 'sentence completion'),
(195, 'short-answer questions'),
(196, 'chart completion'),
(197, 'diagram label completion'),
(198, 'Identifying information'),
(199, 'identifying writer’s wives or claims'),
(200, 'Multiple-choice questions'),
(201, 'Vahid Izadifar – IELTS Instructor at Avaye Shahir '),
(202, 'Collins Vocabulary for IELTS'),
(203, 'Cambridge Vocabulary for IELTS'),
(204, 'Common Mistakes at IELTS Advanced'),
(205, 'For and Against Essays'),
(206, 'Opinion Essays'),
(207, 'Solution Essays'),
(208, 'Bar Charts'),
(209, 'Line Graphs'),
(210, 'Pie Charts'),
(211, 'Tables'),
(212, 'Diagrams'),
(213, 'Flow Charts'),
(214, 'Paper Correction'),
(215, 'TOEFL and IELTS Writing Pamphlet Compiled by Amir '),
(216, 'Understanding And Using English Grammar'),
(217, ' Betty S.'),
(218, 'Building Skills for the TOEFL iBT: Beginning'),
(219, ' Developing'),
(220, ' Mastering'),
(221, '2.	Longman Essay Activator'),
(222, 'Barron’s iBT'),
(223, ' CD-ROM'),
(224, 'TPO 1-48'),
(225, 'TPO 1-36'),
(226, 'TPO 40-48'),
(227, 'TOEFL Writing Success 4th Edition Compiled by Amir'),
(228, '.TOEFL Writing Pamphlet Compiled by Amir Khadem M.'),
(229, 'Longman Essay Activator'),
(230, 'Campus Vocabulary'),
(231, 'Essential English Idioms: Elementary'),
(232, ' Intermediate'),
(233, ' & Advanced'),
(234, 'Pre-Toefl and Pre-IELTS Writing Pamphlet Compiled '),
(235, 'Developing'),
(236, 'Mastering'),
(237, 'CD-ROM'),
(238, 'موسسه علمی فرهنگی آوای شهیر'),
(239, '& Advanced'),
(240, 'multiple choice'),
(241, 'true false not given'),
(242, 'matching headings and paragraphs'),
(243, 'text completion'),
(244, 'summary'),
(245, 'matching information and paragraphs'),
(246, ''),
(247, 'تسلط بر تکنیک های مناسب برای پاسخ گویی به انواع سو'),
(248, 'آشنایی بخش به بخش با تمام فرمت های رایتینگ و آموخت'),
(249, 'بررسی تعداد زیادی از رایتینگ های موفق داوطلبان پیش'),
(250, 'تصحیح دو نمونه رایتینگ هر داوطلب هدیه ویژه آوای شه'),
(251, 'IELTS Practice Test Plus 1'),
(252, 'IELTS Practice Test Plus 2'),
(253, 'TOEFL Speaking Task 1'),
(254, 'The overall IELTS framework and the four modules o'),
(255, ' Listening'),
(256, ' Speaking'),
(257, ' and Writing'),
(258, 'Academic IELTS writing modules'),
(259, '20  Common IELTS Essays Prompts Divided by Topic'),
(260, 'Categorized IELTS Essays into 20 separate topics'),
(261, 'IELTS test takers'),
(262, 'سوالات رایج بخش رایتینگ آزمون آیلتس در 20 گروه متف'),
(263, 'سوالات رایج رایتینگ آزمون آیلتس'),
(264, '5 گونه سوال رایج در مهارت رایتینگ آیلتس'),
(265, '5 Common IELTS Essay Question Types'),
(266, 'Grammar Pamphlet for Academic IELTS'),
(267, 'جزوه گرامر آیلتس آکادمیک'),
(268, 'جزوه گرامر آیلتس جنرال'),
(269, 'Avaye Shahir Cultural & Educational Institute'),
(270, 'University of Applied Science and Technology'),
(271, 'Iranian Academic Center for Education'),
(272, ' Culture'),
(273, ' and Research'),
(274, 'Manager of Avaye Shahir Institute: Amir Khademolme'),
(275, 'سالها تدریس تافل در دانشگاه شریف و امیرکبیر'),
(276, 'Amirkabir Polytechnique University'),
(277, 'Note Taking'),
(278, ' Paraphrasing'),
(279, ' Summarizing'),
(280, ' and   Synthesizing skills'),
(281, 'Preparing TOEFL Test Takers'),
(282, 'A Free TOEFL iBT Workshop'),
(283, 'hold a free workshop'),
(284, 'مطالبی در مورد امتحان تافل آی بی تی'),
(285, 'Longman Common Mistakes in English'),
(286, 'خطاهای رایج در زبان انگلیسی (لانگمن('),
(287, 'TOEFL Speaking Tasks 1 & 2'),
(288, 'Tasks 1 & 2 TOEFL Speaking'),
(289, 'Tasks 1 & 2 Speaking TOEFL'),
(290, 'Tasks 2 Speaking TOEFL'),
(291, 'Speaking Tasks 3 & 5 TOEFL'),
(292, 'Speaking Tasks 4 TOEFL'),
(293, 'Speaking Tasks 5 TOEFL'),
(294, 'Tasks 3 Speaking TOEFL'),
(295, 'Tasks 4 Speaking TOEFL'),
(296, 'Tasks 5 Speaking TOEFL'),
(297, 'Tasks 6 Speaking TOEFL'),
(298, 'Speaking Tasks 6 TOEFL'),
(299, 'آشنایی با روند امتحان'),
(300, 'Familiarity with the Test Center Procedures'),
(301, 'A general understanding of the Test Center Procedu'),
(302, 'چه کشورهایی تافل را قبول میکنن'),
(303, 'ETS Site shows which countries accept TOEFL iBT'),
(304, 'یادگیری مهارت اسپیکینک تافل آی بی تی'),
(305, 'the Speaking Skill of TOEFL iBT'),
(306, 'Developing Speaking Intermediate'),
(307, 'Mastering Skills for TOEFL iBT'),
(308, 'Building Speaking'),
(309, '260 iBT speaking topics Ostad Sajedi'),
(310, 'Answer Key for TOEFL Writing Pamphlet by Amir Khad'),
(311, 'English Proverbs and their Translation in Persian'),
(312, 'زیباترین نقل قول های دنیا'),
(313, 'English proficiency exams'),
(314, 'سایت ETS'),
(315, 'نمونه های خوب رایتینگ  تافل در کتاب TOEFL Writing '),
(316, 'Good Writing samples for iBT TOEFL in the book TOE'),
(317, 'Good TOEFL sample writing'),
(318, 'Good iBT TOEFL sample writing'),
(319, 'ETS Video about Independent Writing Task'),
(320, 'Writing Task 2 (Independent)'),
(321, 'رایتینگ دوم تافل   (Independent)'),
(322, 'در مدت کوتاهی تایپ سریع را بیاموزید'),
(323, 'how to type fast'),
(324, 'بهترین منابع برای امتحان تافل آی بی تی'),
(325, 'The best sources for TOEFL iBT Test'),
(326, 'The best books for TOEFL iBT Test'),
(327, 'Grammar Pamphlet for iBT TOEFL'),
(328, 'جزوه گرامر تافل آی بی تی'),
(329, 'منبع فوق العاده ای برای یادگیری واژگان انگلیسی'),
(330, 'این کتاب که اولین کتاب از یک مجموعه شش جلدی'),
(331, 'همه واژه ها، معانی، و مثالها با لهجه آمریکایی خوان'),
(332, 'یادگیری لغات به صورت صحیح'),
(333, '29موضوع طبقه بندی شده رایتینگ تافل'),
(334, 'Essential English Idioms Elementary'),
(335, ' and Advanced'),
(336, 'کتاب اصطلاحات ضروری انگلیسی'),
(337, 'The book Essential English Idioms is a very import'),
(338, 'کتاب اصطلاحات ضروری انگلیسی که 3 سطح مبتدی، متوسط،'),
(339, 'a 6-volume series'),
(340, 'an invaluable source for learning vocabulary'),
(341, 'All the words'),
(342, ' their definition'),
(343, ' and the examples are all read by an American nati'),
(344, 'کتاب کلمات ضروری برای امتحان تافل'),
(345, 'Essential Words for the TOEFL'),
(346, 'کتاب 4000 کلمه ضروری'),
(347, 'the book 4000 Essential Words'),
(348, 'The glossary for the book TOEFL Writing Success 4t'),
(349, 'واژه‌ نامه‌ کتاب TOEFL Writing Success 4th Edition'),
(350, 'ترتیب خواندن واژگان'),
(351, 'study the vocabulary sources in order'),
(352, 'Vocaburaies For TOEFL iBT'),
(353, 'جزوه گرامر تافل دکتری'),
(354, 'Grammar Pamphlet for PhD TOEFL'),
(355, 'The best books for PhD TOEFL Test'),
(356, 'The best books for Ph.D. TOEFL Test'),
(357, 'Longman Complete Course for the Paper-based TOEFL '),
(358, 'Longman PBT Test'),
(359, 'بهترین منابع برای امتحان تافل دکتری'),
(360, 'منابع گرامری امتحان تافل دکتری'),
(361, 'Grammar References for PhD TOEFL'),
(362, 'Listening'),
(363, 'Speaking'),
(364, 'and Writing'),
(365, 'آشنایی بخش به بخش با تمام فرمت های رایتینگ و آموخت'),
(366, 'بررسی تعداد زیادی از رایتینگ های موفق داوطلبان پیش'),
(367, 'The best sources for IELTS Academic Test'),
(368, 'The best sources for Academic IELTS Test'),
(369, 'The best books for IELTS Academic Test'),
(370, 'Grammar Pamphlet for General IELTS'),
(371, 'نمونه رایتینگ های تی پی او 1 تا 24'),
(372, 'TPO 1-24 Writing Independent Answers'),
(373, '24 writing samples of TPO Tests'),
(374, '24 تا نمونه رایتینگ از تی پی او'),
(375, 'Delta’s Key to the Next Generation TOEFL Test'),
(376, 'Cambridge Preparation for the TOEFL Test (4th edit'),
(377, ' multimedia)'),
(378, 'Kaplan iBT TOEFL'),
(379, 'OXFORD iBT TOEFL'),
(380, 'Barron''s How to Prepare for the TOEFL iBT'),
(381, 'Preparation and Practice Listening and Speaking'),
(382, 'Video & PDF Files about Different Modules of the G'),
(383, 'فایل های ویدیوئی، PDF، و Word در مورد قسمت های مخت'),
(384, 'بهترین منابع برای امتحان جی آر ای'),
(385, 'The best sources for GRE Test'),
(386, 'The best books for GRE Test'),
(387, 'Grammar Pamphlet for GRE test'),
(388, 'جزوه گرامر جی آر ای'),
(389, 'این فایل شامل تمامی سوالات  رایتینگ GRE بخش Argume'),
(390, 'This PDF file contains all the GRE Argument Topics'),
(391, ' which should be studied before the GRE exam.'),
(392, 'این کتاب که نسخه های جدید آن نیز منتشر شده منبع بس'),
(393, 'This book whose new versions are also available is'),
(394, 'این کتاب مرجع فوق العاده ای است برای تقویت واژگان '),
(395, 'This book'),
(396, ' which has a great audio file'),
(397, ' is a wonderful source for improving GRE vocabular'),
(398, 'Verbal Advantage - 10 Easy Steps to a Powerful Voc'),
(399, 'کتاب لغت Verbal Advantage (پی دی اف)'),
(400, 'GRE Official Guide 2nd Edition'),
(401, 'An Introduction to GRE Analytical Writing'),
(402, 'which should be studied before the GRE exam.'),
(403, 'which has a great audio file'),
(404, 'is a wonderful source for improving GRE vocabular'),
(405, 'GRE Essay Organization'),
(406, 'GRE Writing Tips'),
(407, 'GRE Time Management'),
(408, 'GRE Intro to Issue Task'),
(409, 'GRE Issue Task Example'),
(410, 'GRE Intro to Argumnet Task'),
(411, 'GRE Logical Fallacies'),
(412, 'GRE Argument Task Brainstorming'),
(413, 'GRE Argument Task Example'),
(414, 'Mark Alan Stewart Gre Answers to the Real Essay Qu'),
(415, 'Barron''s New GRE 19th Eddition'),
(416, 'GRE Argument Topics'),
(417, 'GRE Issue Topics'),
(418, 'Pool of Arguments'),
(419, 'pool of issues'),
(420, 'Gre Sentence Completion'),
(421, 'فلش کارد پیشوندها، پسوندها، و ریشه کلمات انگلیسی'),
(422, 'Word Roots'),
(423, ' Prefixes & Suffixes Flashcards'),
(424, 'Prefixes & Suffixes Flashcards'),
(425, 'English Language Roots'),
(426, ' Prefixes & Suffixes'),
(427, 'Prefixes & Suffixes'),
(428, 'Master the GRE 2014 - Peterson'),
(429, 'The Official Guide fot GMAT Review 2015 - Wiley Pu'),
(430, 'GMAT Sentence Correction Files'),
(431, 'این کتاب منبع خوبی برای بخش گرامر جی ام ای تی میبا'),
(432, 'جزوه های گرامر مقدماتی و گرامر پیشرفته'),
(433, 'Manhattan Sentence Correction Guide'),
(434, 'GMAT grammar tests'),
(435, 'Pre-intermediate and advanced level grammar pamphl'),
(436, 'the Issue and Argument Tasks of GMAT Exam'),
(437, 'GMAT Composition Guidance for the Issue and Argume'),
(438, 'کتاب راهنمای رایتینگ جی ام ای تی'),
(439, 'increase your GMAT Score for Writing'),
(440, 'درک مطلب جی ام ای تی (جی مت)'),
(441, 'انتشارات تامسون'),
(442, 'and Advanced'),
(443, 'their definition'),
(444, 'and the examples are all read by an American nati'),
(445, 'پیشوندها، پسوندها، و ریشه کلمات انگلیسی'),
(446, 'کتاب اصطلاحات ضروری انگلیسی از سطح مقدماتی تا پیشر'),
(447, 'منبع عالی برای یادگیری اصطلاحات'),
(448, 'مهارت های لیسنینگ، اسپیکینگ، و رایتنگ کمک زیادی می'),
(449, 'The glossary for the book TOEFL Writing Success 4t'),
(450, 'واژه‌ نامه‌ کتاب TOEFL Writing Success 4th Edition'),
(451, 'موضوعات جدید تافل'),
(452, 'TOEFL sample essays'),
(453, 'زبان آموزان سطوح متوسطه'),
(454, 'نمونه رایتینگ های تافل'),
(455, 'کلمات و عبارت های بسیار پرکاربرد در زبان انگلیسی'),
(456, '165 writing samples'),
(457, 'common errors of Iranian test takers'),
(458, 'upper intermediate and advanced levels'),
(459, 'دوره تافل آی بی تی موسسه آوای شهیر زیر نظر امیر خا'),
(460, 'ویدیوی آموزش تلفظ انگلیسی'),
(461, 'American Accent Training Program (Pronunciation Wo'),
(462, 'طریقه تلفظ لغات انگلیسی را آموزش میدهد'),
(463, 'how to pronounce English words'),
(464, 'improve your Listening and Speaking skills for the'),
(465, 'Reduced Sounds in English'),
(466, 'learning American accent and pronunciation'),
(467, 'learning British accent and pronunciation'),
(468, 'این کتاب لهجه بریتانیایی را آموزش میدهد'),
(469, 'کلمات خیلی کاربردی'),
(470, 'بهترین منابع برای تقویت مهارت رایتینگ و اسپیکینگ ت'),
(471, 'کلمات ربط و عبارت های کاربردی انگلیسی به صورت طبقه'),
(472, 'Babylon dictionary'),
(473, 'لغت نامه های نرم افزار بابیلون'),
(474, 'لغت نامه های بابیلون'),
(475, 'Babylon glossaries'),
(476, 'منبع مناسبی است برای امتحان تافل دکتری'),
(477, 'منابع امتحان تافل دکتری'),
(478, 'multimedia)'),
(479, 'Reading Comprehension'),
(480, 'مهارت خواندن و درک مطلب امتحان تافل دکتری'),
(481, 'تکنیک های درک مطلب'),
(482, 'Cambridge Computer-based TOEFL'),
(483, 'کتاب لانگمن پی بی تی تست های گرامری پیشرفته ای'),
(484, 'Paper-based TOEFL Test of Longman'),
(485, 'این کتاب منبع بسیار مناسبی برای نمره 8 و 9 در امتح'),
(486, 'a band score of 8 to 9 in IELTS Academic'),
(487, 'نمونه نامه های اداری و بازرگانی بسیار خوبی'),
(488, 'عبارات و کلمه های کلیدی'),
(489, 'عبارات و کلمات کلیدی'),
(490, 'قصد شرکت در امتحان آیلتس جنرال را دارند'),
(491, 'business letters that provide IELTS General test t'),
(492, 'منابع ریدینگ و لیسنینگ آیلتس آکادمیک'),
(493, 'Reading and Listening Sources for IELTS Academic'),
(494, 'بهترین منابع ریدینگ و لیسنینگ آیلتس آکادمیک'),
(495, 'the best IELTS Academic references'),
(496, 'رئوس‌ مطالب و برنامه کلاسی ریدینگ آیلتس'),
(497, 'امتحان واقعی آیلتس آکادمیک و جنرال'),
(498, 'real tests of IELTS Academic and IELTS General'),
(499, 'Thomson Corporation'),
(500, 'GMAT modules'),
(501, 'فایل های بخش گرامر امتحان جی ام ای تی (جی مت)'),
(502, 'Analytical Writing Sample Essays and Commentaries-'),
(503, 'نمونه رایتینگ Argument جی آر ای و روش نمره دهی به '),
(504, 'Analytical Writing Sample Essays and Commentaries-'),
(505, 'Official GRE Verbal Reasoning Practice Questions V'),
(506, 'هر دو گونه رایتینگ امتحان جی  مت  (جی ام ای تی'),
(507, 'IELTS Tutor Video'),
(508, 'ویدیوی آموزشی مهارت های آیلتس'),
(509, 'در این ویدیو، چهار مهارت آیلتس توسط اساتید استرالی'),
(510, 'all the four skills are taught by native Australia'),
(511, 'دانلود رایگان منابع جی آر ای'),
(512, 'دانلود رایگان منابع تافل'),
(513, 'جی آر ای جنرال'),
(514, 'general GRE'),
(515, 'GRE General'),
(516, 'free download '),
(517, 'TOEFL books free download'),
(518, 'GRE books free download'),
(519, 'IELTS Academic free download'),
(520, 'IELTS general free download'),
(521, 'Gmat books free download'),
(522, 'دانلود منابع تافل آی بی تی'),
(523, 'دانلود منابع تافل دکتری'),
(524, 'دانلود منابع آیلتس آکادمیک'),
(525, 'دانلود منابع آیلتس جنرال'),
(526, 'دانلود منابع جی مت'),
(527, 'دانلود منابع جیمت'),
(528, 'دانلود منابع جی آر ای'),
(529, 'آموزش رایگان و برنامه ریزی مطالعه'),
(530, 'منابع آموزشی آزمون GRE'),
(531, 'منابع آموزشی آزمون تافل آی بی تی'),
(532, 'منابع آموزشی آزمون آیلتس آکادمیک'),
(533, 'منابع آموزشی آزمون آیلتس جنرال'),
(534, 'منابع آموزشی آزمون تافل دکتری'),
(535, 'منابع آموزشی آزمون جی آر ای'),
(536, 'منابع آموزشی آزمون جی مت'),
(537, 'کاملترین منابع جی آر ای'),
(538, 'کاملترین منابع جی مت'),
(539, 'کاملترین منابع تافل آی بی تی'),
(540, 'کاملترین منابع آیلتس آکادمیک'),
(541, 'کاملترین منابع آیلتس جنرال'),
(542, 'کاملترین منابع مکالمه'),
(543, 'دانلود منابع زبان انگلیسی'),
(544, 'دانلود مستقیم و رایگان منابع زبان انگلیسی '),
(545, 'جدیدترین سوالات رایتینگ تافل'),
(546, 'جدیدترین سوالات اسپیکینگ تافل'),
(547, 'نمونه سوالات آزمون تافل iBT رایگان'),
(548, 'جزوه نمونه سوالات اسپیکینگ تافل'),
(549, 'دانلود نمونه سوالات کامل و واقعي آزمون تافل و ديگر'),
(550, 'آشنایی با آزمون تافل'),
(551, 'منابع تافل'),
(552, 'Betty S.'),
(553, 'تافل کلاس'),
(554, 'کلاس خصوصی تافل'),
(555, 'کلاس خصوصی آیلتس'),
(556, 'کلاس خصوصی جی آر ای'),
(557, 'کلاس خصوصی مکالمه'),
(558, 'کلاس عمومی تافل'),
(559, 'کلاس عمومی آیلتس'),
(560, 'کلاس عمومی جی آر ای'),
(561, 'کلاس عمومی جی مت'),
(562, 'تدریس خصوصی تافل'),
(563, 'تدریس خصوصی آیلتس'),
(564, 'تدریس خصوصی مکالمه'),
(565, 'تدریس خصوصی جی آر ای'),
(566, 'تدریس خصوصی جی مت'),
(567, 'تدریس خصوصی تافل دکتری'),
(568, 'کلاس های عمومی تافل'),
(569, 'کلاس های عمومی آیلتس'),
(570, 'کلاس های عمومی تافل دکتری'),
(571, 'کلاس های عمومی جی آر ای'),
(572, 'کلاس های عمومی جی مت'),
(573, 'The Official Cambridge Guide to IELTS 1'),
(574, 'TOEFL Speaking Rubrics'),
(575, 'گرامر بتی آذر  '),
(576, ' Betty Azar Grammar books'),
(577, 'لیست انواع بیماری ها با تلفظ آمریکایی و بریتانیایی'),
(578, 'A list of diseases with American Pronunciation'),
(579, 'A list of diseases with British Pronunciation'),
(580, 'فیلم آشنایی با آزمون تافل آی بی تی توسط دانشجویان '),
(581, 'iBT TOEFL Procedures and Preparation, Prepared by '),
(582, 'Prepared by Amirkabir Students'),
(583, ' Amirkabir Milad Mohammad Zadeh & Meysam Shahrbaf '),
(584, 'good information has been given about iBT TOEFL'),
(585, 'جمعی از دانشجویان دانشگاه امیرکبیر'),
(586, 'میلاد محمد زاده و میثم شهرباف'),
(587, 'توضیحات نسبتا خوبی درباره آزمون تافل '),
(588, 'جی آر ای (وربال و رایتنگ)'),
(589, 'خشایار یزدان بخش'),
(590, 'دوره اسپیکینگ آیلتس موسسه آوای شهیر(وحید ایزدیفر)'),
(591, 'چطور در اسپیکینگ آیلتس نمره بالا بگیریم'),
(592, 'مهارت Speaking آزمون آیلتس'),
(593, 'آموزش حرفه ای آیلتس و تافل '),
(594, 'بهترین کلاس آیلتس در تهران'),
(595, 'دوره هاي آمادگي آيلتس'),
(596, 'دانلود دوره رایگان آموزش اسپیکینگ آیلتس'),
(597, 'بهترین کلاس های آمادگی آزمون آیلتس'),
(598, 'جدیدترین نمونه سوالات اسپیکینگ آیلتس'),
(599, ' تمامی بخش های وربال آزمون GRE'),
(600, 'GRE Text Completion GRE Sentence Equivalence '),
(601, 'GRE Reading Comprehension'),
(602, 'Issue و Argument رایتینگ '),
(603, 'GRE Argument Writing'),
(604, 'GRE Issue Writing'),
(605, 'Free IELTS Speaking Course'),
(606, 'دواطلبان آزمون آیلتس'),
(607, 'کلاس های آماده سازی آیلتس'),
(608, 'کورس ویدیویی آماده سازی بخش اسپیکینگ آزمون آیلتس'),
(609, 'چکار کنیم تا در تافل IBT نمره بالا بگیریم'),
(610, 'چگونه در تافل IBT نمره بالا بگیریم'),
(611, 'چطور در رایتینگ تافل نمره بالا بگیریم'),
(612, 'همه چیز در مورد آزمون آیلتس'),
(613, 'کلاس تافل خوب تو تهران'),
(614, 'تعیین سطح تافل (رایگان)'),
(615, 'تعیین سطح آیلتس (رایگان)'),
(616, 'تعیین سطح رایگان'),
(617, 'آموزش تافل'),
(618, 'تافل تهران'),
(619, 'آموزش تافل در تهران'),
(620, 'TOEFL'),
(621, 'سوالات تافل'),
(622, 'آموزش تافل تهران'),
(623, 'کتاب های مفید آیلتس'),
(624, 'useful IELTS materials'),
(625, 'Culture'),
(626, 'and Research'),
(627, 'محرم'),
(628, 'دانلود رایگان'),
(629, 'کتاب وکب'),
(630, 'کتاب لغت'),
(631, 'کتاب گرامر'),
(632, 'کتاب مکالمه'),
(633, 'کتاب رایتینگ'),
(634, 'کتاب ریدینگ'),
(635, 'کتاب لیسنینگ'),
(636, 'کتاب اسپیکینگ'),
(637, 'Reading'),
(638, 'Writing'),
(639, 'Vocabulary'),
(640, 'دانلود نرم‌افزارهای نمونه سوالات آزمون GRE'),
(641, 'GPO) GRE Tests Software)'),
(642, 'نمونه سوالات آزمون جی آر ای '),
(643, 'several GRE tests'),
(644, '(نسخه ویندوز)'),
(645, '(نسخه مک)'),
(646, 'Windows Version'),
(647, 'Mac Version'),
(648, 'Listening Materials from Basic to Advanced Levels'),
(649, 'منابع تقویت مهارت لیسنینگ از مبتدی تا پیشرفته'),
(650, 'Necessary Software for English Learners'),
(651, 'نرم افزارهای کاربردی برای زبان آموزان'),
(652, 'The Official Guide to the GRE Verbal Reasoning Pra'),
(653, ' Official GRE Quantitative Reasoning Educational T'),
(654, 'The Official Guide to the GRE Revised General Test'),
(655, 'Practice Book for the GRE Paper-based GRE Revised '),
(656, 'Manhattan 5lb-2015'),
(657, 'GRE Math Bible - Nova'),
(658, 'کتاب Big Book Verbal'),
(659, 'مجموعه کتاب های منهتن Manhattan GRE Second Edition'),
(660, 'نرم افزار POWERPREPIIV2'),
(661, 'نرم افزار آزمون جی آر ای GRE Test Software'),
(662, 'نرم افزار شبیه ساز آزمون جی آر ای  شامل Kaplan,'),
(663, 'GRE Software, including Kaplan, Barron''s, and ETS'),
(664, 'منابع آزمون gre'),
(665, 'آمادگی برای آزمون gre'),
(666, 'بهترین منابع آزمون gre'),
(667, 'دانلود منابع آزمون gre'),
(668, 'نمونه سوالات آزمون gre'),
(669, 'دانلود نمونه سوالات gre general'),
(670, 'نمونه سوالات gre quantitative'),
(671, 'دانلود رایگان نمونه سوالات آزمون gre'),
(672, 'دانلود نرم افزارهای نمونه سوالات GRE General'),
(673, 'دانلود تمام منابع معتبر و ضروری GRE'),
(674, 'دانلود رایگان منابع آزمون gre'),
(675, 'منابع آزمون gre چیست'),
(676, 'مقدمه ای بر آزمون جی آر ای مگوش'),
(677, '(Introduction to the GRE (Magoosh '),
(678, 'ریدینگ - وکب - و آنالیز متن'),
(679, '(Magoosh) Text Completion - Sentence Equivalence -'),
(680, 'Reading Comprehension - Paragraph Argument'),
(681, 'ویدیوی آموزشی بخش کوانت جی آر ای'),
(682, 'Magoosh Quantitative - Algebra - Geometry - Statis'),
(683, 'Analytical Writing Assessment - AWA  - Argument & '),
(684, 'ویدیوهای آموزشی رایتینگ جی آر ای'),
(685, 'Barron''s Essential 800 Words for the GRE'),
(686, '[Arthur Benjamin, Michael Shermer]'),
(687, 'Secrets of Mental Math.pdf'),
(688, 'Essential Words for the GRE - 2nd Edition - Barron'),
(689, 'Pocket GRE Math (Mobile Application)'),
(690, 'پیشوندها، پسوندها، و ریشه کلمات انگلیسی 1'),
(691, '1300 Math Formulas (Mobile Software)'),
(692, 'امید اعلایی کلاس تافل'),
(693, 'بهترین منابع آیلتس'),
(694, 'منابع آزمون آیلتس جنرال'),
(695, 'دانلود رایگان منابع آزمون آیلتس'),
(696, 'کتاب آیلتس کمبریج'),
(697, 'آمادگی برای آیلتس بدون کلاس'),
(698, 'آمادگی برای تافل دکتری بدون کلاس'),
(699, 'آمادگی برای جی آر ای بدون کلاس'),
(700, 'آمادگی برای جی مت بدون کلاس'),
(701, 'سوالات متداول آیلتس، ریدینگ آیلتس'),
(702, 'سوالات متداول آیلتس، آیلتس چیست؟ چند نوع آیلتس دار'),
(703, 'لیسنینگ آیلتس، لیسنینگ آیلتس چند نوع دارد؟'),
(704, 'اسپیکینگ آیلتس، انواع اسپیکینگ آیلتس'),
(705, 'رایتینگ آیلتس'),
(706, ' book 1100 words'),
(707, '1100 Words You Need to Know'),
(708, 'کتاب 1100 واژه ضروری که باید بدانید'),
(709, 'نرم افزارهای آموزشی و کاربردی'),
(710, 'َApplication & Educational Software'),
(711, 'کتاب تست'),
(712, 'فایل پی دی اف کتاب Destination B1 Grammar and Voca'),
(713, 'فایل پی دی اف کتاب Destination B2 Grammar and Voca'),
(714, 'فایل پی دی اف کتاب Destination C1& C2 Grammar and '),
(715, 'فایل پی دی اف کتاب Words You Should Know in High S'),
(716, 'فایل پی دی اف کتاب Webster''s New World Essential V'),
(717, 'دانلود رایگان کتاب'),
(718, 'استاد مهرداد نادری'),
(719, 'مدیر موسسه فرهنگی سوپکس'),
(720, 'وب سایت رسمی مهرداد نادری '),
(721, 'Mehrdad Naderi''s Official Website'),
(722, 'دانلود فرهنگ لغت'),
(723, 'دانلود نرم افزار'),
(724, 'دانلود اپلیکیشن موبایل'),
(725, 'videos about grammar'),
(726, 'ویدیو های آموزش گرامر'),
(727, 'نمره تافل آی بی تی آقای سیاوش کنعانیان سال 2013'),
(728, 'نمره تافل آی بی تی خانم مهراد شریف واقفی سال 2013'),
(729, 'نمره تافل آی بی تی آقای وهاب مختاری سال 2013'),
(730, 'نمره تافل آی بی تی آقای اشکان اسماعیلی سال 2013'),
(731, 'نمره تافل آی بی تی آقای علیرضا مرادزاده سال 2013'),
(732, 'نمره تافل آی بی تی آقای مهرداد طهماسبی سال 2013'),
(733, 'نمره تافل آی بی تی آقای علیرضا قنبرپور سال 2013'),
(734, 'نمره تافل آی بی تی آقای محمد سید صالحی سال 2013'),
(735, 'نمره تافل آی بی تی آقای صابر خوشدل  سال 2013'),
(736, 'نمره تافل آی بی تی آقای مسعود حقی کاشانی سال 2013'),
(737, 'نمره تافل آی بی تی آقا یا خانم ... یزدی زاده سال 2'),
(738, 'Correction of GRE Samples Free of Charge'),
(739, 'تصحیح رایگان  نمونه رایتینگ های جی آر ای'),
(740, 'نمره‌ رایتینگ خود را بر اساس معیار ETS'),
(741, 'Paris@avayeshahir.com'),
(742, 'نرم افزار یادگیری عبارات عامیانه'),
(743, 'American Slang Quiz'),
(744, 'نرم افزار ممرایز Memrise'),
(745, 'نرم افزارانکی برای یادگیری کلمات'),
(746, 'واژه نامه های نرو افزار انکی در گوگل پلی'),
(747, 'preparatory grammar courses'),
(748, ' GMAT'),
(749, ' PhD TOEFL'),
(750, ' MCHE'),
(751, ' and EPT'),
(752, 'tenses'),
(753, ' passive structures'),
(754, ' nouns'),
(755, ' adjectives'),
(756, ' adverbs'),
(757, ' verbs'),
(758, ' pronouns'),
(759, ' and modals'),
(760, 'Pre-TOEFL and Pre-IELTS pamphlet'),
(761, 'a pamphlet written by Mr. Izadifar'),
(762, 'TOEFL iBT Writing'),
(763, 'BBC 6 Minute English-2008'),
(764, 'فایل های آموزش مهارت لیسنینگ'),
(765, 'تقویت مهارت لیسنینگ با لهجه بریتانیایی'),
(766, 'تقویت زبان عمومی'),
(767, 'Australian Accent'),
(768, 'American Accent'),
(769, 'British Accent'),
(770, 'Improving General English'),
(771, 'Improving listening skill'),
(772, 'a special discount offered by Persian Daneshjoo Gr'),
(773, 'the students of Avaye Shahir Institute'),
(774, 'The discounts offered by the Site of Persian Danes'),
(775, 'تخفیف سایت پرشین دانشجو جهت امور مربوط به اپلای'),
(776, 'صدور مستر کارت مجازی ویژه  Apply'),
(777, 'ثبت نام آزمون تافل، GRE، اپلیکیشن فی، وقت سفارت'),
(778, 'پنل آنلاین بانکی'),
(779, 'کد تخفیف PD_KHADEM_2017'),
(780, 'کارمزد 4 درصد'),
(781, 'http://persiandaneshjoo.ir/NEWWEBSITE/?m=order&u=1'),
(782, 'Rahbod Software Group'),
(783, 'گروه نرم افزاری رهبد'),
(784, 'طراحی نرم افزارهای تحت وب'),
(785, 'Motivational audio files'),
(786, 'improving your listening skills'),
(787, 'positive effects on your everyday life'),
(788, 'تقویت مهارت لیسنینگ'),
(789, 'فایل های انگیزشی بسیاری خوب'),
(790, 'فایل ها ی مناسب برای زبان آموزان سطح متوسط به بالا'),
(791, 'Special English Audio Files'),
(792, 'Pre-intermediate language learners'),
(793, 'یادگیری لهجه بریتانیایی'),
(794, 'English Audio Files with British Accent'),
(795, 'فایل های لیسنینگ  با لهجه بریتانیایی'),
(796, 'Brian Tracy''s audio files'),
(797, 'great sources for improving your listening skills'),
(798, 'wonderful motivational files'),
(799, 'فایل های صوتی برایان تریسی'),
(800, 'فایل های انگیزشی بسیار خوبی'),
(801, 'زبان آموزان سطح متوسط به بالا'),
(802, 'The One-Minute Entrepreneur'),
(803, 'برایان تریسی'),
(804, 'Eat That Frog'),
(805, 'فایل صوتی کتاب های برایان تریسی'),
(806, 'فایل پی دی اف کتاب های برایان تریسی'),
(807, 'The Power of Clarity'),
(808, 'The 21 Success Secrets of Self-Made Millionaires'),
(809, 'The 21 Absolutely Unbreakable Laws of Money '),
(810, ' Success Mastery Academy '),
(811, 'The Ultimate Goals Program'),
(812, 'Very Hard Questions for GRE Quant'),
(813, 'نمره 170 کوانت '),
(814, 'GRE test takers '),
(815, 'score 170 in the GRE Quantitative Module'),
(816, 'Very Hard Questions'),
(817, '112 Quant'),
(818, 'Napoleon Hill'),
(819, 'The 21st Century Edition'),
(820, 'Think and Grow Rich by Napoleon Hill - The 21st Ce'),
(821, 'Write Rite Right'),
(822, 'یکی از بهترین کتاب های گرامر و وکب'),
(823, 'کلمات مشابه '),
(824, 'focused on the confusing words'),
(825, 'Business English'),
(826, 'انگلیسی تجاری و بازرگانی'),
(827, 'فیلم های آموزشی انگلیسی تجاری و بازرگانی'),
(828, '(American Accent Training  Video Files'),
(829, ' (English for specific purposes (esp'),
(830, 'آیلتس تحت نظارت کدام سازمان ها برگزار می شود؟'),
(831, 'CAMBRIDGE ENGLISH LANGUAGE ASSESSMENT'),
(832, ' idp IELTS AUSTRALIA'),
(833, ' BRITISH COUNCIL'),
(834, 'آیلتس در کدام کشور ها معتبر است؟'),
(835, 'تمام کشور های دنیا از جمله آمریکا'),
(836, 'آیا تمام دانشگاه ها و موسسات علمی آیلتس را می پذیر'),
(837, 'خیر، برخی موسسات و دانشگاه ها به ویژه تعداد محدودی'),
(838, 'آیا موسسات برگزار کننده آیلتس در ایران اعتبار بین '),
(839, 'سایت سازمان سنجش'),
(840, 'آزمون آیلتس چند بخش دارد؟'),
(841, 'آزمون آیلتس در چهار بخش اسپیکینگ، لیسنینگ، ریدینگ،'),
(842, 'آزمون آیلتس چند نوع دارد؟'),
(843, 'آزمون آیلتس در دو گروه آکادمیک و جنرال برگزار می ش'),
(844, 'آزمون اسپیکینگ چند بخش دارد؟'),
(845, 'آزمون اسپیکینگ آیلتس چند دقیقه است؟'),
(846, 'در بخش سوم آزمون اسپیکینگ چه سوالاتی پرسیده می شون'),
(847, 'در بخش دوم، چه مدت زمان باید صحبت کنم؟'),
(848, 'در بخش دوم آزمون اسپیکینگ چه سوالاتی پرسیده می شون'),
(849, 'در بخش اول آزمون اسپیکینگ چه سوالاتی پرسیده می شون'),
(850, 'آزمون لیسنینگ چند بخش دارد؟'),
(851, 'آزمون لیسنینگ چند دقیقه طول می کشد؟'),
(852, 'آیا آزمون لیسنینگ جنرال و آکادمیک با هم فرق دارند؟'),
(853, 'آیا در آزمون لیسنینگ فقط لهجه بریتیش شنیده می شود؟'),
(854, 'لهجه های دیگر همچون امریکایی، استرالیایی، نیوزلندی'),
(855, 'آزمون ریدینگ چند بخش دارد؟'),
(856, 'آیا آزمون ریدینگ جنرال و آکادمیک با هم فرق دارند؟'),
(857, 'آیا متن آزمون آکادمیک از جنرال سخت تر است؟'),
(858, 'آزمون ریدینگ چند سوال دارد؟'),
(859, 'در آزمون ریدینگ چند دقیقه زمان داریم؟'),
(860, 'آیا پس از اتمام این شصت دقیقه برای انتقال پاسخ ها '),
(861, 'آزمون رایتینگ چند بخش دارد؟'),
(862, 'آیا رایتینگ آکادمیک با جنرال فرق دارند؟'),
(863, 'تسک یک آکادمیک گزارش نویسی و تسک یک جنرال نامه نوی'),
(864, 'در آزمون رایتینگ باید چند واژه بنویسم؟'),
(865, 'آزمون رایتینگ چند دقیقه طول میکشد؟'),
(866, 'آیا میتوانم ابتدا تسک دو و سپس تسک یک را بنویسیم؟'),
(867, 'آیا میتوانم رایتینگ خود را با خودکار بنویسم؟'),
(868, 'استفاده از خود کار و اتود در هر سه بخش ممنوع می با');

-- --------------------------------------------------------

--
-- Table structure for table `ym_class_tag_rel`
--

CREATE TABLE IF NOT EXISTS `ym_class_tag_rel` (
  `tag_id` int(10) unsigned NOT NULL,
  `class_id` int(10) unsigned NOT NULL,
  PRIMARY KEY (`tag_id`,`class_id`),
  KEY `class_id` (`class_id`)
) ENGINE=InnoDB DEFAULT CHARSET=utf8 COLLATE=utf8_persian_ci;

--
-- Dumping data for table `ym_class_tag_rel`
--

INSERT INTO `ym_class_tag_rel` (`tag_id`, `class_id`) VALUES
(61, 1),
(62, 1),
(63, 1),
(64, 1),
(65, 1),
(66, 1),
(67, 1),
(68, 1),
(69, 1),
(70, 1),
(71, 1),
(155, 1),
(156, 1),
(157, 1),
(165, 1),
(166, 1),
(167, 1),
(168, 1),
(169, 1),
(170, 1),
(218, 1),
(221, 1),
(222, 1),
(224, 1),
(225, 1),
(226, 1),
(235, 1),
(236, 1),
(237, 1),
(238, 1),
(246, 2),
(8, 3),
(21, 3),
(71, 3),
(78, 3),
(79, 3),
(80, 3),
(81, 3),
(82, 3),
(83, 3),
(84, 3),
(85, 3),
(86, 3),
(87, 3),
(88, 3),
(89, 3),
(90, 3),
(91, 3),
(92, 3),
(94, 3),
(62, 4),
(67, 4),
(69, 4),
(70, 4),
(71, 4),
(72, 4),
(73, 4),
(74, 4),
(75, 4),
(96, 7),
(97, 7),
(98, 7),
(99, 7),
(100, 7),
(101, 7),
(102, 7),
(103, 7),
(104, 7),
(105, 7),
(106, 7),
(107, 7),
(108, 7),
(109, 7),
(110, 7),
(173, 7),
(174, 7),
(175, 7),
(176, 7),
(177, 7),
(178, 7),
(179, 7),
(180, 7),
(181, 7),
(182, 7),
(183, 7),
(184, 7),
(185, 7),
(186, 7),
(187, 7),
(188, 7),
(189, 7),
(190, 7),
(191, 7),
(192, 7),
(193, 7),
(194, 7),
(195, 7),
(196, 7),
(197, 7),
(198, 7),
(199, 7),
(200, 7),
(201, 7),
(202, 7),
(203, 7),
(204, 7),
(240, 7),
(241, 7),
(242, 7),
(243, 7),
(244, 7),
(245, 7),
(109, 8),
(110, 8),
(111, 8),
(112, 8),
(113, 8),
(114, 8),
(115, 8),
(116, 8),
(117, 8),
(118, 8),
(171, 8),
(172, 8),
(205, 8),
(206, 8),
(207, 8),
(208, 8),
(209, 8),
(210, 8),
(211, 8),
(212, 8),
(213, 8),
(214, 8),
(215, 8),
(216, 8),
(552, 8),
(119, 9),
(120, 9),
(121, 9),
(122, 9),
(123, 9),
(124, 9),
(125, 9),
(126, 9),
(127, 9),
(128, 9),
(129, 9),
(131, 9),
(132, 9),
(133, 9),
(134, 9),
(135, 9),
(136, 9),
(137, 9),
(138, 9),
(139, 9),
(246, 10),
(140, 11),
(141, 11),
(142, 11),
(143, 12),
(144, 12),
(145, 12),
(146, 12),
(147, 12),
(148, 12),
(149, 12),
(150, 12),
(151, 12),
(152, 12),
(153, 12),
(154, 12),
(246, 13),
(588, 14),
(246, 15),
(246, 16),
(246, 17),
(246, 18),
(246, 19),
(246, 20);

-- --------------------------------------------------------

--
-- Table structure for table `ym_comments`
--

CREATE TABLE IF NOT EXISTS `ym_comments` (
  `owner_name` varchar(50) CHARACTER SET latin1 NOT NULL,
  `owner_id` int(12) NOT NULL,
  `comment_id` int(12) NOT NULL AUTO_INCREMENT,
  `parent_comment_id` int(12) DEFAULT NULL,
  `creator_id` int(12) DEFAULT NULL,
  `user_name` varchar(128) COLLATE utf8_persian_ci DEFAULT NULL,
  `user_email` varchar(128) CHARACTER SET latin1 DEFAULT NULL,
  `comment_text` text COLLATE utf8_persian_ci,
  `create_time` int(11) DEFAULT NULL,
  `update_time` int(11) DEFAULT NULL,
  `status` int(1) NOT NULL DEFAULT '0',
  PRIMARY KEY (`comment_id`),
  KEY `owner_name` (`owner_name`,`owner_id`)
) ENGINE=InnoDB  DEFAULT CHARSET=utf8 COLLATE=utf8_persian_ci AUTO_INCREMENT=257 ;

--
-- Dumping data for table `ym_comments`
--

INSERT INTO `ym_comments` (`owner_name`, `owner_id`, `comment_id`, `parent_comment_id`, `creator_id`, `user_name`, `user_email`, `comment_text`, `create_time`, `update_time`, `status`) VALUES
('Pages', 2, 19, NULL, 24, 'Admin', NULL, 'با سلام خدمت همه عزیزان. به قسمت تبادل نظرِ سایت موسسه آوای شهیر خوش آمدید. از این به بعد، در مورد تمرین های داده شده اینجا بحث میکنیم که همه بهره مند بشوند و از دوباره کاری جلوگیری کنیم. لازمه یادآوری کنم که سایت در مرحله اولیه و آزمایشی است. بنابراین، احتمال وجود مشکلاتی هست. ممنون میشم که صبوری کنید و در صورت امکان کمک کنید که هر چه زودتر نواقص احتمالی برطرف بشه. پاینده باشید. امیر خادم.\r\n', 1464282324, NULL, 1),
('Pages', 2, 26, 25, 24, 'Admin', NULL, 'تست', 1464296960, NULL, 1),
('Pages', 2, 30, NULL, 116, NULL, NULL, 'سلام، خوب هستید؟\r\nمن بطرز شکسته بسته ای جواب ترجمه های اخیر رو نوشتم؛ امیدوارم ایراداتش رو یاد بگیرم :)\r\nبا تشکر\r\n\r\n1. I am doing my best to pass the exam\r\n2. Please drink your tea before it has gone cold\r\n3. We have class to class!!??\r\n4. I try my children have a respectful life\r\n5. Goods'' prices have increased up to 10 percent\r\n  6. We are about to finish the project by tomorrow\r\n7. I will wait until you come back', 1464340255, NULL, 0),
('Pages', 2, 33, 30, 99, NULL, NULL, 'باسلام فکر میکنم جمله سوم و هفتم کمی تغییر لازم داره.\r\n3. We have class and class\r\n7. I will be waiting until you come back', 1464343449, NULL, 0),
('Pages', 2, 35, NULL, 45, NULL, NULL, '. I am doing my best to pass the exam\r\n. Please have your tea, before it gets cold\r\n. There is a fine line between a good class and a bad class\r\n. I am endeavoring that my children have an honorable life\r\n. The goods'' prices have increased up to ten percent\r\n. We will finish the project until tomorrow\r\n. I will wait, till you came back ', 1464344418, NULL, 0),
('Pages', 2, 36, 35, 24, 'Admin', NULL, 'Good enough with some minor mistakes.', 1464346422, NULL, 1),
('Pages', 2, 37, 33, 24, 'Admin', NULL, 'Hi. Better this time.', 1464353435, NULL, 1),
('Pages', 2, 39, NULL, 115, NULL, NULL, 'I am doing my best effort in order to success in the test\r\nplease drink your tea until it has been not cold\r\nwe have class, than class\r\nI am trying in order that my children have an honorable life\r\nThe price of goods has risen by 10%.\r\nWe will finish the project until tomorrow.\r\nI will be waiting until you come back.', 1464360156, NULL, 0),
('Pages', 2, 41, NULL, 109, NULL, NULL, 'last channel question answer:\r\n1- I''m doing my best to pass the exam.\r\n2- Please have your tea, before it gets cold.\r\n3- We have class to class.\r\n4- I''m striving in order that my children have a honorable life.\r\n5- The commodities prices have increased up to 10 percent.\r\n6- We are going to finish up the project till tomorrow.! / Tomorrow we will finish up the project.\r\n7- We will wait until you come back.\r\n                                                                               Be Viable :D', 1464360429, NULL, 0),
('Pages', 2, 42, 30, 109, NULL, NULL, 'Hi, does the expression "Goods'' prices" require a ( '' ) !!??', 1464360883, NULL, 0),
('Pages', 2, 46, 39, 24, 'Admin', NULL, 'Not bad Mohamed.\r\n', 1464364402, NULL, 1),
('Pages', 2, 47, 41, 24, 'Admin', NULL, 'Thanks. Very good. ', 1464364596, NULL, 1),
('Pages', 2, 49, NULL, 54, NULL, NULL, ': In reply to AVA channel question\r\n\r\nOne - I am doing my best to pass the exam\r\nTwo – Please have your tea before getting cold\r\nThree – There are classes and classes\r\nFour – I am trying to make my children a decent living\r\nFive – Commodity prices have risen up by %20 \r\nSix - We will finish the project by tomorrow\r\nSeven – I will wait until you come back\r\n\r\nRegards', 1464384580, NULL, 0),
('Pages', 2, 50, 49, 24, 'Admin', NULL, 'Thanks. very good', 1464389586, NULL, 1),
('Pages', 2, 51, 42, 24, 'Admin', NULL, 'Hi. no. Goods Prices/ The price of Goods\r\n  No ('') is needed either   ', 1464389756, NULL, 1),
('Pages', 2, 53, NULL, 126, NULL, NULL, '1- i am trying to do my best to pass the exam.\r\n2- please drink your tea until it is warm\r\n3- do not have any good idea |:\r\n4- i am trying for the sake of a respectful life for my children\r\n5- commodities have increased up to 10 percent on their prices\r\n6- we will finish the project until tomorrow (or maybe up to tomorrow\r\n7- i will wait for you until you come back', 1464428011, NULL, 0),
('Pages', 2, 55, 53, 24, 'Admin', NULL, 'Not bad. I will give the answers tonight.', 1464435723, NULL, 1),
('Pages', 2, 58, NULL, 127, NULL, NULL, 'I am doing my best to pass the exam\r\nPlease drink your tea before it gets cold\r\nThere are many different types of classes\r\nI am trying for my children to have a respectful life\r\nWe will finish the project till tomorrow\r\nI will wait till you get back', 1464448126, NULL, 0),
('Pages', 2, 59, NULL, 127, NULL, NULL, 'I am doing my best to pass the exam\r\nPlease drink your tea before it gets cold\r\nThere are many different types of classes\r\nI am trying for my children to have a respectful life\r\nWe will finish the project till tomorrow\r\nI will wait till you get back', 1464448127, NULL, 0),
('Pages', 2, 60, 58, 127, NULL, NULL, 'The price of goods are increased by 10 percent', 1464448236, NULL, 0),
('Pages', 2, 62, 59, 24, 'Admin', NULL, 'Thanks. Good.', 1464456270, NULL, 1),
('Pages', 2, 64, NULL, 24, 'Admin', NULL, 'سلام به همگی. در این جملات، نکته مهم ترجمه درست "تا" مورد نظر بود. برای سهولت، سوالات رو هم گذاشتم. در ضمن، جملات دوستان نسبتا خوب بودند و قابل قبول ولی جملات ارائه شده بهتر هستند.\r\n۱. دارم تمام تلاشم رو میکنم تا توی امتحان قبول شوم.\r\n۲. لطفا چایتان را میل کنید تا سرد نشده.\r\n۳. کلاس داریم تا کلاس.\r\n۴. دارم تلاش میکنم تا فرزندانم زندگی آبرومندی داشته باشند.\r\n۵. قیمت اجناس تا ۱۰ درصد افزایش یافته. \r\n۶. پروژه را تا فردا تمام خواهیم کرد.\r\n۷. تا شما برگردید، منتظر خواهم ماند.\r\n1. I am doing my best (in order) to pass the test.\r\n2. Please have your tea before it gets cold.\r\n3. We have classes and classes.\r\n4. I am trying hard so that my children can live/lead an honorable life.\r\n5. The price of goods has increased up to/by 10 %.\r\n6. We will finish the project by tomorrow.\r\n7. I will wait here until/till you come back.\r\n\r\nPlease do not hesitate to ask questions if you do not understand the reasons. ', 1464457465, NULL, 1),
('Pages', 2, 65, NULL, 54, NULL, NULL, 'اول اینکه by یک ددلاین رو نشون میده و Up to رنج رو نشون میده\r\nدوم اینکه in order that و so that جفتشون subordinator \r\nهستند از نوع purpose که فقط در جملات کامپلکس استفاده میشن ... یعنی depandant clause میسازند\r\nاما in order to حرف اضافه است فقط و بدنبالش NP یا Ving می آید', 1464459372, NULL, 0),
('Pages', 2, 66, NULL, 54, NULL, NULL, ' By\r\nیک ددلاین رو نشون میده\r\n\r\nUp to\r\n رنج رو نشون میده\r\n\r\nin order that و so that \r\nجفتشون ساب اوردینیتور هستند از نوع  هدف که فقط در جملات کامپلکس استفاده میشن ... یعنی دیپندنت کلاوز میسازند\r\n\r\nin order to \r\nحرف اضافه است فقط و بدنبالش موارد زیر می آید\r\nNP و Ving\r\n', 1464459766, NULL, 0),
('Pages', 2, 67, NULL, 115, NULL, NULL, 'Is this true?\r\nThe price of goods has risen by 10 %\r\n\r\nنمونه این جمله در لانگمن با جستجوی کلمه rise قابل مشاهده است.\r\n', 1464498532, NULL, 0),
('Pages', 2, 95, NULL, 99, NULL, NULL, 'سلام جناب خادم، نظر من اینه که بخش تبادل نظر رو به فرمت یک فروم دربیارید مثل سایت Applyabroad یا شبیه Yahoo Answers فقط Q&A باشه. اینطوری خیلی راحت میشه سوال رو به عنوان یک تاپیک جدید مطرح کنید و دوستان بیان جواب هاشون رو تو همون تاپیک بدن. خودتون بهتر میدونید که خیلی مزایا داره از جمله نظم بالاتر و امکان جستجو بین تاپیک ها. چون من احساس میکنم تعداد کامنت های این بخش به زودی صدها کامنت میشه و به کل از نظم خارج خواهد شد. تعداد زیادی فروم ساز رایگان فارسی هم در اینترنت هست از جمله vBulletin که حتما طراح ساییتون خبر داره. این فروم ها دیگه مشکل راست چین و چپ چین بودن رو هم ندارن.\r\nموفق باشید.', 1464510658, NULL, 0),
('Pages', 2, 98, 95, 24, 'Admin', NULL, 'سلام. ممنون. حتما مطرح میکنم.', 1464516263, NULL, 1),
('Pages', 2, 99, 67, 24, 'Admin', NULL, 'بله درسته.', 1464516287, NULL, 1),
('Pages', 2, 108, NULL, 104, 'Admin', NULL, 'Test', 1464520902, 1464520947, 2),
('Pages', 2, 109, NULL, 104, 'Admin', NULL, 'Test', 1464520903, 1464520944, 2),
('Pages', 2, 110, NULL, 104, 'Admin', NULL, 'تست', 1464521021, 1464521063, 2),
('Pages', 2, 111, NULL, 104, 'Admin', NULL, 'تست', 1464521087, 1464521144, 2),
('Pages', 2, 112, NULL, 104, 'Admin', NULL, 'تست', 1464521112, 1464521140, 2),
('Pages', 2, 113, 95, 24, 'Admin', NULL, 'سلام. به زودی این مشکل حل میشه.\r\n', 1464597892, 1464776517, 2),
('Pages', 2, 114, 95, 24, 'Admin', NULL, 'سلام. به زودی این مشکل حل میشه.\r\n', 1464597892, NULL, 1),
('Pages', 2, 115, NULL, 24, 'Admin', NULL, 'Hi everybody. I write the answers in English to avoid the problem we have with the writing style.\r\nThe difference between "in order to" and "so that/in order that" can be explained through some examples.\r\n1. I am doing my best in order to pass the test.\r\n2. I am doing  so that/in order that I can pass the test.\r\n3. I am doing my best so that/in order that my children can live a better life.\r\nWhen the subject of both verbs "do one''s best" and "pass" are the same, both "in order to and so that/in order that" are correct. When the subjects are different "I" and "my children", we can only use "so that/in order that. Therefore, in example 3, we cannot use "in order to".\r\n\r\n"Up to " is used to say that something is less than or equal to, but not more than a stated value, number, or level. Thus, "up to 10%" shows that the number may have been 1,2, 3, ..., and now it is at most 10%.\r\n\r\nThe phrase "increased by 10%" shows that up to 10% has been added to the previous number. For example, if the number is 40, and it is increased by 10%, the final number will be 44. If the number is 100, and it is increased by 10%, then the final number will be 110.\r\n\r\nI hope you can follow what I said. If you do not, you are welcome to ask your questions. Regards. Khadem.', 1464599863, NULL, 1),
('Pages', 2, 116, NULL, 24, 'Admin', NULL, 'Please translate these sentences into Persian. Pay attention to the use of “a” “an”, and “the”.\r\n1. He is a Green.\r\n2. He is green.\r\n3. A variety of activities are offered in this sports club. \r\n4. The variety of activities offered in this sports club is one of a kind.\r\n5. You''ve got a lot of bottle.\r\n6. I baked a huge cake this morning, and the kids scoffed the lot.\r\n7. It is like a football.\r\n8. It is like football.\r\n', 1464601001, NULL, 1),
('Pages', 2, 117, NULL, 126, NULL, NULL, 'سلام،\r\n1- او طرفدار رنگ سبز است.\r\n2- او سبزه است.\r\n3- فعالیت های متنوعی در این باشگاه ارائه می شود.\r\n4- فعالیت های متنوعی که در این باشگاه ارائه شد گوشه ای از فعالیت های ممکن است.\r\n5- شما بطری های زیادی دارید.\r\n6-من امروز صبح یک کیک بزرگ برای بچه ها پختم در حالی که آن ها من را ب شدت مسخره کردند.\r\n7- آن شبیه به یک مسابقه فوتبال است.\r\n8- آن شبیه به فوتبال بازی کردن است.\r\nممنون', 1464615321, NULL, 0),
('Pages', 2, 118, NULL, 115, NULL, NULL, '1-	اون یه بی تجربه است.\r\n2-	اون بی تجربه است.\r\n3-	یک گوناگونی از فعالیتهایی که در این کلوب ورزشی پیشنهاد شد.\r\n4-	تنوع فعالیتهایی که در این کلوب ورزشی پیشنهاد کرد یک نوع است.\r\n5-	شما مقدار زیادی بطری گرفته اید.\r\n6-	امروز صبح یک کیک بزرگ پختم و بچه ها خیلی خوردند.\r\n7-	اون شبیه یک فوتباله.\r\n8-	اون شبیه فوتباله.\r\n\r\nجمله سوم اگر بجای فعل \r\nare  \r\nاز \r\nis\r\nاستفاده شود ترجمه تغییر میکند\r\nبا تشکر', 1464624927, NULL, 0),
('Pages', 2, 119, NULL, 136, NULL, NULL, '١-او طرفدار محيط زيست است\r\n٢- او كم كم تجربه است\r\n٣-انواع مختلفي فعاليت در اين باشگاه ورزشي اراعه مي شود\r\n٤- انواع مختلف فعاليتي كه در اين باشگاه ورزشي اراعه مي شود منحصر به فرد است\r\n٥- شما بسياري از آب بطري را نوشيديد\r\n٦- من امروز يه كيك بزرگ پختم وبچه ها مقدار زياديش خوردند\r\n٧- اون از نظر شكل مثل يك توپ فوتبال است\r\n٨- اون مثل ورزش فوتبال است', 1464719274, NULL, 0),
('Pages', 2, 120, 119, 24, 'Admin', NULL, 'Bravo!', 1464719998, NULL, 1),
('Pages', 2, 121, 118, 24, 'Admin', NULL, 'Not bad Mohammad. Thanks.\r\n', 1464720063, NULL, 1),
('Pages', 2, 122, 118, 24, 'Admin', NULL, 'Not bad Mohammad. Thanks.\r\n', 1464720064, 1464776527, 2),
('Pages', 2, 123, 117, 24, 'Admin', NULL, 'ممنون.\r\n', 1464720115, 1464776512, 2),
('Pages', 2, 124, 117, 24, 'Admin', NULL, 'ممنون.\r\n', 1464720115, NULL, 1),
('Pages', 2, 125, NULL, 130, NULL, NULL, '1- او از خانواده Green است.\r\n2- او خام و بی تجربه است.\r\n3-تعدا گوناگونی از فعالیت ها در این باشگاه ورزشی ارائه می شوند.\r\n4- تنوع فعالیت های ارائه شده در این باشگاه ورزشی بسیار ویژه است.\r\n5- شما مقدار زیادی از بطری را نوشیده اید.\r\n6-من یک کیک بزرگ امروز صبح پختم و بچه ها با شوق آن را خوردند.\r\n7- آن شبیه توپ فوتبال است.\r\n8- آن شبیه ورزش فوتبال است.', 1464728677, NULL, 0),
('Pages', 2, 126, 125, 24, 'Admin', NULL, 'سلام. خیلی خوب بود. ', 1464763926, NULL, 1),
('Pages', 2, 127, 126, 24, 'Admin', NULL, 'test', 1464776566, 1464776688, 2),
('Pages', 2, 128, 126, 24, 'Admin', NULL, 'تست', 1464776665, 1464776686, 2),
('Pages', 2, 129, NULL, 24, 'Admin', NULL, 'سلام به همه. جواب جملات همراه با توضیح آنها.\r\n1. He is a Green.\r\n2. He is green.\r\n3. A variety of activities are offered in this sports club. \r\n4. The variety of activities offered in this sports club is one of a kind.\r\n5. You''ve got a lot of bottle.\r\n6. I baked a huge cake this morning, and the kids scoffed the lot.\r\n7. It is like a football.\r\n8. It is like football.\r\n\r\n1. چون کلمه Green با حروف بزرگ نوشته شده، قطعا اسم خاص است. بنابراین، ترجمه آن به دو صورت ممکنه که بعضی از دوستان درست ترجمه کردند. \r\nاو یکی از اعضای خانواده گرین است./او یکی از اعضای حزب سبز انگلستان است.\r\n2. در این مثال، green صفت است و به معنی بی تجربه یا خام میباشد.\r\n3. A variety of activities یعنی فعالیت های متفاوت یا متنوع.\r\n4. The variety of activities یعنی تنوع فعالیت ها. بنابراین، ترجمه آن میشود. تنوع فعالیت های ارائه شده در این باشگاه ورزشی منحصر به فرد است (one of a kind).\r\n5. بعد از a lot of، اسم یا به صورت جمع می آید یا به صورت غیر قابل شمارش. پس هرگز اسم مفرد بعد از آن نمی آید. بنابراین، bottle در اینجا باید غیر قابل شمارش باشد که به معنی شجاعت و جرات میباشد. پس، تو خیلی شجاع هستی ترجمه صحیح است.\r\n 6. the lot یعنی همه یک چیز. پس ترجمه آن میشه "تمام کیک را خوردند"\r\n7. بعد از a اسم قابل شمارش می آید. پس، در این جمله، football یعنی توپ فوتبال. شبیه به توپ فوتبال است.\r\n8. ورزش ها غیر قابل شمارش هستند. پس، شبیه فوتبال است.\r\nپاینده باشید. \r\nخادم.\r\n', 1464857068, 1464857659, 2),
('Pages', 2, 130, NULL, 24, 'Admin', NULL, '1. He is a Green.\r\n2. He is green.\r\n3. A variety of activities are offered in this sports club. \r\n4. The variety of activities offered in this sports club is one of a kind.\r\n5. You''ve got a lot of bottle.\r\n6. I baked a huge cake this morning, and the kids scoffed the lot.\r\n7. It is like a football.\r\n8. It is like football.\r\n1. چون کلمه Green با حروف بزرگ نوشته شده، قطعا اسم خاص است. بنابراین، ترجمه آن به دو صورت ممکنه که بعضی از دوستان درست ترجمه کردند. او یکی از اعضای خانواده گرین است./او یکی از اعضای حزب سبز انگلستان است.\r\n 2. در این مثال، green صفت است و به معنی بی تجربه یا خام میباشد.\r\n 3. A variety of activities  یعنی فعالیت های متفاوت یا متنوع.\r\n 4.The variety of activities یعنی تنوع فعالیت ها. بنابراین، ترجمه آن میشود. تنوع فعالیت های ارائه شده در این باشگاه ورزشی منحصر به فرد است (one of a kind).\r\n5.  بعد از a lot of، اسم یا به صورت جمع می آید یا به صورت غیر قابل شمارش. پس هرگز اسم مفرد بعد از آن نمی آید. بنابراین، bottle در اینجا باید غیر قابل شمارش باشد که به معنی شجاعت و جرات میباشد. پس، تو خیلی شجاع هستی ترجمه صحیح است.\r\n6. the lot یعنی همه یک چیز. پس ترجمه آن میشه "تمام کیک را خوردند"\r\n7. بعد از a اسم قابل شمارش می آید. پس، در این جمله، football  یعنی توپ فوتبال. شبیه به توپ فوتبال است.\r\n8. ورزش ها غیر قابل شمارش هستند. پس، شبیه فوتبال است. پاینده باشید. خادم.\r\n', 1464857802, 1464861722, 2),
('Pages', 2, 131, NULL, 24, 'Admin', NULL, '1. چون کلمه Green با حروف بزرگ نوشته شده، قطعا اسم خاص است. بنابراین، ترجمه آن به دو صورت ممکنه که بعضی از دوستان درست ترجمه کردند. او یکی از اعضای خانواده گرین است./او یکی از اعضای حزب سبز انگلستان است.\r\n 2. در این مثال، green صفت است و به معنی بی تجربه یا خام میباشد.\r\n 3.  عبارت "A variety of activities" یعنی فعالیت های متفاوت یا متنوع.\r\n 4. عبارت "the variety of activities" یعنی تنوع فعالیت ها. بنابراین، ترجمه آن میشود. تنوع فعالیت های ارائه شده در این باشگاه ورزشی منحصر به فرد است (one of a kind).\r\n5.  بعد ازa lot of ، اسم یا به صورت جمع می آید یا به صورت غیر قابل شمارش. پس هرگز اسم مفرد بعد از آن نمی آید. بنابراین،  bottle در اینجا باید غیر قابل شمارش باشد که به معنی شجاعت و جرات میباشد. پس، تو خیلی شجاع هستی ترجمه صحیح است.\r\n6. عبارت “the lot” یعنی همه یک چیز. پس ترجمه آن میشه "تمام کیک را خوردند"\r\n7. بعد از a اسم قابل شمارش می آید. پس، در این جمله، football  یعنی توپ فوتبال. شبیه به توپ فوتبال است.\r\n8. ورزش ها غیر قابل شمارش هستند. پس، شبیه فوتبال است. پاینده باشید. خادم.\r\n', 1464861731, NULL, 1),
('Pages', 2, 132, NULL, 145, NULL, NULL, 'با سلام\r\nمن در استفاده از کلمه tend to مشکل دارم. مثلا آیا این جمله درست هست یا خیر؟ برای paraphrase در نوشتن یک مقاله مجبور به استفاده از tend to به جایی usually شدم. \r\nجمله فارسی: معمولا در مطالعات الکتروشیمیایی از سیستم سه الکترودی استفاده می شود.  \r\nترجمه انگلیسی: .In electrochemical studies, it is tend to use the three-electrode system\r\nاگر امکانش هست در مورد نحوه صحیح استفاده از tend to را توضیح بدین.\r\nمثلا آیا', 1465080505, NULL, 0),
('Pages', 2, 133, 132, 24, 'Admin', NULL, 'سلام. tend to do sth یعنی معمولا ولی به صورت مجهول به کار نمیره. \r\nTend to do sth: if something tends to happen, it happens often and is likely to happen again = usually.\r\nMy car tends to overheat in the summer.\r\nPeople tend to need less sleep as they get older.\r\nبنابراین، جمله شما باید به این صورت ترجمه بشه. \r\n.In electrochemical studies, the three-electrode system is usually used. ', 1465207044, NULL, 1),
('Pages', 2, 134, NULL, 54, NULL, NULL, 'A lot of time\r\nیه عالمه وقت\r\n\r\nA lot of times\r\nچندین مرتبه\r\n\r\nA shotgun is no good\r\nتفنگ (هر تفنگی) خوب نیست\r\n\r\nOne shotgun is no good\r\nیک دونه تفنگ خوب نیست\r\n\r\nChinese are very difficult\r\nچینی ها خیلی عجیب و غریب هستند\r\nDifficult = Awkward\r\n\r\nاین کتاب ها سه تا دو دلار هستند\r\nThese books cost 3 by 1 dollars each.\r\n\r\nهمه رقبا باید شانس مساوی برای برد داشته باشند\r\nAll opponents must have an equal chance in order to win\r\n', 1465213289, NULL, 0),
('Pages', 2, 135, NULL, 115, NULL, NULL, '\r\n1- زمان خیلی زیاد(مدت طولانی)\r\n2- چندیدن مرتبه\r\n3- تفنگ ساچمه ایی خوب نیست.\r\n4- یک عدد تفنگ ساچمه ایی خوب نیست.\r\n5- چینی ها خیلی سخت(بدقلق) هستند.\r\n6- These books are between 2 by 3 dollars\r\n7- All the opponents should have the equal chance for the victory\r\n', 1465221764, NULL, 0),
('Pages', 2, 136, NULL, 126, NULL, NULL, '1- زمان زیاد\r\n2- تعداد دفعات زیاد\r\n3- شاتگان خوب نیست\r\n4- یک شاتگان کفایت نمی کند\r\n5- چینی ها خیلی  (سخت گیر، عجیب، بد بدن) هستند\r\n6- these books cost two to three dollar.\r\n7- all of the opponents should benefit from equal chance of winning. ', 1465222332, NULL, 0),
('Pages', 2, 137, NULL, 54, NULL, NULL, 'The other day, I saw him\r\nچند روز پیش دیدمش', 1465224142, NULL, 0),
('Pages', 2, 138, 136, 24, 'Admin', NULL, 'خیلی خوب بود. ', 1465232426, NULL, 1),
('Pages', 2, 139, 135, 24, 'Admin', NULL, 'آفرین. فقط چند خطای کوچک.', 1465232495, NULL, 1),
('Pages', 2, 140, 134, 24, 'Admin', NULL, 'عالی. فقط یک خطا.', 1465232560, NULL, 1),
('Pages', 2, 141, 133, 145, NULL, NULL, 'ممنون و متشکر از پاسختون.', 1465238224, NULL, 0),
('Pages', 2, 142, NULL, 93, NULL, NULL, '1.مدت زیادی\r\n2.بارها(اکثر اوقات(\r\n3.اون تفنگ ساچمه ای خوب نیست.\r\n4.چینی ها خیلی سخت گیر( بدقلق) هستند.\r\n5. Three books of these books are 2 dollars\r\n6.All of competitors should have equel chanceto win\r\n7.اخیرا(چند روز پیش) من او را دیدم. ', 1465242817, NULL, 0),
('Pages', 2, 143, 142, 24, 'Admin', NULL, 'Good.\r\nAll of the competitors....\r\nAll the competitors....\r\nAll competitors....\r\n', 1465244494, NULL, 1),
('Pages', 2, 144, NULL, 115, NULL, NULL, 'The other day, I saw him.\r\nروز دیگری اونو دیدم.', 1465245899, NULL, 0),
('Pages', 2, 145, NULL, 117, NULL, NULL, 'The other day, I saw him\r\nچند روز (شب) پیش دیدمش.', 1465279998, NULL, 0),
('Pages', 2, 146, NULL, 149, NULL, NULL, '1) a lot of time\r\nزمان زیادی\r\n2) a lot of times\r\nزمان های زیادی\r\n3)  A shotgun is no good\r\nیک تفنگ کالا نیست\r\n4) One shotgun is no good\r\nیک تفنگ مناسب نیست\r\n5) Chinese are very difficult\r\nچینی ها خیلی سخت گیر هستند\r\n6) این کتاب های سه تا دو دلار هستند\r\nThese books are three, two dollars.\r\n7. همه رقبا باید شانس مساوی برای برد داشته باشند.\r\nAll competitors should have equal chance to success.\r\n8) The other day, I saw him\r\nروز دیگر، او را دیدم.', 1465287053, NULL, 0),
('Pages', 2, 147, NULL, 130, NULL, NULL, '1- زمان خیلی زیاد\r\n2- به دفعات زیاد (چندین بار)\r\n3- تفنگ خوب نیست (براساس اصول اخلاقی!).\r\n4- یک تفنگ خوب نیست (شاید کافی نیست حتی).\r\n5- چینی ها بدقلق هستند.\r\n6- These books cost 2 to 3 dollars.\r\n7- All rivals should have equal chance to win\r\n8- چند روز پیش دیدمش\r\n', 1465290944, NULL, 0),
('Pages', 2, 148, 144, 24, 'Admin', NULL, 'The other night & The other day both mean "chand rooz/chand shab pish"', 1465316286, NULL, 1),
('Pages', 2, 149, 145, 24, 'Admin', NULL, 'Great!\r\n', 1465316301, NULL, 1),
('Pages', 2, 150, 146, 24, 'Admin', NULL, 'Not bad. "a lot of times" yani chandin bar', 1465316375, NULL, 1),
('Pages', 2, 151, 147, 24, 'Admin', NULL, 'Very good!\r\n', 1465316412, NULL, 1),
('Pages', 2, 152, NULL, 24, 'Admin', NULL, '1- زمان خیلی زیاد\r\n 2- چندین بار\r\n3- تفنگ اصلا خوب نیست.\r\n4- یک تفنگ اصلا کافی نیست.\r\n5- چینی ها بدقلق هستند.\r\n 6- These books are 3 for 2 dollars. \r\n7- All rivals should have an equal chance of winning\r\n8- چند روز پیش دیدمش.', 1465316601, NULL, 1),
('Pages', 2, 153, NULL, 117, NULL, NULL, 'ما تو فارسی میگیم 2 تا 3 دلار  یعنی اول عدد کمتره\r\nاینها برعکس میگن همیشه یعنی 3 تا 2؟ داریم؟ \r\nیا اینکه منظورتون اینه کتابها 3تاشون 2 دلار هستند؟؟ ', 1465322137, NULL, 0),
('Pages', 2, 154, 153, 126, NULL, NULL, 'آره منم با این جمله( 3for2dollar) مشکل دارم، ممنون میشم توضیح بفرمایید.\r\nی چیز دیگه هم هست،  این s آخر dollars اگه نباشه اشتباهه؟', 1465332260, NULL, 0),
('Pages', 2, 155, NULL, 124, NULL, NULL, 'يك روز درميان ميديدمش \r\nThe other day, I saw him.', 1465358220, NULL, 0),
('Pages', 2, 156, NULL, 148, NULL, NULL, 'با سلام\r\nاول اینکه اگه بخواهیم بگیم چینی ها(مردم چین) مگه نباید بگیم the Chinese\r\n2-میشه گفت  each rival?\r\n3-استاد ببخشید میشه یه مثال باotherwiseموقعی که قبل صفت هست رو با معنیش بیاورید تا فرقش رو متوجه بشیم.\r\nخیلی ممنون ', 1465372701, NULL, 0),
('Pages', 2, 157, NULL, 24, 'Admin', NULL, 'Hi everyone. I should explain some points about the previous questions. The Chinese and Chinese people both means "chiniha". If we say "Chinese" alone, it means the Chinese language. Thus, the word "the" was missing in the question. \r\n"Each rival" is not a general term. it means each of these rivals we already mentioned. Therefore, if we want to say something general, "each" is not used.\r\nWish you luck. \r\nKhadem.', 1465380343, NULL, 1),
('Pages', 2, 158, 153, 24, 'Admin', NULL, 'سه تاشون دو دلار بود.', 1465473032, NULL, 1),
('Pages', 2, 159, 154, 24, 'Admin', NULL, 'بله. بیش از یک، s میگیره.', 1465473069, NULL, 1),
('Pages', 2, 160, NULL, 117, NULL, NULL, '6- او کشور را برای همیشه ترک کرد.\r\n5- به خاطر قدرت نظامی مان، آمریکا نمیتواند به ما حمله کند.\r\n4- I have few money.\r\n3- I have a few money.\r\n2- if children enjoy good economic conditions, they will appreciate their parents.\r\n1- yesterday, when I laying down on the bed, I was reading the novel of Windswept.', 1465474361, NULL, 0),
('Pages', 2, 161, NULL, 136, NULL, NULL, 'Hamid Goudarzi\r\n1.I was reading the book "Gone with the Wind" when I lay in the bed yesterday.\r\n2.If children enjoy proper economic situation, they will be grateful to their parents.\r\n3.I have a little money.\r\n4.I have little money.\r\n5.be lotfe ghodrate nezamie ma, amirika nemitavanad be ma hamle konad.\r\n6. ou keshvar ra baraye hamishe tark karde.', 1465476274, NULL, 0),
('Pages', 2, 162, NULL, 126, NULL, NULL, '1- i was reading "Gone with the Wind" while i was lying on the bed yesterday.\r\n2- children would be grateful to their parents if they were financed.\r\n3- i have a little money.\r\n4- i have little money.\r\n5- شکر به خاطر قدرت نظامیمان که سبب شده است تا آمریکا نتواند به ما حمله کند.\r\n6- او کشور را برای همیشه ترک کرد. ', 1465480261, NULL, 0),
('Pages', 2, 163, NULL, 118, NULL, NULL, 'سلام استاد. ترجمه های تمرین امروز کانال:\r\n1. Lying on the bed, I was reading "gone with the wind" book yesterday.\r\n2. If children are financially secure, they will be appreciative of their parents'' support.\r\n3. I have a little money.\r\n4. I have little money.\r\n5. به لطف قدرت نظامی مان، آمریکا نمی تواند به ما حمله کند.\r\n6. او کشور را برای همیشه ترک کرد.\r\n\r\nچطوره استاد؟', 1465480273, NULL, 0),
('Pages', 2, 164, NULL, 130, NULL, NULL, '1-	Yesterday I read ‘Gone with the wind’ when I was lying on the bed.\r\n or\r\nYesterday I read ‘Gone with the wind’, lying on the bed. (I’m not sure though!)\r\n2-	If children benefit from proper economic conditions, they will be appreciative toward their parents.\r\n3-	I have a little money.\r\n4-	I have little money.\r\n5-	به خاطر نیروی ارتش مان، آمریکا نمی تواند به ما حمله کند.\r\n6-	او کشور را برای همیشه ترک کرد.\r\n\r\n\r\n', 1465480832, NULL, 0),
('Pages', 2, 165, 164, 130, NULL, NULL, 'من فکر کردم نوشتین کتاب را خواندم. ولی نوشتین کتاب را میخواندم. پس در این صورت جملات زیر می شود:\r\nyesterday i was reading ''Gone with the wind'' while i was lying on the bed.\r\nor Yesterday i was reading ''Gone with the wind'', while lying on the bed.\r\n ', 1465481318, NULL, 0),
('Pages', 2, 166, NULL, 148, NULL, NULL, 'Hi everybody\r\n1-Yesterday, i was laying on the bed reading the book called''''   ''''\r\n2- If  children are provided a good economic climate(condition), they will appreciate their parents.\r\n3-I have a little money\r\n4-I have little money\r\n5-بخاطر قدرت نظامیمان امریکا نمیتواندبه ما حمله کند\r\n6-او روستا را برای همیشه ترک کرد .\r\n', 1465487206, NULL, 0),
('Pages', 2, 167, 160, 24, 'Admin', NULL, 'سلام. بعد از few اسم جمع میاد نه غیر قابل شمارش. بقیه بعدا ایشالا.', 1465492162, NULL, 1),
('Pages', 2, 168, 161, 24, 'Admin', NULL, 'سلام. عالی. فقط a proper economic situation', 1465492259, NULL, 1),
('Pages', 2, 169, 162, 24, 'Admin', NULL, 'خیلی خوب. شرطی هارو بعدا روش کار میکنیم. thanks to یعنی به لطفٍ (because of)', 1465492551, NULL, 1),
('Pages', 2, 170, 163, 24, 'Admin', NULL, 'عالی. در gone with the wind حروف اصلی مثل g و w باید بزرگ نوشته شوند.', 1465492663, NULL, 1),
('Pages', 2, 171, 165, 24, 'Admin', NULL, 'آفرین.', 1465492703, NULL, 1),
('Pages', 2, 172, 166, 24, 'Admin', NULL, 'provided with a good', 1465492769, NULL, 1),
('Pages', 2, 173, NULL, 115, NULL, NULL, '1- Yesterday, when I had lied in the bed, I was reading the book, Gone with the wind. \r\n2- If the children enjoy a good economic conditions, they will be appreciate versus their parents.\r\n3- I have a little money.\r\n4- I have little money.\r\n5- به لطف قدرت نظامیمان, امریکا نمی تونه به ما حمله کنه\r\n6-او کشور رو برای همیشه ترک کرد\r\n', 1465499066, NULL, 0),
('Pages', 2, 174, NULL, 122, NULL, NULL, '1- I was reading Gone with the Wind yesterday, lying on the bed.\r\n2- Children will be thankful to their parents, If they grow prosperously.\r\n3- I have a little money.\r\n4- I have little money.\r\n5- به لطف نیروی نظامی ما، آمریکا نمی‌تواند به ما حمله کند.\r\n6- او برای همیشه کشور را ترک کرد.', 1465538651, NULL, 0),
('Pages', 2, 175, NULL, 93, NULL, NULL, '1. I was reading the book "Gone With The Wind" when I was lay down in bed yesterday.\r\n2. If children have a good economic condition, they will apperciate their parents.\r\n3. I have a little money .\r\n4. I have a little money.\r\n5.به لطف قدرت نظامی مان، امریکا نمی تواند به ما حمله کند .!\r\n6. او کشور را برای همیشه ترک کرد.!', 1465541399, NULL, 0),
('Pages', 2, 176, 174, 24, 'Admin', NULL, 'Great!', 1465547298, NULL, 1),
('Pages', 2, 177, 173, 24, 'Admin', NULL, 'Hi. Thanks. be appreciative rather than be appreciate. versus is not a good choice. They will be appreciative towards their parents.', 1465547396, NULL, 1),
('Pages', 2, 178, 175, 24, 'Admin', NULL, 'Very good. "Gone With the Wind". In titles, prepositions and a/an/the are written with small letters.', 1465547501, NULL, 1),
('Pages', 2, 179, 177, 115, NULL, NULL, 'Hi\r\nThank you so, for your attention and notice.', 1465549438, NULL, 0),
('Pages', 2, 180, NULL, 124, NULL, NULL, '1-    I was reading "the Gone With the Wind" lying on the bed yesterday.\r\n2-    children would be grateful to their parents if they enjoy a good economic condition.\r\n3-	I have a little money.\r\n4-	I have little money.\r\n5-   از بركت قدرت نظامي ما، آمريكا نميتواند به ما حمله كمد\r\n6-   او كشور را براي هميشه ترك كرد', 1465624617, NULL, 0),
('Pages', 2, 181, 180, 24, 'Admin', NULL, 'Great. Before "Gone with the Wind", "the" is unnecessary.', 1465627694, NULL, 1),
('Pages', 2, 182, NULL, 24, 'Admin', NULL, 'Hi everyone. I already mentioned some of the points having to do with the last exercise in the responses given to your friends. However, an im portant point was left. In his book "Verbal Advantage: Ten Easy Steps to a Powerful Vocabulary", Charles  Harrington Elster beautifully explains the difference. \r\n"To lie means to rest, recline, be situated. You lie on a bed, rest there, recline on it.\r\nTo lay means to put, place, set. You lay a book on a table, put or set it there; you lay your head on a pillow, place it on the pillow. Whatever you\r\ncan put down you can also lay down. You can lay something down, but you can''t lay down, rest, recline. You can lie down, but you can''t lie something\r\ndown. That''s simple, right?\r\nNow, here''s where it gets a bit tricky.\r\nThe past tense of lie is lay: “Last night I lay in bed.” It is wrong to say that you laid in bed, because laid is the past tense of the verb to lay, which\r\nmeans to put, place. You wouldn''t say “Last night I put in bed,” would you? (If you laid in bed last night, you are a chicken.)"  \r\nThus, we have:\r\nLie      lay     lain => lying\r\nLay     laid    laid => laying\r\nGood luck. Khadem\r\n ', 1465629475, NULL, 1),
('Pages', 2, 183, NULL, 155, NULL, NULL, 'Hello Mr. Khadem, \r\nCongratulation on your institute. Hope everything goes well with it. \r\nI have a question, and would be grateful if you help me. \r\nI noticed that newspaper reporters sometimes address sentences in this way: [sentence], he says. Is it acceptable if we write our sentences in the integrated task in this way instead of the starting point? Just a point, this very sentence I cannot find at the moment was not a direct quoting. ', 1465664083, NULL, 0),
('Pages', 2, 184, 183, 24, 'Admin', NULL, 'Hi. Thanks a million for the compliment. Yes why not, but once or twice. The sentence can be paraphrased not a direct quote. Good luck.', 1465711892, NULL, 1),
('Pages', 2, 185, NULL, 157, NULL, NULL, 'Hi Mr.Khadem\r\nThis  is Amir Alipour from Urmia. You told me that I can find the file of TPO here, but I couldnt success. Shall I know where is their exact addrass to download. I would be gratefull in this case.\r\nSincerely ', 1465759031, NULL, 0),
('Pages', 2, 186, 185, 24, 'Admin', NULL, 'Hi there. Nice to here from you again. Sure! They are both in the Reading section of TOEFL iBT and in the Listening section. Good luck.', 1465904473, NULL, 1),
('Pages', 2, 187, 186, 157, NULL, NULL, 'I found them. tnx a lot sir', 1465998674, NULL, 0),
('Pages', 2, 188, 187, 24, 'Admin', NULL, 'Hi. You are quite welcome. Sorry for the delay.', 1466324981, NULL, 1),
('Pages', 2, 189, NULL, 149, NULL, NULL, '1) It might be done with the new system.\r\n2) The new version should be used.', 1466411450, NULL, 0),
('Pages', 2, 190, NULL, 155, NULL, NULL, 'Dear Mr. Kahdem, \r\nI would be thankful for your help regarding the below question. \r\n\r\nIn the following topic, TPO 34, we are supposed to consider the assumption of the difficulty of educating today''s children true, and discuss the cause of this issue, because clause. Am I right?\r\nDo you agree or disagree with the following statement? Educating children is a more difficult task today than it was in the past because they spend so much time on cell phone, online games, and social networking Web site.\r\nIn other words, we should bring some supporting points for this reason in the case of agreement and other causes instead of the mentioned clause for disagreement. \r\n', 1466571582, NULL, 0),
('Pages', 2, 191, 190, 155, NULL, NULL, ', and discuss -> and discuss (this is a typo)', 1466571708, NULL, 0),
('Pages', 2, 192, NULL, 133, NULL, NULL, 'سلام استاد عزیز، خسته نباشید \r\nاین جمله که زیر نوشتم درسته یا فقط در حالت فاعلی میشه این مدلی نوشت. \r\n---The man whose wallet I found is happy ==>>The man, the wallet of whom I found, is happy. ', 1466581130, NULL, 0),
('Pages', 2, 193, 191, 155, NULL, NULL, 'I just found the same topic in your book, topic 121. But it seems completely off-topic to me! I am too confused. I think if the writer had wanted to target the effect of technology on teaching children, he/she would have written the topic in another way.  Would you please help me? I am almost near the date of my exam and today stuck in this annoying problem. \r\np.s: the conclusion paragraph of this essay in the 3rd edition has a typo, I think. After recommend that (do) not ..... / do should be omitted. \r\n', 1466581709, NULL, 0),
('Pages', 2, 194, 193, 155, NULL, NULL, 'من فکر کردم بیشتر و الان به نظرم 121 درسته ولی مشکل دیگه ای وجود دارد و اونم اینکه برای مخالفت توی این موارد جملات غیرساده فقط یک حالت مخالفت وجود ندارد. یعنی هم به هر clause میشه جداگانه ارزش داد و هم به حرف ربطش.  ولی یک حالت موافقت وجود دارد. محافظه کارانه است که موافق بود همیشه. ولی سوالم همچنان هست که از این حالتهای زیر کدامش مد نظر طراح است.(فارسی نوشتم منظورم رو درست برسونم.ببخشید)\r\n\r\nمخالف 1 : آموزش بچه ها سختتر شده(موافقم) چون (مخالفم) وقتشون رو پای اینترنت میگذرونند (موافقم) \r\nبنابراین باید دلیل مخالفتش با چون رو بنویسد یعنی بنویسه چرا فکر میکنه دلیلش این نیست. (مثلا من نوشتم که دلیلِ سختتر شدن آموزش و اینکه وقتشون رو پای اینترنت میگذارن چیزهای دیگه ای است و در هر پاراگراف توضیحشون دادم. یعنی گفتم این دوتا معلولِ یک سری علتِ دیگه اند.)\r\n\r\nمخالف2: آموزش بچه ها سختتر شده(مخالفم یعنی آسونتر شده) چون (مخالفم) وقتشون رو پای اینترنت میگذرونند (موافقم)\r\nبنابراین باید بنویسه آسونتر شده است و دلایلش رو بگه و بگه چرا اینترنت دلیلش نیست. چیزِ دیگه ای دلیلش است.\r\n\r\nمخالف 3: آموزش بچه ها سختتر شده(موافقم) چون (.....) وقتشون رو پای اینترنت میگذرونند (مخالفم)\r\n  بنابراین باید بنویسه که من مخالفم که بچه ها خیلی وقتتشون را پای اینترنت میذارند. ولی قبول دارم اموزش ها سختتر شده و دلیلش را بنویسد. \r\n\r\nموافق: آموزش بچه ها سختتر شده (موافقم) چون (موافقم) وقتشون رو پای اینترنت میگذرونند (موافقم)      \r\nباید بسط بده که چرا اینترنت مانع یادگرفتن بچه ها میشه. \r\n\r\n+فقط موافق بودن است که یک حالت داره و بقیه حالتها باید یکی شو قبول نداشت تا بشه نوشت. \r\n ', 1466587632, NULL, 0),
('Pages', 2, 195, 192, 24, 'Admin', NULL, 'سلام. درسته ولی خیلی کم استفاده میشه.', 1466611851, NULL, 1),
('Pages', 2, 196, 189, 25, 'Admin', NULL, 'Dear Mr. Zare,\r\nThank you for participating in challenges. The following are the answers.\r\n\r\nChallenge 1: the other problem is that the indirect object has come before the direct one in this sentence.\r\n\r\nChallenge 2: Sentence 4 is the best answer.\r\nThe second challenge was choosing the best sentence and the hint was that “in the process of opting for the best sentence, it is generally best to choose the most recent or newest information.” Considering this fact, we can easily learn that sentences 1 and 2 refer to known situations: physics and physicists.  Similarly, sentence 3 also begins with a known situation: velocity.  Opting for velocity and sentence 3 as the best option would be a good choice if velocity weren’t a common topic for physicists. Therefore, sentence 4 is the best situation as it begins with totally new information.\r\n\r\nChallenge 3: \r\n1.	This can/may/might/could be done with the new system.\r\n\r\n2.	The new version must/should be used.\r\n\r\nBoth of your answers are right. Congratulations!\r\n\r\nRegards,\r\n\r\nKhezerlou\r\n', 1466626235, NULL, 1),
('Pages', 2, 197, 195, 133, NULL, NULL, 'استاد مرسی از محبتتون ... واقعا ممنونم', 1466770003, NULL, 0),
('Pages', 2, 198, NULL, 133, NULL, NULL, 'سلام استاد، خسته نباشید. ممنونم از راهنمایی های قبلیتون. دو تا سوال داشتم 1. من تو پاراگراف پایینی از ساختار adjective clause استفاده کردم نمی دونم درسته یا نه میشه کمکم کنید؟ مخصوصا اونجایی که با not only ...but also آوردم. \r\nAsk for the rain fall is the best plea for a divine blessing. The green world which is the best place of living in particular for human beings and in general for other creatures, all of which includes any sizes from micrometers to decameters, beside all inhabitants on it owe the water a great debt for its precious role  as a pivotal vessel in their lives. If I have gain the virtue of capability to invent the new things, without a shred of doubt, I invent a new machine which not only instigates clouds to rain, but can change the sunny weather to the rainy one as well. This invent can play a significant role in the human’s and other species’ life, the reasons of which will be elaborated upon as follows.\r\n2.تو این تست پایین که تو جزوه ی گرامرتون هست من احساس می کنم باید they حذف بشه درسته؟\r\n Infants who respond to brightly colored objects long before they learn words or even complex purposeful movements  \r\nپیشاپیش ممنونم از راهنمایی هاتون\r\n', 1466770821, NULL, 0),
('Pages', 2, 199, 198, 133, NULL, NULL, 'humans''', 1466772110, NULL, 0),
('Pages', 2, 200, NULL, 117, NULL, NULL, 'سلام استاد خسته نباشید\r\nدر مورد such as  سوالی داشتم\r\nدر جزوه مثالی هست در مورد cartoon characters\r\nسرکلاس فرمودید که advance مثال جزوه به این صورته\r\nsuch cartoon characters as Mickey Mouse and Snoopy are still popular.\r\nحالا این جمله ایا درسته؟\r\nsuch factors must be considered to synthesize the nanoparticles as cytotoxicity, and ease of excretion\r\nتعداد فاکتورهاخیلی بیشتر از دو تاست طوری که اگر در انتهای جمله و بعد از فاکتورها بخوام  must be considered to synthesize the nanoparticles  رو بیارم یه کم گیج کننده میشه.', 1466777081, NULL, 0),
('Pages', 2, 201, 200, 24, 'Admin', NULL, 'سلام. نه اون خوب نیست.\r\nsuch factors as cytotoxicity and ease of excretion must be considered to synthesize the nanoparticles.\r\nبعد از اسم جمع باید as بیاد.  ', 1466885462, NULL, 1),
('Pages', 2, 202, NULL, 45, NULL, NULL, 'Dear Mr. Khadem\r\nAs I promised to put a brief analysis of today’s TOEFL exam, I will write down the topics of today’s test and my personal opinion about it.\r\nThe reading part’s topics were as follows:\r\n1.	Group foraging of primates\r\n2.	The Terracotta Army sculptures (the famous sculptures made in the Chinese empire)\r\n3.	The first evidences of domestication and farming\r\n4.	The Indo-European languages\r\n\r\nThe listening part’s lectures’ topics were as follows:\r\n1.	A historic map of America \r\n2.	Finding a specific form of Carbon in the space \r\n3.	Using astronomy in art appreciation\r\n4.	The importance of microclimates for reptiles\r\n\r\nThe speaking part’s topics were as follows:\r\n1.	If you want to present your country to foreigners, which aspect would you choose to talk about? History, art and culture, geography\r\n2.	A factory is going to be opened in your neighbor. Do you think it is advantageous or not?\r\n3.	An announcement about an open day in the campus gym, for encouraging students to exercise more. \r\n4.	A phenomenon about plants of species, which do not grow similarly in order to survive\r\n5.	The woman has bought a nice box of chocolate for her friend, who is going to be awarded tonight in a ceremony dinner, and the chocolate is melted.\r\n6.	The influences of the recording technology on music\r\nThe writing part’s topics were as follows:\r\n1.	The reading’s topic was about three methods of controlling the growth of false bamboo in the UK, and the lecturer refutes them.\r\n2.	Do you prefer that your work space gets redesigned in order to make a more comfortable space for employees, or the quality of the technologies at your work improves?\r\nIn my opinion the exam was as difficult as 40 to 48 TPOs. It had a long format reading part, which was helpful in my opinion, because at first having completely focus on the exam is difficult, and as a result, four passages is better than three. The listening had some tricky questions. \r\nRegarding Amirbahador complex, I should advocate their equipment and discipline, however, I think that their instructions about the test were not enough. I haven’t had a test before, therefore I was not familiar with the procedure of exam and its break time, in addition to the possible distractions of other test takers. I think that experiencing a test in the same environment before the main exam can help noticeably.\r\n\r\nWith best regards\r\nFatemeh Asgharzadeh\r\n\r\n\r\n\r\n\r\n\r\n\r\n', 1466886117, NULL, 0);
INSERT INTO `ym_comments` (`owner_name`, `owner_id`, `comment_id`, `parent_comment_id`, `creator_id`, `user_name`, `user_email`, `comment_text`, `create_time`, `update_time`, `status`) VALUES
('Pages', 2, 203, 198, 24, 'Admin', NULL, 'سلام. خواهش میکنم\r\n\r\n Asking for rainfall is the best plea for a divine blessing. The green world, which is the best place of living for all creatures in general, all of which include different sizes ranging from micrometers to decameters, and for human beings in particular, are all indebted to water for its precious role as a pivotal vessel in their lives. If I were capable of inventing a new thing, without a shred of doubt, I would invent a new machine, which would not only instigate clouds to rain, but could change the sunny weather to a rainy one as well. This invention can play a significant role in the life of humans and other species. The reasons why I believe so are as follows. \r\nInfants respond to brightly colored objects long before they learn words or even complex purposeful movements.\r\nباید بیشتر کار کنید.\r\n', 1466886270, NULL, 1),
('Pages', 2, 204, 202, 24, 'Admin', NULL, 'Hi. Thanks a bunch for the invaluable data you shared with us. I hope others follow suit and do the same thing as you did so that other students can benefit from such experiences. I hope you get a high score, as I know you deserve it. Regards. Amir Khadem.', 1466886665, NULL, 1),
('Pages', 2, 205, 203, 133, NULL, NULL, 'خیلی ممنونم استاد عزیز.', 1466915899, NULL, 0),
('Pages', 2, 206, NULL, 25, 'Admin', NULL, 'Answers to Word Formation article\r\n\r\nChallenge 1: \r\n1. asterisk\r\n2. astrophysics\r\n3. astronomy\r\n4. astral\r\n5. asteroid\r\n\r\nChallenge 2:\r\n\r\nAstronomy is a branch of physics that studies celestial bodies and the universe as a whole, whereas astrology is a pseudoscience claiming to foretell the future based on the positions of the planets, stars, the sun and the moon in the sky. To have a better understanding, consider the following examples.\r\n\r\n1. “Usually people come to me when there’s a drama that they can’t answer,” said Swift, who believes astrology can explain almost everything. — New York Times (Jun 16, 2016)\r\n\r\n2. It does astronomy, physics and environmental science with telescopes, seismographs and instruments that monitor the atmosphere. — US News (Jun 22, 2016)\r\n\r\n\r\nChallenge 3:\r\n\r\n1.  astrologer (ə’s.trɒl.ə.dʒər) n: someone who predicts the future by the positions of the planets, stars, the sun and the moon in the sky.\r\n\r\nShe is an astrologer, though, so she knows that for some, that’ll taint her report. — Seattle Times (May 16, 2016)\r\n\r\n2. astrobiology (æs.trəʊ.baɪ’ɒl.ə.dʒɪ ) n: the branch of biology concerned with the effects of outer space on living organisms and the search for extraterrestrial life\r\n\r\nThat’s increasingly the view of investigators studying the science of exobiology—also known as astrobiology, also known as just plain ET. — Time (Mar 3, 2016)\r\n\r\n3. astrophile (‘æs.troʊ.faɪl) n: someone who is fond of star lore or the acquired knowledge or wisdom about stars; love or fondness of the stars.\r\n\r\nAstrophile is our weekly column on curious cosmic objects, from the solar system to the far reaches of the multiverse. — New Scientist (Jun 24, 2016)\r\n\r\nKhezerlou\r\n', 1467051086, NULL, 1),
('Pages', 2, 207, NULL, 25, 'Admin', NULL, 'Word Order in English (2)\r\n\r\nAnswers for the challenges\r\n\r\n1. Three hundred and fifty subjects participated in the survey.\r\n\r\n2. The referee’s repots have arrived.\r\n\r\n3. The sugar transporter was of particular interest, because it does not affect preferential D-glucose binding but it is inhibitory to the active transport of sugars by the small intestine.\r\n\r\n4. Although algorithms for this kind of processing are reported in the above references, the execution of …\r\n\r\n\r\nRegards,\r\n\r\nKhezerlou\r\n', 1467217583, NULL, 1),
('Pages', 2, 208, NULL, 25, 'Admin', NULL, 'Word Formation 3: Answers\r\n\r\nChallenge 1:\r\n\r\n\r\n1. You really can circumvent the automated application and reach out to your hiring manager.  —Forbes (Aug 3, 2015)\r\n\r\n2. All new human beings arrive vulnerable to circumstances over which they had no influence, but which, in turn, have enormous influence on them. —New York Times (Oct 14, 2015)\r\n\r\n3. The second penguin seemed more circumspect, pausing at length to examine the unfamiliar terrain. —The New Yorker (Mar 12, 2015)\r\n\r\n4. We encourage candor to the point of tactlessness: No circumlocution, no fancy rhetoric, no beating around the bush. —Forbes (Mar 29, 2013)\r\n\r\n5. That’s almost 10 times the circumference of the Earth, which is a surprisingly small 24,859.82 miles. —BBC (Dec 1, 2014)\r\n\r\n\r\nChallenge 2:\r\n\r\ncircumscribe (''sɜr.kəm.skraɪb) v: to draw a geometric figure around another figure so that the two are in contact but do not intersect; restrict or confine\r\n\r\nنوشتن‌ در دور، محدود ومشخص‌ كردن‌\r\n\r\nHere lies a paradox of the road trip: It is a venture into the open frontier, circumscribed by the narrow confines of an automobile.  —New York Times (Sep 15, 2014)\r\n\r\ncircumflex (''sɜr.kəm.fleks) n: a diacritical mark (^ or ~) placed above a vowel in some languages to indicate a special phonetic quality\r\n\r\nکج ،خم ،خميده\r\n\r\nExclamations often have a circumflex inflection, as ‘Really!’ spoken in a sarcastic tone; that is, the pitch rises and falls. —Baum, Paull Franklin\r\n\r\ncircumnavigate (sɜr.kəm.''næv.ɪ.geɪt) v: travel around, either by plane or ship\r\n\r\nدورتادورگيتي‌ يا اقليمي‌ كشتي‌ راني‌ كردن‌، زمين‌ رادورزدن‌، پيرامون‌ پيمودن‌\r\n\r\nBy 1522, Magellan’s expedition had successfully circumnavigated the globe, and Spanish colonies were sprouting across the Americas — Hispaniola, Cuba, Puerto Rico, Jamaica, Panama, Mexico.  —Washington Post\r\n\r\n\r\n\r\nI will be waiting to see your comments on the website: http://avayeshahir.com/beta/en/forum\r\n\r\nThe feedbacks will be provided on Wednesday.\r\n\r\nYou are welcomed to express your comments.\r\n\r\n\r\nRegards,\r\n\r\nHossein Khezerlou\r\n\r\n', 1467610918, NULL, 1),
('Pages', 2, 209, NULL, 117, NULL, NULL, 'Dear Mr. Khadem;\r\nIn the class, you read a sentence and I write one as a response to it, is it true?\r\nSome people believe that a white lie can be an open sesame in a relationship, but as far as I am concerned, "lying is the notorious root of all evils".\r\nMy sentence:\r\nMost of people and I subscribe to the view that lying is the notorious root of all evils. However, as far as one''s reputation is concerned, white lie can be an open sesame to save a relationship.\r\n', 1467644130, NULL, 0),
('Pages', 2, 210, 209, 24, 'Admin', NULL, 'Hi. This is better. Most people and I subscribe to the view that lying is the notorious root of all evil. However, as far as one''s reputation is concerned, a white lie can be an open sesame to save a relationship.', 1467737972, NULL, 1),
('Pages', 2, 211, NULL, 117, NULL, NULL, 'با سلام و خسته نباشید\r\nخواستم از مطالب جدیدی که در کانال قرار دادید در مورد اسامی مختلف برای دزدی و بیماریها تشکر کنم چون خیلی کمکم کننده هستند و اینکه یک کانالی هست برای آیلتس که مطالبش با این کانال مشترکه کاملا. ممکنه فقط توی همون کانال باشه تا با مطالب تافل قاطی نشن. مخصوصن فیلم ها که به صورت رایگان هم از سایت مربوطه قابل دانلود هست', 1469294109, NULL, 0),
('Pages', 2, 212, 211, 26, 'Admin', NULL, 'سلام. ممنون از لطفتون. ایشالا یه برنامه ریزی منسجم برای این مطالب خواهیم داشت.', 1469357195, NULL, 1),
('Pages', 2, 213, NULL, 115, NULL, NULL, 'Hello \r\nI saw this sentence in dictionary\r\nToday''s problem child may be tomorrow''s criminal.\r\nI believe the first sentence - Today''s problem child - is not true, it should be child today''s problem. is it true? \r\nThanks a lot', 1469373794, NULL, 0),
('Pages', 2, 214, NULL, 148, NULL, NULL, 'با سلام\r\n\r\nببخشید اقای خادم شما تو کلاس رایتینگ گفتید که جاهایی که ما توش زندگی میکنیم مثل مدرسه باید sمالکیت بگیره پس چرا داریمschool decision واینکه برای حیوانات پس چرا \r\nsnake bite\r\nباتشکر', 1469420446, NULL, 0),
('Pages', 2, 215, 214, 24, 'Admin', NULL, 'سلام. گفته شد که میتونه بگیره نه اینکه باید بگیره.', 1469637715, NULL, 1),
('Pages', 2, 216, 213, 24, 'Admin', NULL, 'سلام. نه درسته جمله. یعنی "بچه دردسرساز امروز مجرم فردا خواهد شد."', 1469637830, NULL, 1),
('Pages', 2, 217, NULL, 95, NULL, NULL, 'Hi everyone. My understanding of the proverb said by Mark Twin is this:\r\nسن یک مساله قدرت ذهن است.هرگاه اهمیت ندهی، اهمیت پیدا نمی کند. ', 1469639625, NULL, 0),
('Pages', 2, 218, 217, 24, 'Admin', NULL, 'Hi. Not bad!\r\n', 1469644494, NULL, 1),
('Pages', 2, 219, NULL, 148, NULL, NULL, 'با سلام\r\nببخشید اقای خادم given در عبارت روبه رو معنی چی میدهد؟                       in any given society\r\nواینکه درجمله روبه رو warrior-kings یعنی چی؟                    A scion of a family of warrior-kings in northern India.\r\nباتشکر فراوان\r\n', 1469975208, NULL, 0),
('Pages', 2, 220, NULL, 118, NULL, NULL, 'Dear Mr. Khadem,\r\nCould you please deliberate on the answer(s) to this question in your pamphlet:\r\n12. Checkerboard Mesa in Utah features a strangely cracking expanse of stone.\r\n                                                  A            B            C                        D\r\nAccording to the file uploaded in the site, the answer is B - "strangely" must be rectified to "strange".\r\nHowever, I firmly believe that this test have two answers:\r\n1. The first answer is as yours - Checkerboard Mesa in Utah features a strange cracking expanse of stone. Then, the translation would be:\r\nچکربورد ... گستره ی سنگی عجیب و محشری است.\r\n2. The second answer, which comes to me first, is: "Checkerboard Mesa in Utah features a strangely cracked expanse of stone." and its corresponding translation would be:\r\nچکربورد... گستره ای از سنگ است که به نحو نامتعارف و عجیبی ترک خورده است. (دارای ترکخوردگی های نامتعارفی است؛ به طور عجیبی ترک خورده است...)\r\nI''m looking forward to hearing your answer.\r\nRegards,\r\nRaha', 1470241679, NULL, 0),
('Pages', 2, 221, 220, 24, 'Admin', NULL, 'Hi there. I am very delighted to see how great you can analyze grammatical structures. Sure! What you said is correct as well.\r\n', 1470244596, NULL, 1),
('Pages', 2, 222, 220, 24, 'Admin', NULL, 'Hi there. I am very delighted to see how great you can analyze grammatical structures. Sure! What you said is correct as well.\r\n', 1470244597, 1471845794, 2),
('Pages', 2, 223, 219, 24, 'Admin', NULL, 'Hi. The word "given" is used here to mean "particular or specific" or simply for emphasis. \r\nWarrior-kings is name of a tribe.', 1470245023, NULL, 1),
('Pages', 2, 224, NULL, 118, NULL, NULL, 'Dear Mr. Khadm,\r\n\r\nThanks a lot for your answer to my previous problem. I would also be grateful if you would check my answer to this question from your pamphlet:\r\n"Infants who respond to brightly colored objects long before they learn words or even complex purposeful movements." (who, brightly colored, long before and even are underlined.)\r\nTo correct the sentence, do we have to cross out the world "who"?\r\n\r\nBest regards\r\n\r\n\r\n\r\n', 1470638359, NULL, 0),
('Pages', 2, 225, NULL, 118, NULL, NULL, 'سلام استاد، در پاسخنامه جزوه برای نوشتن موصولی های سئوال زیر زمان از حال به گذشته تغییر کرده (is شده was). این کار ضرورتا باید انجام بشه یا شاید هم یه اشکال تایپی ئه؟\r\nThe restaurant is fantastic. We had lunch there.\r\n\r\nThe restaurant where we had lunch was fantastic.\r\nThe restaurant at which we had lunch was fantastic.\r\nThe restaurant which we had lunch at was fantastic.\r\nThe restaurant that we had lunch at was fantastic.\r\nThe restaurant we had lunch at was fantastic.\r\n', 1470667465, NULL, 0),
('Pages', 2, 226, NULL, 118, NULL, NULL, 'Dear Mr. Khadem,\r\nCould you please say that which punctuation(s) is/are correct?\r\n1- A competent manager should enjoy quite a few features, three of which - that is, far-sightedness, courage, and knowledge - are of great importance.\r\n2- A competent manager should enjoy quite a few features, three of which - that is - far-sightedness, courage, and knowledge are of great importance.\r\n3- A competent manger should enjoy quite a few features, three of which - that is - far-sightedness, courage, and knowledge, are of great importance.\r\nRegards', 1470722968, NULL, 0),
('Pages', 2, 227, 226, 24, 'Admin', NULL, 'سلام. آخری درسته.', 1470742417, NULL, 1),
('Pages', 2, 228, 225, 24, 'Admin', NULL, 'سلام. هر دو درسته.', 1470742519, NULL, 1),
('Pages', 2, 229, 224, 24, 'Admin', NULL, 'Hi. u r quite welcome. Sure. Cross out the pronoun "who".', 1470743093, NULL, 1),
('Pages', 2, 230, NULL, 118, NULL, NULL, 'استاد ببخشید میشه بگید punctuation اولی چرا غلطه؟ خوب یه توضیح اضافه رو بین دو تا دش آوردیم دیگه. با همه چیزهایی که درس دادید جور در میاد. \r\nو دیگه این که توی آخری که گفتید درسته، مگه قرار نبود بین subject و predicate کاما نگذاریم مگر در حالتی که nonrestrictive adj clause داشته باشیم، پس جرا اینجا قبل از are کاما باید بگذاریم؟ :(\r\nممنون میشم از این گیج شدگی درم بیارید :)\r\nمرسی.', 1470745699, NULL, 0),
('Pages', 2, 231, 230, 276, NULL, NULL, 'سلام. اولی هم خوبه. چون نهاد جمله همون three of which به حساب میاد، و کل چیزی که بعدش اومده توضیح اضافست، جمله اول و آخر درستن.', 1470936467, NULL, 0),
('Pages', 2, 232, NULL, 148, NULL, NULL, 'Dear Mr.Khadem\r\nAt first, i should be grateful for what you have taught us and i would like you to pardon us for asking many questions; anyway, i was wondering if you could explain to me differences between "susceptible to" and "vulnerable to''''.\r\nBest regards\r\n ', 1471031888, NULL, 0),
('Pages', 2, 233, NULL, 118, NULL, NULL, 'Dear Mr. Khadem,\r\nI think there is sth wrong with the answer to the following question from your TOEFL pamphlet - can you pls check it:\r\nQ: Suddenly a man appeared at the back door. She knew the man was wanted by the police.\r\nA: Suddenly a man, whom she knew was wanted by the police, appeared at the back door. \r\nI think no comma is needed, in that it is a defining adj clause. Please correct me if I''m wrong.\r\nRegards\r\n', 1471076317, NULL, 0),
('Pages', 2, 234, NULL, 118, NULL, NULL, 'سلام مجدد\r\nاستاد بیزحمت این چند مثال دیگه رو هم می بینید، اینها هم جزء اون هفت مورد که کاما لازم دارند نیستند و به نظر میاد باید کاماهاش حذف شه. درسته؟\r\n1. The books finally arrived. He had written for the books. \r\n- The books, which he had written for, finally arrived.\r\n\r\n2. This television program is very popular with young children. Some educators are producing the program.\r\n- This television program, which some educators are producing, is very popular with young children. \r\n\r\n3. Some people do not like modern art. They believe it is only a random splashing of paint on canvas.\r\n- Some people do not like modern art, which they believe is only a random splashing of paint on canvas.\r\n\r\n4. He made some notes on a piece of paper. He then quickly put the piece of paper in his pocket.\r\n- He made some notes on a piece of paper, which he then quickly put in his pocket.\r\n \r\n5. His last letter was lost. It was the letter in which he enclosed the check.\r\nHis last letter, in which he enclosed the check, was lost. \r\nخیلی مرسی استاد از راهنمایی هاتون.', 1471082657, NULL, 0),
('Pages', 2, 235, 234, 24, 'Admin', NULL, 'سلام. نه. هفتاشون کاما نیاز دارن. چون نیاز به اون adj clause ها برای مشخص شدن ندارن. اگه کاما بیاد، همشون restrictive میشن که معنیشون خیلی بد میشه.', 1471182616, NULL, 1),
('Pages', 2, 236, 233, 276, 'Admin', NULL, 'سلام. منظور "اون آقایی که ... " نیست بلکه "یه آقا که" هستش. پس کاما نمیخواد.', 1471196731, 1471196853, 2),
('Pages', 2, 237, 233, 24, 'Admin', NULL, 'سلام. منظور "اون آقایی که ... " نیست بلکه "یه آقا که" هستش. پس کاما نمیخواد.\r\n\r\nپاسخ\r\n', 1471196963, NULL, 1),
('Pages', 2, 238, NULL, 115, NULL, NULL, 'سلام جناب خادم ضمن تشکر از پاسخ های کامل شما خواستم بپرسم در کتاب شما در چند نمونه رایتینگ از عبارت are of great  استفاده شده است که بیشتر در مقدمه رایتینگ به کار میرود. راستش من وجود of رو توی جمله درک نکردم. یک جمله از کتاب را برای روشن شدن موضوع قرار میدهم.                                                                                                             among which having tha ability, being a good planner, and having a vast knowledge are of great importnace.  همچنین در یک قسمت از رایتینگ آقای کنعانیان گفته شده : are most conspicuous ones.   اگه توضیح دهید که معنی ones  هم چی میشه ممنون میشوم.', 1471812810, NULL, 0),
('Pages', 2, 239, NULL, 118, NULL, NULL, 'Dear Mr. Khadem,\r\nAs I remember, when producing relative clauses, we have to omit the repeated noun and replace it with a proper relative pronoun. We have such correct sentences like below, still, in which the repeated nouns are not omitted:\r\n-He is such an artist that everyone likes to see ''''him''''.\r\n-It''s such a good film that I''d like to see ''''it'''' again.\r\nCould you please explain the reason why "him" and "it" are not omitted? Can we say that it is due to using "such" in main clauses? Or maybe we can say above-mentioned "that clauses" describe not "he" and "it'', but "artist" and "film"?\r\nBest regards,\r\nRaha\r\n', 1472034358, NULL, 0),
('Pages', 2, 240, NULL, 118, NULL, NULL, 'سلام مجدد و عرض ادب\r\nاستاد ببخشید این ساختار so+adj.+a/an+noun برای اسمهای غیر قابل شمارش (و قابل شمارش جمع) هم می  تونه به کار بره؟ مثلا درسته اگه بگیم:\r\nIt was so beautiful jewelry that I have never seen something like it.\r\nمرسی استاد از راهنمایی هاتون.\r\n\r\n', 1472038557, NULL, 0),
('Pages', 2, 241, NULL, 118, NULL, NULL, 'سلام استاد\r\nاستاد عبارت to type در جمله زیر (و مصدرهای با toی دیگه که کلا در سایر جملات مشابه بعد از اسم میان) کدوم یکی از post modifier ها محسوب میشه؟ یا اصلا جزء post modifierها نیست؟\r\nShe had so many letters to type that she couldn’t leave the office early.\r\nممنون.', 1472055144, NULL, 0),
('Pages', 2, 242, NULL, 118, NULL, NULL, 'سلام استاد عزیز\r\nدر تست زیر:\r\n44. Which sentence is grammatically wrong?\r\n1. We moved to London so that we could visit our friends more often.\r\n2. The weather is lovely, isn''t it? I didn''t expect it to be so nice day.\r\n3. I didn''t get the job, though I had all the necessary qualifications.\r\n4. Her illness was much more serious than we thought at first.\r\nعلاوه بر گزینه 2 گزینه 4 هم غلط است. درسته؟ گزینه 4 باید اصلاح بشه به much more serious than WHAT we thought at first.... درسته؟\r\n\r\nهمینطور در مورد این تست:\r\n45. Which sentence is grammatically wrong?\r\n1. It was such boring film that I fell asleep while I was watching it.\r\n2. I managed to get to sleep, although there was a lot of noise.\r\n3. Please arrive early so that we can start the meeting on time.\r\n4. Some things are too small to see without a microscope.\r\nباز به نظر میاد علاوه بر گزینه 1 گزینه 4 هم غلط باشه که باید اصلاح بشه به: too small to be seen....\r\nممنون استاد جان.\r\n', 1472108473, NULL, 0),
('Pages', 2, 243, 238, 118, NULL, NULL, 'سلام.\r\nبا توجه به این که یادم افتاد این جا رو استاد گذاشته بود که همه بیایم اظهار نظر کنیم، با اجازتون من فعلا نظر می دم، حالا اگه استاد بعدا اومدن تأیید، تکمیل یا اصلاح کنند :))\r\nto be of great/considerable/high/enormous/... importance \r\nبه معنی مهم بودنه، یعنی از اهمیت بالا و قابل توجهی برخوردار بودن.\r\nدر مورد سئوال دومتون هم ones اینجا ضمیره که برای جلوگیری از تکرار اسم قبلی اش اومده. یعنی «... مشهودترین هاشون هستند».', 1472489576, NULL, 0),
('Pages', 2, 244, 243, 115, NULL, NULL, 'خیلی ممنون از پاسختون', 1472663785, NULL, 0),
('Pages', 2, 245, 238, 24, 'Admin', NULL, 'سلام. of importance یعنی important. کلمه ones هم برمیگرده به اسم جمعی که قبل از خودش اومده.', 1472904170, NULL, 1),
('Pages', 2, 246, 239, 24, 'Admin', NULL, 'They are adverb clauses rather than adjective clauses.', 1472904262, NULL, 1),
('Pages', 2, 247, 240, 24, 'Admin', NULL, 'Hi. No. I don''t think so.\r\n', 1472904324, NULL, 1),
('Pages', 2, 248, 240, 24, 'Admin', NULL, 'Hi. No. I don''t think so.\r\n', 1472904325, NULL, 1),
('Pages', 2, 249, 241, 24, 'Admin', NULL, 'They are not modifiers. ', 1472904447, NULL, 1),
('Pages', 2, 250, 242, 24, 'Admin', NULL, 'در جمله اول، what ضروری نیست. در تست 2 هم، به صورت غیر رسمی استفاده میشه ولی به نظر من هم غلطه این نوع گرامر.', 1472904656, NULL, 1),
('Pages', 2, 251, 245, 115, NULL, NULL, 'با تشکر فراوان از شما', 1473007590, NULL, 0),
('Pages', 2, 252, NULL, 180, NULL, NULL, 'Ba Salam\r\nHow are we supposed to form the superlative of the adjective "common"?\r\nIn many dictionaries superlative form ,"commenest", is suggested. Since I have seen both "commonest" and  "most common" in many passages, I do not know which one is right?\r\nThanks in advance', 1473029316, NULL, 0),
('Pages', 2, 253, 252, 24, 'Admin', NULL, 'Hi.\r\nWith these adjectives both forms are correct. However, in some cases, one of them is more common than the other one.\r\n---Clever               cleverer/ more clever                 	cleverest/ most clever\r\n---Common           commoner/ more common       	commonest/ most common\r\n---Gentle               gentler/ more gentle                	gentlest/ most gentle\r\n---Happy               happier/ more happy                	happiest/ most happy\r\n---Narrow             narrower/ more narrow           	narrowest/ most narrow\r\n---Pleasant           pleasanter/ more pleasant        	pleasantest/ most pleasant\r\n---Shallow            shallower/ more shallow           	shallowest/ most shallow\r\n---Simple              simpler/ more simple                	simplest/ most simple\r\n---Tender              tenderer/ more tender              	tenderest/ most tender\r\n---Tired                 tireder/ more tired                   	tiredest/ most tired\r\n---Yellow              yellower/ more yellow               	yellowest/ most yellow\r\n---Handsome        handsomer/more handsome    	handsomest/most handsome\r\n---Polite               politer/ more polite                  	politest/most polite\r\n---Quiet               quieter                                      	quietest\r\n---Fun                  funner/more fun                         	funnest/the most fun\r\n', 1473531168, NULL, 1),
('Pages', 2, 254, NULL, 400, NULL, NULL, 'Hello professor, \r\nHow am I supposed to mention three reasons--at the end of intro part of the writing--but in the form of two reasons, \r\nFor instance : " the reasons for my choice are manifold, among which, leadership skills and personality (as one reason) and demeanor(as another reason)\r\nby regards.. ', 1475218813, NULL, 0),
('Pages', 2, 255, NULL, 115, NULL, NULL, 'سلام جناب خادم. امیدوارم خوب و سلامت باشید. \r\nچرا در جمله زیر قبل از progress  از the ‌استفاده نشده است.\r\neducation is the cornerstone of progress', 1475524597, NULL, 0),
('Pages', 2, 256, 255, 24, 'Admin', NULL, 'سلام. ممنونم. چون اسم معناست و جنرال هم هست.', 1476000923, NULL, 1);

-- --------------------------------------------------------

--
-- Table structure for table `ym_counter_save`
--

CREATE TABLE IF NOT EXISTS `ym_counter_save` (
  `save_name` varchar(10) COLLATE utf8_persian_ci NOT NULL,
  `save_value` int(10) unsigned NOT NULL,
  PRIMARY KEY (`save_name`)
) ENGINE=InnoDB DEFAULT CHARSET=utf8 COLLATE=utf8_persian_ci;

--
-- Dumping data for table `ym_counter_save`
--

INSERT INTO `ym_counter_save` (`save_name`, `save_value`) VALUES
('counter', 29159),
('day_time', 2457758),
('max_count', 339),
('max_time', 1477816200),
('yesterday', 94);

-- --------------------------------------------------------

--
-- Table structure for table `ym_counter_users`
--

CREATE TABLE IF NOT EXISTS `ym_counter_users` (
  `user_ip` varchar(255) COLLATE utf8_persian_ci NOT NULL,
  `user_time` int(10) unsigned NOT NULL,
  PRIMARY KEY (`user_ip`)
) ENGINE=InnoDB DEFAULT CHARSET=utf8 COLLATE=utf8_persian_ci;

--
-- Dumping data for table `ym_counter_users`
--

INSERT INTO `ym_counter_users` (`user_ip`, `user_time`) VALUES
('00425d6e9d977bcc101c9a190837eb11', 1483484495),
('0a105d2158e2522dcdb422b1a52324d5', 1483513202),
('0e22e5864a6c4285f804af0b6515a102', 1483512019),
('0f32a78051ee979aeed3aeb19a963fd5', 1483483428),
('12aba2385ccd41dadfb2578eee1c273c', 1483511229),
('141fda5d68419b126152ed46705e6a86', 1483508985),
('1734688a4f73590287b502c7c1e7e653', 1483478908),
('29623444d6e1797f6d425b63c8bc842a', 1483499702),
('2a231b79c3b3b18b3ecd438de5a8f536', 1483514356),
('2c21607dfd346902e10c2aba234e346f', 1483503590),
('31b723082d30053fa4d01f9fb6b0e7d7', 1483477343),
('335ba3b1dee07c6e2bcf2d4feeb2ccc3', 1483500534),
('346ce4102f2ea06a301769104d385b1a', 1483477301),
('35be17ba48bf6cc98971df55c7435577', 1483483533),
('3e877d3c318e1a4ef9fde7a0c08c1858', 1483486999),
('4182a3f64cfbab4a38026d895238eb4a', 1483511362),
('469a57def6af88673303afd412782912', 1483475846),
('56f7a2f62d8dcfaa080b8700cb0b035c', 1483481573),
('5e9349dc920c2f7cae82e8f0fe86ad74', 1483482181),
('65e8ac90bae7c4687be22de59b2b9577', 1483501881),
('68aa72db117d760620835e863d4271c9', 1483509252),
('691485384ed75b7ec140dea79a7e3618', 1483512907),
('6a91a54059f7a4ce67ae9cffb70b3bca', 1483510396),
('754fa22907a348047fda2f0ec16a22d0', 1483504545),
('7d89dd880399fbe6bfd30f3f01d9d0f4', 1483500118),
('8247d38de32d5b846fcd0e5567014cbc', 1483475707),
('84ac5541cbc5a3c6f849880d94c7bbcb', 1483512903),
('8590aa6773b2043acc0c52be739373a9', 1483487617),
('860995e8a00b9a6c537c814305c135a6', 1483481269),
('863f336d6706e774afb24fe5e9e8498e', 1483494421),
('8d5d8fd4e996f212a99c92478bf2fc33', 1483500429),
('8ff0998ed1deb08712d1b5c9bf6f3792', 1483478951),
('a41f6878053305c8beb2298b89938a62', 1483509355),
('a8fecdbb2db3a99a73aaf27fda3713fb', 1483491098),
('ab6ed59cb92b232d647a3932ae6fc273', 1483479082),
('b0b34c0d83efe7341d5fbbed0d6cee85', 1483512546),
('b1047e31a56c713d86aa00d8471e34b0', 1483494267),
('b49f73b72ddac75ba7a415c9932400a0', 1483510524),
('b770a0ec1abd731a551a1f84764265cd', 1483477279),
('c3947c0ee7cbc9a365bafefe36541d58', 1483506004),
('c507f6538b0fd652dba969e6b28677c6', 1483498165),
('cad81fb8d1eab6c8ae3fe5db7b239c66', 1483501057),
('cba92847ba7f2345d1ba3b3a02e3f23d', 1483487175),
('ce06452d74ad2b7b6e3a3d18ba7bc1e3', 1483475651),
('d608465b517e3da7c811cc2e29d83de6', 1483506188),
('dfa96e5fe380d87c9895838e4e22617f', 1483507473),
('e4820084046b3221fa6c82cd1e4374c3', 1483479000),
('e840fa0498090d27c3e8784667411e85', 1483511411),
('ea58d3005057dc350f8527156228ad96', 1483477373),
('eaf36e171d347c22d59e3c2ccb5763a9', 1483510022),
('f80d862b3c960e3f9bd49f462edfc501', 1483513208),
('fa76db1fd7521c079af7bdbefebc66a6', 1483491045),
('fb0239cbf61755b08307416c9f13b55c', 1483482368),
('fe33df4a659dec92ad69a9c5e8450436', 1483511090),
('fe9dce4223b76e80f65ddacaf6f1b26a', 1483479279);

-- --------------------------------------------------------

--
-- Table structure for table `ym_courses`
--

CREATE TABLE IF NOT EXISTS `ym_courses` (
  `id` int(11) unsigned NOT NULL AUTO_INCREMENT,
  `title` varchar(50) COLLATE utf8_persian_ci NOT NULL COMMENT 'عنوان',
  `pic` varchar(200) COLLATE utf8_persian_ci NOT NULL COMMENT 'تصویر',
  `summary` text COLLATE utf8_persian_ci NOT NULL COMMENT 'توضیحات',
  `order` int(10) unsigned NOT NULL,
  `seen` int(10) unsigned NOT NULL DEFAULT '0',
  PRIMARY KEY (`id`)
) ENGINE=InnoDB  DEFAULT CHARSET=utf8 COLLATE=utf8_persian_ci AUTO_INCREMENT=22 ;

--
-- Dumping data for table `ym_courses`
--

INSERT INTO `ym_courses` (`id`, `title`, `pic`, `summary`, `order`, `seen`) VALUES
(13, 'تافل آی بی تی', 'Wkt8u1463598016.png', '<p dir="rtl">دوره های تافل آی بی تی که زیر نظر اینجانب، امیر خادم، در موسسه آوای شهیر برگزار می شود رویکردی متفاوت از مراکز دیگر خواهد داشت.</p>\n\n<p dir="rtl"> </p>\n', 1, 12750),
(15, 'آیلتس ', 'VtRG01462256706.jpg', '<p>دوره های آموزش آیلتس موسسه پردیس آوای شهیر نیز مانند دوره های تافل آن تفاوت های چشمگیری دارد با دوره هایی که خود اینجانب، امیر خادم، سابقا برگزار میکردم و دوره هایی که موسسات دیگر برگزار میکنند. اول اینکه در این دوره ها تخفیف های ویژه ای برای دانشجویان عزیز در نظر گرفته شده &ndash; که بخشی از آن در سایت نت برگ ارائه خواهد شد &ndash; که شرایط ثبت نام را برای آنها ایده آل میکند. دوم اینکه، برعکس تمام موسسات، دو نمونه از رایتینگ های هر داوطلب به طور رایگان در طول ترم تصحیح میگردد که تاثیر به سزایی در نمره آیلتس آنها خواهد داشت. سوم اینکه در انتهای هر دوره، بنا به نیاز زبان آموزان، یک گارکاه چند ساعته برگزار خواهد شد که در آن صرفا نمونه رایتینگ هر یک از داوطلبین برسی شده ونکات کلیدی و نهایی به آنها آموخته میشود. با برگزاری این دوره ها، امیدواریم که بتوانیم سهم کوچکی در بالا بردن سطح علمی دانشجویان عزیزمان داشته باشیم و راه را برای پیشرفت های آتی آنها هموار سازیم. با آرزوی بهروزی همه عزیزان مدیر موسسه پردیس آوای شهیر: امیر خادم المله</p>\r\n', 2, 2497),
(16, 'جی آر ای', 'evVNz1462629946.png', '<p>کتاب ها و منابعی که برای امتحان جی آر ای ارائه شده اند بسیاراند، ولی با خواندن این منابع گلچین شده میتوانید نمره دلخواهتان را بگیرید.</p>\r\n\r\n<p>با آرزوی موفقیت شما</p>\r\n\r\n<p>امیر خادم: مدیر موسسه پردیس آوای شهیر</p>\r\n', 3, 1901),
(17, 'جی ام ای تی (جی مت)', 'rQ4U41462692555.png', '<p>این منابع از بهترین منابع امتحان&nbsp;جی ام ای تی (جی مت) هستند که امیدواریم برایتان سودمند باشند.&nbsp;</p>\r\n\r\n<p>امیر خادم</p>\r\n', 6, 548),
(18, 'تافل دکتری', '8971n1462633879.png', '<p>امتحان تافل دکتری، که برای دانشجویان دکتری در ایران برگزار میگردد،&nbsp;همان امتحان تافل پی بی تی است با این تفاوت که بخش رایتینگ ندارد. بنابراین، خواندن این منابع برای یک نمره خوب کافی است.</p>\r\n', 5, 398),
(20, 'دوره های گرامر ', 'tByGL1462625982.jpg', '<p>این دوره برای عزیزانی تعریف شده که سطح زبانی آنها پایین تر از سطح متوسط می باشد و آنها را برای کلاس های تافل آی بی تی، آیلتس جنرال و آکادمیک، جی آر ای، جی ام ای تی، و تافل دکتری آماده می سازد.&nbsp;</p>\r\n', 4, 1672),
(21, 'کارگاه ها', 'fsDA91464366763.jpg', '<p>موسسه آوای شهیر افتخار دارد که&nbsp;هر چند وقت یکبار کارگاه های متنوعی در خصوص آزمون های تافل، آیلتس، جی آر ای، و جی مت و همچنین کارگاه های حرفه ای مقاله نویسی برگزار نماید.</p>\r\n', 7, 594);

-- --------------------------------------------------------

--
-- Table structure for table `ym_course_tag_rel`
--

CREATE TABLE IF NOT EXISTS `ym_course_tag_rel` (
  `tag_id` int(10) unsigned NOT NULL,
  `course_id` int(10) unsigned NOT NULL,
  PRIMARY KEY (`tag_id`,`course_id`),
  KEY `class_id` (`course_id`)
) ENGINE=InnoDB DEFAULT CHARSET=utf8 COLLATE=utf8_persian_ci;

--
-- Dumping data for table `ym_course_tag_rel`
--

INSERT INTO `ym_course_tag_rel` (`tag_id`, `course_id`) VALUES
(1, 13),
(2, 13),
(3, 13),
(4, 13),
(5, 13),
(6, 13),
(32, 13),
(617, 13),
(618, 13),
(619, 13),
(5, 15),
(7, 15),
(8, 15),
(9, 15),
(10, 15),
(11, 15),
(12, 15),
(13, 15),
(14, 15),
(15, 15),
(16, 15),
(17, 15),
(18, 15),
(19, 15),
(20, 15),
(21, 15),
(22, 15),
(23, 15),
(28, 16),
(45, 16),
(46, 16),
(47, 16),
(48, 16),
(49, 16),
(50, 17),
(51, 17),
(30, 18),
(36, 18),
(39, 18),
(40, 18),
(41, 18),
(42, 18),
(43, 18),
(44, 18),
(24, 20),
(25, 20),
(26, 20),
(27, 20),
(28, 20),
(29, 20),
(30, 20),
(31, 20),
(32, 20),
(33, 20),
(34, 20),
(35, 20),
(36, 20),
(37, 20),
(38, 20),
(8, 21),
(16, 21),
(52, 21),
(53, 21),
(54, 21),
(55, 21),
(56, 21),
(57, 21),
(58, 21),
(59, 21),
(60, 21);

-- --------------------------------------------------------

--
-- Table structure for table `ym_faq`
--

CREATE TABLE IF NOT EXISTS `ym_faq` (
  `id` int(10) unsigned NOT NULL AUTO_INCREMENT,
  `category_id` int(10) unsigned NOT NULL,
  `title` varchar(255) COLLATE utf8_persian_ci NOT NULL COMMENT 'عنوان',
  `body` text COLLATE utf8_persian_ci NOT NULL COMMENT 'متن',
  `order` int(10) unsigned DEFAULT NULL,
  PRIMARY KEY (`id`),
  KEY `category_id` (`category_id`)
) ENGINE=InnoDB  DEFAULT CHARSET=utf8 COLLATE=utf8_persian_ci AUTO_INCREMENT=6 ;

--
-- Dumping data for table `ym_faq`
--

INSERT INTO `ym_faq` (`id`, `category_id`, `title`, `body`, `order`) VALUES
(1, 1, 'ریدینگ آیلتس (جنرال و آکادمیک)', '<p><span style="color:#0000CD"><strong><span dir="RTL">آزمون ریدینگ چند بخش دارد؟</span></strong></span></p>\r\n\r\n<p><span dir="RTL">سه بخش </span></p>\r\n\r\n<p>&nbsp;</p>\r\n\r\n<p><span style="color:#0000CD"><strong><span dir="RTL">آیا آزمون ریدینگ جنرال و آکادمیک با هم فرق دارند؟</span></strong></span></p>\r\n\r\n<p><span dir="RTL">بله، آزمون آکادمیک سه بخش دارد و در هر بخش یک متن طولانی و 12-13 سوال به شما داده می شود. آزمون جنرال هم سه&nbsp; بخش دارد با این تفاوت که در هر بخش چند متن کوتاه ارائه می شوند.</span></p>\r\n\r\n<p>&nbsp;</p>\r\n\r\n<p><span style="color:#0000CD"><strong><span dir="RTL">آیا متن آزمون آکادمیک از جنرال سخت تر است؟</span></strong></span></p>\r\n\r\n<p><span dir="RTL">بله</span></p>\r\n\r\n<p>&nbsp;</p>\r\n\r\n<p><span style="color:#0000CD"><strong><span dir="RTL">آزمون ریدینگ چند سوال دارد؟</span></strong></span></p>\r\n\r\n<p><span dir="RTL">چهل سوال</span></p>\r\n\r\n<p>&nbsp;</p>\r\n\r\n<p><span style="color:#0000CD"><strong><span dir="RTL">در آزمون ریدینگ چند دقیقه زمان داریم؟</span></strong></span></p>\r\n\r\n<p><span dir="RTL">شصت دقیقه</span></p>\r\n\r\n<p>&nbsp;</p>\r\n\r\n<p><span style="color:#0000CD"><strong><span dir="RTL">آیا پس از اتمام این شصت دقیقه برای انتقال پاسخ ها به پاسخ نامه زمان داده می شود؟</span></strong></span></p>\r\n\r\n<p><span dir="RTL">خیر، باید در همان شصت دقیقه پاسخ های خود را به پاسخ نامه انتقال دهید.</span></p>\r\n', 4),
(2, 1, 'عمومی', '<p><span style="color:#0000FF"><strong><span dir="RTL">آیلتس تحت نظارت کدام سازمان ها برگزار می شود؟</span></strong></span></p>\r\n\r\n<p>CAMBRIDGE ENGLISH LANGUAGE ASSESSMENT, idp IELTS AUSTRALIA, BRITISH COUNCIL</p>\r\n\r\n<p>&nbsp;</p>\r\n\r\n<p><span style="color:#0000FF"><strong><span dir="RTL">آیلتس در کدام کشور ها معتبر است؟</span></strong></span></p>\r\n\r\n<p><span dir="RTL">تمام کشور های دنیا از جمله آمریکا</span></p>\r\n\r\n<p>&nbsp;</p>\r\n\r\n<p><span style="color:#0000FF"><strong><span dir="RTL">آیا تمام دانشگاه ها و موسسات علمی آیلتس را می پذیرند؟</span></strong></span></p>\r\n\r\n<p><span dir="RTL">خیر، برخی موسسات و دانشگاه ها به ویژه تعداد محدودی از دانشگاه های امریکایی تافل را ترجیح می دهند.</span></p>\r\n\r\n<p>&nbsp;</p>\r\n\r\n<p><span style="color:#0000FF"><strong><span dir="RTL">آیا موسسات برگزار کننده آیلتس در ایران اعتبار بین المللی دارند؟</span></strong></span></p>\r\n\r\n<p><span dir="RTL">بله، تمام موسسات ذکر شده در سایت سازمان سنجش از اعتبار بین المللی برخوردار هستند و از نظر اعتباری هیچ تفاوتی با مراکز دیگر کشور ها ندارند.</span></p>\r\n\r\n<p>&nbsp;</p>\r\n\r\n<p><span style="color:#0000FF"><strong><span dir="RTL">آزمون آیلتس چند بخش دارد؟</span></strong></span></p>\r\n\r\n<p><span dir="RTL">آزمون آیلتس در چهار بخش اسپیکینگ، لیسنینگ، ریدینگ، و رایتینگ برگزار می شود.</span></p>\r\n\r\n<p>&nbsp;</p>\r\n\r\n<p><span style="color:#0000FF"><strong><span dir="RTL">آزمون آیلتس چند نوع دارد؟</span></strong></span></p>\r\n\r\n<p><span dir="RTL">آزمون آیلتس در دو گروه آکادمیک و جنرال برگزار می شود.</span></p>\r\n\r\n<p>&nbsp;</p>\r\n\r\n<p><span style="color:#0000FF"><strong><span dir="RTL">تفاوت دو گروه آکادمیک و جنرال در چیست؟</span></strong></span></p>\r\n\r\n<p><span dir="RTL">آزمون آکادمیک با اهدف تحصیلی و آموزشی و آزمون جنرال با اهدف کاری و مهاجرتی سطح زبانی داوطلبان را می سنجند.</span></p>\r\n', 1),
(3, 1, 'لیسنینگ آیلتس (آکادمیک و جنرال)', '<p><span style="color:#0000FF"><strong><span dir="RTL">آزمون لیسنینگ چند بخش دارد؟</span></strong></span></p>\r\n\r\n<p><span dir="RTL">چهار بخش که در هر بخش باید به 10 سوال پاسخ دهید.</span></p>\r\n\r\n<p>&nbsp;</p>\r\n\r\n<p><span style="color:#0000FF"><strong><span dir="RTL">آیا آزمون لیسنینگ جنرال و آکادمیک با هم فرق دارند؟</span></strong></span></p>\r\n\r\n<p><span dir="RTL">خیر</span></p>\r\n\r\n<p>&nbsp;</p>\r\n\r\n<p><span style="color:#0000FF"><strong><span dir="RTL">آزمون لیسنینگ چند دقیقه طول می کشد؟</span></strong></span></p>\r\n\r\n<p><span dir="RTL">30 دقیقه</span></p>\r\n\r\n<p>&nbsp;</p>\r\n\r\n<p><span style="color:#0000FF"><strong><span dir="RTL">آیا پس از اتمام آزمون لیسنینگ برای انتقال پاسخ ها به پاسخ نامه زمان دارم؟</span></strong></span></p>\r\n\r\n<p><span dir="RTL">بله، پس از اتمام آزمون 10 دقیقه زمان دارید تا پاسخ های خود را به پاسخ نامه انتقال دهید.</span></p>\r\n\r\n<p>&nbsp;</p>\r\n\r\n<p><span style="color:#0000FF"><strong><span dir="RTL">آیا در آزمون لیسنینگ هر بخش سخت تر از بخش قبلی است؟</span></strong></span></p>\r\n\r\n<p><span dir="RTL">بله</span></p>\r\n\r\n<p>&nbsp;</p>\r\n\r\n<p><span style="color:#0000FF"><strong><span dir="RTL">آیا در آزمون لیسنینگ فقط لهجه بریتیش شنیده می شود؟</span></strong></span></p>\r\n\r\n<p><span dir="RTL">خیر، لهجه های دیگر همچون امریکایی، استرالیایی، نیوزلندی و .... هم شنیده می شوند.</span></p>\r\n', 3),
(4, 1, 'اسپیکینگ آیلتس (آکادمیک و جنرال)', '<p><span style="color:#0000CD"><strong><span dir="RTL">آزمون اسپیکینگ چند بخش دارد؟</span></strong></span></p>\r\n\r\n<p><span dir="RTL">آزمون اسپیکینگ در سه بخش برگزار می شود. </span></p>\r\n\r\n<p>&nbsp;</p>\r\n\r\n<p><span style="color:#0000CD"><strong><span dir="RTL">در بخش اول آزمون اسپیکینگ چه سوالاتی پرسیده می شوند؟</span></strong></span></p>\r\n\r\n<p><span dir="RTL">در بخش اول ممتحن سوالاتی در مورد خود داوطلب از او می پرسد. ( نام، تحصیلات، تجربیات، علایق و ....)</span></p>\r\n\r\n<p>&nbsp;</p>\r\n\r\n<p><span style="color:#0000CD"><strong><span dir="RTL">در بخش دوم آزمون اسپیکینگ چه سوالاتی پرسیده می شوند؟</span></strong></span></p>\r\n\r\n<p><span dir="RTL">در این بخش یک برگه سوال به داوطلب داده می شود که در آن یک موضوع با چند سوال مرتبط وجود دارد. علاوه بر این یک برگه سفید به همراه یک مداد هم داده می شود که داوطلب می تواند در مدت یک دقیقه پلن اسپیکینگ خود را بر روی آن طراحی کند.</span></p>\r\n\r\n<p>&nbsp;</p>\r\n\r\n<p><span style="color:#0000CD"><strong><span dir="RTL">آیا این برگه بر نمره ما تاثیر می گذارد و حتما باید چیزی بر روی آن بنویسیم؟</span></strong></span></p>\r\n\r\n<p><span dir="RTL">به هیچ عنوان، شما حتی می توانید به زبان فارسی بر روی آن بنویسید و مطالبی که بر روی آن می نویسید هیچ تاثیری بر روی نمره اسپیکینگ شما ندارد.</span></p>\r\n\r\n<p>&nbsp;</p>\r\n\r\n<p><span style="color:#0000CD"><strong><span dir="RTL">در بخش دوم، چه مدت زمان باید صحبت کنم؟</span></strong></span></p>\r\n\r\n<p><span dir="RTL">بین یک تا دو دقیقه، در صورت نیاز ممتحن صحبت شنا را قطع می کند و این به این معنا نیست که شما خوب و یا بد صحبت کرده اید.</span></p>\r\n\r\n<p>&nbsp;</p>\r\n\r\n<p><span style="color:#0000CD"><strong><span dir="RTL">در بخش سوم آزمون اسپیکینگ چه سوالاتی پرسیده می شوند؟</span></strong></span></p>\r\n\r\n<p><span dir="RTL">در این بخش سوالاتی انتزاعی تر و معمولا مرتبط با موضوع بخش دوم پرسیده می شوند.</span></p>\r\n\r\n<p>&nbsp;</p>\r\n\r\n<p><span style="color:#0000CD"><strong><span dir="RTL">آزمون اسپیکینگ آیلتس چند دقیقه است؟</span></strong></span></p>\r\n\r\n<p><span dir="RTL">&nbsp;یازده تا چهارده دقیقه.</span></p>\r\n', 2),
(5, 1, 'رایتینگ آیلتس (آکادمیک و جنرال)', '<p><span style="color:#0000CD"><strong><span dir="RTL">آزمون رایتینگ چند بخش دارد؟</span></strong></span></p>\r\n\r\n<p><span dir="RTL">دو بخش، تسک یک و تسک دو.</span></p>\r\n\r\n<p>&nbsp;</p>\r\n\r\n<p><span style="color:#0000CD"><strong><span dir="RTL">آیا رایتینگ آکادمیک با جنرال فرق دارند؟</span></strong></span></p>\r\n\r\n<p><span dir="RTL">بله،&nbsp; تسک یک آکادمیک گزارش نویسی و تسک یک جنرال نامه نویسی می باشد.</span></p>\r\n\r\n<p>&nbsp;</p>\r\n\r\n<p><span style="color:#0000CD"><strong><span dir="RTL">در آزمون رایتینگ باید چند واژه بنویسم؟</span></strong></span></p>\r\n\r\n<p><span dir="RTL">برای تسک یک حداقل 150 واژه و برای تسک دو حداقل 250 واژه.</span></p>\r\n\r\n<p>&nbsp;</p>\r\n\r\n<p><span style="color:#0000CD"><strong><span dir="RTL">آزمون رایتینگ چند دقیقه طول میکشد؟</span></strong></span></p>\r\n\r\n<p><span dir="RTL">جمعا یک ساعت که چهل دقیقه آن مختص تسک دو و بیست دقیقه مختص تسک یک می باشد.</span></p>\r\n\r\n<p>&nbsp;</p>\r\n\r\n<p><span style="color:#0000CD"><strong><span dir="RTL">آیا میتوانم ابتدا تسک دو و سپس تسک یک را بنویسیم؟</span></strong></span></p>\r\n\r\n<p><span dir="RTL">خیر، ابتدا برگه های مربوط به تسک یک به شما داده می شوند و پس از بیست دقیقه تاپیک تسک دو به شما داده می شود.</span></p>\r\n\r\n<p>&nbsp;</p>\r\n\r\n<p><span style="color:#0000CD"><strong><span dir="RTL">آیا میتوانم رایتینگ خود را با خودکار بنویسم؟</span></strong></span></p>\r\n\r\n<p><span dir="RTL">خیر، استفاده از خود کار و اتود در هر سه بخش ممنوع می باشد و تنها می توان از مداد استفاده کرد.</span></p>\r\n', 5);

-- --------------------------------------------------------

--
-- Table structure for table `ym_faq_categories`
--

CREATE TABLE IF NOT EXISTS `ym_faq_categories` (
  `id` int(11) unsigned NOT NULL AUTO_INCREMENT,
  `title` varchar(255) COLLATE utf8_persian_ci NOT NULL COMMENT 'عنوان',
  `order` int(11) unsigned DEFAULT NULL,
  PRIMARY KEY (`id`)
) ENGINE=InnoDB  DEFAULT CHARSET=utf8 COLLATE=utf8_persian_ci AUTO_INCREMENT=2 ;

--
-- Dumping data for table `ym_faq_categories`
--

INSERT INTO `ym_faq_categories` (`id`, `title`, `order`) VALUES
(1, 'سوالات متداول آیلتس', 1);

-- --------------------------------------------------------

--
-- Table structure for table `ym_faq_tag_rel`
--

CREATE TABLE IF NOT EXISTS `ym_faq_tag_rel` (
  `tag_id` int(10) unsigned NOT NULL,
  `faq_id` int(10) unsigned NOT NULL,
  PRIMARY KEY (`tag_id`,`faq_id`),
  KEY `faq_id` (`faq_id`)
) ENGINE=InnoDB DEFAULT CHARSET=latin1;

--
-- Dumping data for table `ym_faq_tag_rel`
--

INSERT INTO `ym_faq_tag_rel` (`tag_id`, `faq_id`) VALUES
(701, 1),
(855, 1),
(856, 1),
(857, 1),
(858, 1),
(859, 1),
(860, 1),
(702, 2),
(830, 2),
(831, 2),
(832, 2),
(833, 2),
(834, 2),
(835, 2),
(836, 2),
(837, 2),
(838, 2),
(839, 2),
(840, 2),
(841, 2),
(842, 2),
(843, 2),
(850, 3),
(851, 3),
(852, 3),
(853, 3),
(854, 3),
(844, 4),
(845, 4),
(846, 4),
(847, 4),
(848, 4),
(849, 4),
(861, 5),
(862, 5),
(863, 5),
(864, 5),
(865, 5),
(866, 5),
(867, 5),
(868, 5);

-- --------------------------------------------------------

--
-- Table structure for table `ym_gallery`
--

CREATE TABLE IF NOT EXISTS `ym_gallery` (
  `id` int(11) unsigned NOT NULL AUTO_INCREMENT,
  `title` varchar(200) COLLATE utf8_persian_ci DEFAULT NULL COMMENT 'عنوان',
  `desc` varchar(1024) COLLATE utf8_persian_ci DEFAULT NULL COMMENT 'توضیحات',
  `file_name` varchar(200) COLLATE utf8_persian_ci NOT NULL COMMENT 'آدرس فایل',
  `order` int(10) NOT NULL,
  PRIMARY KEY (`id`)
) ENGINE=InnoDB  DEFAULT CHARSET=utf8 COLLATE=utf8_persian_ci AUTO_INCREMENT=16 ;

--
-- Dumping data for table `ym_gallery`
--

INSERT INTO `ym_gallery` (`id`, `title`, `desc`, `file_name`, `order`) VALUES
(1, 'موسسه آوای شهیر ', 'با سلام:\r\nبه درخواست بعضی از دانشجویان عزیز که دوست داشتند محیط موسسه آوای شهیر را ببینند، چند تا عکس آپلود شد.', 'W9oaD1463560903.JPG', 1),
(2, 'موسسه آوای شهیر ', '', 'LAVP41463565482.JPG', 2),
(3, 'موسسه آوای شهیر ', '', 'tFcDJ1463565553.JPG', 3),
(5, 'Avaye Shahir Institute', '', 'bnJl11463565742.JPG', 4),
(6, 'Avaye Shahir Institute', '', 'YNvfW1463565801.JPG', 5),
(7, 'این عکس مربوط به روز آخر کلاس اسپیکینگ تافل آی بی تی موسسه آوای شهیره که همراه با چند نفر از دانشجویان گل  موسسه گرفتم', '', 'PWFxT1473873333.png', 6),
(8, 'وحید ایزدیفر ', 'استاد ایزدیفر از اساتید برجسته موسسه پردیس آوای شهیر هستند که در تدریس همه مهارت های آزمون آیلتس تخصص مثال زدنی دارند، و کلاس ها وکارگاه های آیلتسی  که تا کنون در موسسه برگزار کرده اند مورد توجه بسیاری از کاندیداهای آزمون آیلتس بوده است. ', '8zEzY1477143302.jpg', 7),
(9, 'امیر خادم المله', 'امیر خادم المله مدیر موسسه پردیس آوای شهیر، نویسنده کتاب TOEFL Writing Success، و مدرس تافل آی بی تی، آیلتس، جی مت، جی آر ای، تافل دکتری (EPT)، ترجمه کتبی و شفاهی، و ویراستار مقالات آی اس ای (ISI).    ', 'Mrtpk1474017013.JPG', 8),
(10, 'این عکس مربوط به روز آخر کلاس رایتنگ تافل آی بی تی موسسه آوای شهیره که همراه با تعدادی از دانشجویان با ادب و فرهیخته  موسسه گرفتم', '', 'S5YHR1475778264.jpg', 9),
(11, 'کلاس رایتینگ آی بی تی تابستان و پاییز 1395در موسسه آوای شهیر', 'یکی از بهترین کلاس های رایتینگی که در موسسه آوای شهیر تا حالا برگزار کردم. برای همشون بهترینهارو آرزو میکنم.', '2amXT1476625114.png', 10),
(12, 'نمره تافل آی بی تی آقای بیرانوند از دانشگاه علم و صنعت سال 2010', '', '6Kn6z1476818075.jpg', 11),
(13, 'نمره تافل آی بی تی خانم بهار علیپور از دانشگاه صنعتی شریف سال 2010', '', 'quuFp1476818653.jpg', 12),
(14, 'نمره تافل آی بی تی آقای فرهاد کریمی از دانشگاه صنعتی شریف سال 2011', '', '0nGil1476819276.jpg', 13),
(15, 'نمره تافل آی بی تی خانم شیوا محمدزاده از دانشگاه تهران سال 2011', '', 'P5TBC1477127803.jpg', 14);

-- --------------------------------------------------------

--
-- Table structure for table `ym_google_maps`
--

CREATE TABLE IF NOT EXISTS `ym_google_maps` (
  `id` int(10) unsigned NOT NULL AUTO_INCREMENT,
  `title` varchar(50) DEFAULT NULL,
  `map_lat` varchar(30) NOT NULL DEFAULT '34.6327505',
  `map_lng` varchar(30) NOT NULL DEFAULT '50.8644157',
  `map_zoom` varchar(5) NOT NULL DEFAULT '10',
  PRIMARY KEY (`id`)
) ENGINE=InnoDB  DEFAULT CHARSET=latin1 AUTO_INCREMENT=2 ;

--
-- Dumping data for table `ym_google_maps`
--

INSERT INTO `ym_google_maps` (`id`, `title`, `map_lat`, `map_lng`, `map_zoom`) VALUES
(1, '', '35.72781914695719', '51.41998856328428', '19');

-- --------------------------------------------------------

--
-- Table structure for table `ym_news`
--

CREATE TABLE IF NOT EXISTS `ym_news` (
  `id` int(10) unsigned NOT NULL AUTO_INCREMENT,
  `title` varchar(255) CHARACTER SET utf8 COLLATE utf8_persian_ci NOT NULL COMMENT 'عنوان',
  `summary` varchar(2000) CHARACTER SET utf8 COLLATE utf8_persian_ci DEFAULT NULL COMMENT 'خلاصه',
  `body` text CHARACTER SET utf8 COLLATE utf8_persian_ci NOT NULL COMMENT 'متن خبر',
  `image` varchar(200) DEFAULT NULL COMMENT 'تصویر',
  `seen` varchar(255) DEFAULT NULL COMMENT 'بازدید',
  `create_date` varchar(20) DEFAULT NULL,
  `publish_date` varchar(20) DEFAULT NULL COMMENT 'تاریخ انتشار',
  `status` enum('draft','publish') DEFAULT NULL COMMENT 'وضعیت',
  `category_id` int(10) unsigned NOT NULL COMMENT 'دسته بندی',
  `order` int(10) unsigned DEFAULT NULL COMMENT 'ترتیب',
  PRIMARY KEY (`id`),
  KEY `category_id` (`category_id`)
) ENGINE=InnoDB  DEFAULT CHARSET=latin1 AUTO_INCREMENT=118 ;

--
-- Dumping data for table `ym_news`
--

INSERT INTO `ym_news` (`id`, `title`, `summary`, `body`, `image`, `seen`, `create_date`, `publish_date`, `status`, `category_id`, `order`) VALUES
(1, 'رایتینگ تافل آی بی تی گروه 1', 'دوره رایتینگ تافل آی بی تی موسسه آوای شهیر زیر نظر امیر خادم، با رویکردی متفاوت از قبل برگزار میگردد.', '<p>این دوره روزهای 5 شنبه 1.30 تا 4.30 برگزار می شود و از تاریخ 23 دی ماه 1395 شروع و تا 26 اسفند 1395 ادامه خواهد داشت.</p>\n', 'sbw401477226890.jpg', '244', '1477216651', '1481629732', 'publish', 5, NULL),
(2, 'نمره تافل آی بی تی آقای کیارش قیاسی سال 2016', '', '<p><span dir="rtl">نمره یکی از دانشجویان موسسه آوای شهیر: آقای کیارش قیاسی. تبریک فراوان. ایشالا منتظر موفقیت های بیشتر ایشان هستیم</span>.</p>\n', 'a5LoV1477506305.jpg', '74', '1477506747', '1477506747', 'publish', 8, NULL),
(3, 'نمره تافل آی بی تی آقای پیمان قاسمی سال 2016', '', '<p><span dir="rtl">نمره یکی از دانشجویان موسسه آوای شهیر: آقای پیمان قاسمی. تبریک فراوان. ایشالا منتظر موفقیت های بیشتر ایشان هستیم</span>.</p>\n', 'N59QB1477507063.jpg', '87', '1477507178', '1477507178', 'publish', 8, NULL),
(4, 'نمره تافل آی بی تی آقای سیامک سال 2016', '', '<p><span dir="rtl">نمره یکی از دانشجویان موسسه آوای شهیر: آقای رامین. تبریک فراوان. ایشالا منتظر موفقیت های بیشتر ایشان هستیم</span>.</p>\n', 'bniE31477509487.jpg', '76', '1477509571', '1477509571', 'publish', 8, NULL),
(5, 'نمره تافل آی بی تی آقای رامین سال 2016', '', '<p><span dir="rtl">نمره یکی از دانشجویان موسسه آوای شهیر: آقای رامین. تبریک فراوان. ایشالا منتظر موفقیت های بیشتر ایشان هستیم</span>.</p>\n', 'D7D6O1477509712.jpg', '56', '1477509826', '1477509826', 'publish', 8, NULL),
(6, 'نمره تافل آی بی تی آقای بنا سال 2016', '', '<p><span dir="rtl">نمره یکی از دانشجویان موسسه آوای شهیر: آقای بنا. تبریک فراوان. ایشالا منتظر موفقیت های بیشتر ایشان هستیم</span>.</p>\n', 'BtYFh1477510283.jpg', '59', '1477510342', '1477510342', 'publish', 8, NULL),
(7, 'نمره تافل آی بی تی آقای علی ... سال 2016', '', '<p><span dir="rtl">نمره یکی از دانشجویان موسسه آوای شهیر: آقای علی .... تبریک فراوان. ایشالا منتظر موفقیت های بیشتر ایشان هستیم</span>.</p>\n', 'zMlI61477510485.jpg', '64', '1477510577', '1477510577', 'publish', 8, NULL),
(8, 'نمره تافل آی بی تی آقای صالح ... سال 2016', '', '<p><span dir="rtl">نمره یکی از دانشجویان موسسه آوای شهیر: آقای صالح ... . تبریک فراوان. ایشالا منتظر موفقیت های بیشتر ایشان هستیم</span>.</p>\n', 'NQfDZ1477510711.jpg', '76', '1477510823', '1477510823', 'publish', 8, NULL),
(9, 'نمره تافل آی بی تی خانم مینا جمشیدی سال 2016', '', '<p><span dir="rtl">نمره یکی از دانشجویان موسسه آوای شهیر: خانم مینا جمشیدی. تبریک فراوان. ایشالا منتظر موفقیت های بیشتر ایشان هستیم</span>.</p>\n', 'AE9jo1477512244.jpg', '110', '1477511118', '1477511118', 'publish', 8, NULL),
(10, 'نمره تافل آی بی تی آقای امیر غلامی سال 2016', '', '<p><span dir="rtl">نمره یکی از دانشجویان موسسه آوای شهیر: آقای امیر غلامی. تبریک فراوان. ایشالا منتظر موفقیت های بیشتر ایشان هستیم</span>.</p>\n', '4GM461477511313.jpg', '111', '1477511383', '1477511383', 'publish', 8, NULL),
(11, 'نمره تافل آی بی تی آقای شایان ظریفیان سال 2016', '', '<p><span dir="rtl">نمره یکی از دانشجویان موسسه آوای شهیر: آقای شایان ظریفیان. تبریک فراوان. ایشالا منتظر موفقیت های بیشتر ایشان هستیم</span>.</p>\n', 'RZsPh1477511563.jpg', '116', '1477511664', '1477511664', 'publish', 8, NULL),
(12, 'نمره تافل آی بی تی خانم ... آریا فر سال 2016', '', '<p><span dir="rtl">نمره یکی از دانشجویان موسسه آوای شهیر: خانم ... آریافر. تبریک فراوان. ایشالا منتظر موفقیت های بیشتر ایشان هستیم</span>.</p>\n', '5AsxR1477512088.jpg', '166', '1477512199', '1477512199', 'publish', 8, NULL),
(13, 'نمره تافل آی بی تی آقای مهرداد مرادشاهی سال 2015', '', '<p><span dir="rtl">نمره یکی از دانشجویان تافل آی بی تی من، آقای مهرداد مرادشاهی، در سال 2015.</span></p>\n', 'WFXNk1477761700.jpg', '103', '1477762010', '1477762010', 'publish', 14, NULL),
(14, 'نمره تافل آی بی تی آقای ابراهیم آریان سال 2015', '', '<p dir="rtl">نمره یکی از دانشجویان تافل آی بی تی من، آقای ابراهیم آریان، در سال 2015.</p>\n', 'naFzI1477765716.jpg', '33', '1477765857', '1477765857', 'publish', 14, NULL),
(15, 'نمره تافل آی بی تی آقای رضا علی بخشی سال  2015', '', '<p dir="rtl">نمره یکی از دانشجویان تافل آی بی تی من، آقای رضا علی بخشی، در سال 2015.</p>\n', 'awINi1477766318.jpg', '37', '1477766432', '1477766432', 'publish', 14, NULL),
(16, 'نمره تافل آی بی تی آقای فرشاد ابراهیمی سال 2015', '', '<p>نمره یکی از دانشجویان تافل آی بی تی من، آقای فرشاد ابراهیمی، در سال 2015.</p>\n', 'bMXf41477766727.jpg', '78', '1477766804', '1482570365', 'publish', 14, NULL),
(17, 'نمره تافل آی بی تی آقای هخامنش منصور زارع سال 2015', '', '<p dir="rtl">نمره یکی از دانشجویان تافل آی بی تی من، آقای هخامنش منصور زارع، در سال 2015.</p>\n', 'Vi6Sh1477766987.jpg', '57', '1477767135', '1477767135', 'publish', 14, NULL),
(18, 'نمره تافل آی بی تی خانم فاطمه دهقانی محمد آبادی سال 2015', '', '<p dir="rtl">نمره یکی از دانشجویان تافل آی بی تی من، خانم فاطمه دهقانی محمد آبادی، در سال 2015.</p>\n', '2IEPk1477767693.jpg', '39', '1477767837', '1477767837', 'publish', 14, NULL),
(19, 'نمره تافل آی بی تی خانم بیتا زارعیان سال 2015.', '', '<p dir="rtl">نمره یکی از دانشجویان تافل آی بی تی من، خانم بیتا زارعیان، در سال 2015.</p>\n', 'Fhyup1477768691.jpg', '55', '1477769510', '1477769510', 'publish', 14, NULL),
(20, 'نمره تافل آی بی تی خانم شیوا مهدی نژاد سال 2015', '', '<p dir="rtl">نمره یکی از دانشجویان تافل آی بی تی من، خانم شیوا مهدی نژاد، در سال 2015.</p>\n', 'elPiH1477769601.jpg', '51', '1477769675', '1477769675', 'publish', 14, NULL),
(21, 'نمره  تافل آی بی تی من، آقای بامداد بابادی، در سال 2015.', '', '<p>نمره یکی از دانشجویان تافل آی بی تی من، آقای بامداد بابادی، در سال 2015.</p>\n', 'Kjwtl1477775234.jpg', '30', '1477775487', '1477775487', 'publish', 14, NULL),
(22, 'نمره تافل آی بی تی خانم نیلوفر ایزدی نیا سال 2015', '', '<p dir="rtl">نمره یکی از دانشجویان تافل آی بی تی من، خانم نیلوفر ایزدی نیا، در سال 2015.</p>\n', 'NclYS1477775728.jpg', '51', '1477775780', '1477775780', 'publish', 14, NULL),
(23, 'نمره تافل آی بی تی آقای امیر عطا قربانی سال 2015', '', '<p dir="rtl">نمره یکی از دانشجویان تافل آی بی تی من، آقای امیر عطا قربانی، در سال 2015.</p>\n', 'Zeqpg1477776228.jpg', '95', '1477776235', '1477776235', 'publish', 14, NULL),
(24, 'نمره تافل آی بی تی آقای امیر زارع سال 2015', '', '<p dir="rtl">نمره یکی از دانشجویان تافل آی بی تی من، آقای امیر زارع، در سال 2015.</p>\n', 'Dieys1477776654.jpg', '58', '1477776712', '1477776712', 'publish', 14, NULL),
(25, 'نمره تافل آی بی تی آقای حسین گلستانی سال 2015', '', '<p dir="rtl">نمره یکی از دانشجویان تافل آی بی تی من، آقای حسین گلستانی، در سال 2015.</p>\n', '8sZJp1477776919.jpg', '50', '1477776988', '1477776988', 'publish', 14, NULL),
(26, 'نمره تافل آی بی تی خانم شکیبا فدایی سال 2015', '', '<p dir="rtl">نمره یکی از دانشجویان تافل آی بی تی من، آقای شکیبا فدایی، در سال 2015.</p>\n', 'F5qxV1477777217.jpg', '113', '1477777321', '1477777321', 'publish', 14, NULL),
(27, 'نمره تافل آی بی تی خانم مهسا مرادی پور سال 2015', '', '<p dir="rtl">نمره یکی از دانشجویان تافل آی بی تی من، خانم مهسا مرادی پور، در سال 2015.</p>\n', 'cNMQB1477777729.jpg', '85', '1477777815', '1477777815', 'publish', 14, NULL),
(28, 'نمره تافل آی بی تی خانم فاطمه اکبری سال 2015', '', '<p dir="rtl">نمره یکی از دانشجویان تافل آی بی تی من، خانم فاطمه اکبری، در سال 2015.</p>\n', 'tsDQQ1477778062.jpg', '100', '1477778121', '1477778121', 'publish', 14, NULL),
(29, 'نمره تافل آی بی تی آقای ... نبیئی سال 2014', '', '<p>نمره یکی از دانشجویان تافل آی بی تی من، آقای ... نبیئی، در سال 2015.</p>\n', '8Zn2Y1477815772.jpg', '50', '1477815918', '1477815918', 'publish', 13, NULL),
(30, 'نمره تافل آی بی تی خانم بشری خوشنویس سال 2014', 'سلام آقای خادم، عاقبت به خیر شدم.\nفقط 1 هفته جزوه و کتابتون رو خوب خوندم. دفعه قبل خوب نخونده بودم. به بچه ها بگین کتابتون جواب داده. واقعا ممنون.\n', '<p dir="rtl">نمره یکی از دانشجویان تافل آی بی تی من، خانم بشری خوشنویس، در سال 2014.</p>\n', 'eJeGg1477816121.jpg', '68', '1477816245', '1477816245', 'publish', 13, NULL),
(31, 'نمره تافل آی بی تی آقا یا خانم ... داوری نژاد سال 2014', '', '<p dir="rtl">نمره یکی از دانشجویان تافل آی بی تی من، خانم/آقای ... داوری نژاد، در سال 2014.</p>\n', 's3pII1477817514.jpg', '38', '1477817686', '1477817686', 'publish', 13, NULL),
(32, 'نمره تافل آی بی تی آقای علی طلعت سال 2014', 'سلام آقای خادم. اول از همه، بابت تاخیر تو ارسال کارنامم عذر می خوام. \nدرس خوندن با شما تجربه ی جالبی بود که همیشه تو خاطرم خواهد موند. بادم نمیره که جلسه اول نمی تونستم بنویسم (یک مدیر لایق نمیتواند شرکتش را به خوبی اداره کند) ولی آخر تو رایتینگ مجموعا (380+581)961 لغت نوشتم که شد ماکس نمره هام. 26 \nمعنی sack یا rude رو نمیدونستم ولی reading م شد 23\nتلفظ  کلمه ای مثلncrease  رو نزدیک 10 بار بهم گفتینs  نه z، تا اینکهspeaking  23 شدم\nتنها listening  اذیتم کرد که دوتا دلیل داشت اونم یکی تاخیر 4 ساعته امتحانم و بی اطلاع بودن از فایل تکراری ها بود. (یه ذره بد شانسی آوردم)\nکلا راضیم چون من 5-6 ماه قبل تافل زبان کنکور ارشد رو منفی (یک ممیز سی و سه) زدم ولی تو چهار ماه این نمره رو گرفتم. حتی نزدیکتزین دوستامم باور نمی کردند من بالای 70 شم، ولی شدم و اینه که برام ارزشه.\nبراتون بهترینا رو آرزو می کنم.\n', '<p dir="rtl">نمره یکی از دانشجویان تافل آی بی تی من، آقای علی طلعت، در سال 2014.</p>\n', 'YXQxL1477818136.jpg', '52', '1477818269', '1477818269', 'publish', 13, NULL),
(33, 'نمره تافل آی بی تی خانم میترا کرمی سال 2014', '', '<p dir="rtl">نمره یکی از دانشجویان تافل آی بی تی من، خانم میترا کرمی، در سال 2014.</p>\n', '1Jfjh1477819425.jpg', '52', '1477819495', '1477819495', 'publish', 13, NULL),
(34, 'نمره تافل آی بی تی آقای احسان صداقت نژاد سال 2014', '', '<p dir="rtl">نمره یکی از دانشجویان تافل آی بی تی من، آقای احسان صداقت نژاد، در سال 2014.</p>\n', 'TrJ8j1477819636.jpg', '86', '1477819754', '1477819754', 'publish', 13, NULL),
(35, 'نمره تافل آی بی تی آقا یا خانم ... تکلو سال 2014', '', '<p dir="rtl">نمره یکی از دانشجویان تافل آی بی تی من، آقا یا خانم تکلو، در سال 2014.</p>\n', 'eakvh1477819991.jpg', '60', '1477820087', '1477820087', 'publish', 13, NULL),
(36, 'نمره تافل آی بی تی خانم ... کازرونیان سال 2014', '', '<p dir="rtl">نمره یکی از دانشجویان تافل آی بی تی من، خانم کازرونیان، در سال 2014.</p>\n', 'eLDJq1477820358.jpg', '71', '1477820465', '1477820465', 'publish', 13, NULL),
(37, 'نمره تافل آی بی تی خانم ستاره سراچی سال 2014', '', '<p dir="rtl">نمره یکی از دانشجویان تافل آی بی تی من، خانم ستاره سراچی، در سال 2014.</p>\n', 'vm7Ed1477821477.jpg', '85', '1477821562', '1477821562', 'publish', 13, NULL),
(38, 'نمره تافل آی بی تی آقای حسین محمدی سال 2014', '', '<p dir="rtl">نمره یکی از دانشجویان تافل آی بی تی من، آقای حسین محمدی، در سال 2014.</p>\n', 'CiilL1477822142.jpg', '112', '1477822281', '1477822281', 'publish', 13, NULL),
(39, 'نمره  جی آر ای  خانم ستاره سراچی سال 2014', '', '<p>نمره یکی از دانشجویان جی آر ای من، خانم ستاره سراچی، در سال 2014.</p>\n\n<p dir="ltr"><span dir="ltr">Dear Mr. Khadem, </span></p>\n\n<p dir="ltr"><span dir="ltr">This morning, I received my GRE scores, thus this chapter of my life is now closed. No more exams for now :) </span></p>\n\n<p dir="ltr"><span dir="ltr">I wish I’d had a chance to say a proper thank you in person to you for being such a fantastic teacher. I had a terrific experience in your class. Your extensive knowledge and enthusiasm made the class a pleasure to study for.</span></p>\n\n<p dir="ltr"><span dir="ltr">Thank you again for increasing my fascination with English! </span></p>\n\n<p dir="ltr"><span dir="ltr">Hope to see you again very soon! </span></p>\n\n<p dir="ltr"><span dir="ltr">Yours</span></p>\n\n<p dir="ltr"><span dir="ltr">Setare :) </span></p>\n', 'UOshs1477852278.jpg', '89', '1477852404', '1477852404', 'publish', 13, NULL),
(40, 'نمره تافل آی بی تی خانم رومینا ستاری سال 2014', 'سلام و خسته نباشید\nضمن تشکر و قدردانی فراوان از زحمات بی دریغ شما استاد گرامی، نتیجه ی امتحان من به شرح زیر است.\nرومینا ستاری\n', '<p dir="rtl">نمره یکی از دانشجویان تافل آی بی تی من، خانم رومینا ستاری، در سال 2014.</p>\n', '0AIRW1478259197.jpg', '152', '1477853048', '1477853048', 'publish', 13, NULL),
(41, '	نمره تافل آی بی تی آقای مهدی فرقانی سال 2014', '', '<p dir="rtl">نمره یکی از دانشجویان تافل آی بی تی من، آقای مهدی فرقانی، در سال 2014.</p>\n', 'OR4wC1477854352.jpg', '79', '1477854473', '1477854473', 'publish', 13, NULL),
(42, '	نمره تافل آی بی تی آقای ارشیا فرزامفر سال 2014', '', '<p dir="rtl">نمره یکی از دانشجویان تافل آی بی تی من، آقای ارشیا فرزامفر، در سال 2014.</p>\n', 'CgJYO1477854753.jpg', '102', '1477854903', '1477854903', 'publish', 13, NULL),
(43, 'نمره تافل آی بی تی آقای آرش محمد حسینی سال 2014', 'سلام،\nجناب خادم تصویر نتیجه آزمون را براتون پیوست کردم و خواستم حسابی تشکر کنم، خلاصه که مدیون شما هستیم و انرژی و انگیزه شما در کلاس زبان من توی کل زندگیم تنها کلاس زبانی که شرکت کردم کلاس Writing &amp; Speaking  شما بود و توی امتحان هم کلی از جملات و لغات کتابتون رو استفاده کردم، ایشالا که هرجا هستین موفق باشین از خدا می خوام حالا که ما رو به آرزومون رسوندین خدا هم شما رو به آرزوهاتون برسونه.   \nسپاس و تشکر \n', '<p dir="rtl">نمره یکی از دانشجویان تافل آی بی تی من، آقای آرش محمد حسینی، در سال 2014.</p>\n', 'Oq3v91477855461.jpg', '131', '1477855584', '1477855584', 'publish', 13, NULL),
(44, 'نمره تافل آی بی تی آقای میلاد سالم سال 2016', 'با سلام\nمیلاد سالم هستم، داخل یکی از کلاس‌های عمومی رایتینگ شما در تابستان پارسال بودم. امسال تابستان تافل دادم و خداروشکر خوب شد نتیجه‌اش. 34 روز به طور مستمر براش خوندم، چیزهایی که خوندم تماما داخل فایل‌هایی بود که شما دادین.\nبرای رایتینگ کتاب شما رو خوندم، و چون از کلاس شما خیلی چیزها یادم بود سریع پیش رفت، البته یک هفته وقت کردم به رایتینگ اختصاص بدم و اگر بیشتر تمرین می‌کردم فکر می‌کنم بالاتر می‌تونستم بشم. برای سوال 1، به پیشنهاد خود کتاب، از رایتینگ‌های کتاب شما یک تمپلیت درست کردم که خیلی در وقتم سر آزمون تاثیر داشت.\nبرای اسپیکینگ ویدئو های نوت‌فول را نگاه کردم.\nبرای ریدینگ ممرایز کار کردم، کورس‌های:\n400\n504\nessential\n1100\nاین کورس‌ها رو حدودا توی 4 ماه آروم آروم خوندم در کل داخل این 34 روز تونستم 24 تی پی او بزنم (اکثرا تی پی او های آخر، قسمت‌های ریدینگ، لیسنینگ و اسپیکینگ) که خیلی روی نمره‌ی ریدینگ و لیسنیگم تاثیر داشت.\nدر آخر، از زحمات شما تشکر می‌کنم، نکاتی که سر کلاس گفتین راهنمای مسیر من بود و کتاب شما و فایل‌هایی که دادین خیلی کمکم کردند.\nموفق بمانید\nمیلاد سالم\n\n', '<p dir="rtl">نمره یکی از دانشجویان تافل آی بی تی من، آقای میلاد سالم، در سال 2016. تبریک فراوان به میلاد عزیز که در این روزها که نمره خیلی از زبان آموزان پایینه، تونسته چنین نمره فوق العاده ای بگیره. پاینده باشی.</p>\n', '6Utgi1477856098.jpg', '300', '1477856298', '1477856298', 'publish', 8, NULL),
(45, 'نمره تافل آی بی تی آقای فریبرز صالحی سال 2014', 'سلام استاد خادم\nامیدوارم حالتون خوب باشه.\nبنده فریبرز صالحی از دانشجویان برق شریف هستم که در کلاس های رایتینگ و اسپیکینگ شما شرکت نمودم. پس از شرکت در ازمون تافل در تاریخ 30 آگوست (8 شهریور) توانستم نمره ی مجموع 102 را کسب نمایم.\nمی خواستم از زحمات دلسوزانه ی شما بسیار تشکر نمایم. مطمئنا حضور در کلاس های شما به خصوص کلاس فوق العاده ی رایتینگ به من کمک بسیاری در کسب این نمره نمود. حقیقتا پیش از حضور در کلاس های شما خواندن زبان برایم کسل کننده بود اما سبک تدریستان مرا بسیار علاقه مند نمود.\n\n', '<p dir="ltr">Writing (Independent Task):<br />\nDo you agree or disagree with the following statement. <br />\nIt is better for students to have strong friendships with fewer people rather than having more friends with weak relationships.</p>\n\n<p dir="ltr">Speaking (Task 1):<br />\nOne of your friends always arrives late at group meeting and other members don’t like this action. What do you suggest your friend to overcome this problem?</p>\n\n<p dir="ltr">Speaking (Task 2):<br />\nDo you agree or disagree with the following statement.<br />\nTeachers should allow students to change their seats during the year rather than assign them to fixed positions in the classroom.</p>\n', 'TsCLi1478255469.jpg', '19', '1478255667', '1478255667', 'publish', 13, NULL),
(46, 'نمره آیلتس آکادمیک آقای مکوندی سال 2014', '', '<p>نمره آیلتس آکادمیک آقای مکوندی سال 2014</p>\n', 'xgaFP1478257885.jpg', '15', '1478257957', '1478257957', 'publish', 13, NULL),
(47, 'نمره تافل آی بی تی خانم ساغر سید عباس زاده سال 2014', '', '<p dir="rtl">نمره یکی از دانشجویان تافل آی بی تی من، خانم ساغر سید عباس زاده، در سال 2014.</p>\n', 'Rozhq1478258199.jpg', '26', '1478258363', '1478258363', 'publish', 13, NULL),
(48, 'نمره تافل آی بی تی خانم الهه خطیبی سال 2014', '', '<p dir="rtl">نمره یکی از دانشجویان تافل آی بی تی من، خانم الهه خطیبی، در سال 2014.</p>\n', '5DnMa1478259245.jpg', '14', '1478259341', '1478259341', 'publish', 13, NULL),
(49, 'نمره تافل آی بی تی آقای بهنام خطیب سال 2014', '', '<p dir="rtl">نمره یکی از دانشجویان تافل آی بی تی من، آقای بهنام همایون، در سال 2014.</p>\n', 'Ei74g1478259498.jpg', '16', '1478259565', '1478259565', 'publish', 13, NULL),
(50, 'نمره تافل آی بی تی آقای محمدرضا امیرمشیری سال 2014', '', '<p dir="rtl">نمره یکی از دانشجویان تافل آی بی تی من، آقای محمدرضا امیرمشیری، در سال 2014.</p>\n', 'EeiRi1478259856.jpg', '19', '1478259939', '1478259939', 'publish', 13, NULL),
(51, 'نمره جی آر ای آقای وهاب مختاری سال 2013', '', '<p dir="rtl">نمره یکی از دانشجویان جی آر ای من، آقای آرش وهاب مختاری، در سال 2014.</p>\n', 'EwJGp1478261092.jpg', '17', '1478261371', '1478261371', 'publish', 12, NULL),
(52, 'نمره تافل آی بی تی آقای امیر حسین هرندی سال 2014', '', '<p dir="rtl">نمره یکی از دانشجویان تافل آی بی تی من، آقای امیر حسین هرندی، در سال 2014.</p>\n', 'OgeKM1478280244.jpg', '17', '1478280302', '1478280302', 'publish', 13, NULL),
(53, 'نمره تافل آی بی تی خانم سحر صدری زاده سال 2014', '', '<p dir="rtl">نمره یکی از دانشجویان تافل آی بی تی من، خانم سحر صدری زاده، در سال 2014.</p>\n', 'gbrEl1478280562.jpg', '27', '1478280634', '1478280634', 'publish', 13, NULL),
(54, 'نمره تافل آی بی تی خانم رکسانا بداخشان سال 2014', '', '<p dir="rtl">نمره یکی از دانشجویان تافل آی بی تی من، خانم رکسانا بداخشان، در سال 2014.</p>\n', 'waDnY1478281027.jpg', '20', '1478281191', '1478281191', 'publish', 13, NULL),
(55, 'نمره آیلتس آکادمیک خانم دلارام پیوندی سال 2014', '', '<p>نمره یکی از دانشجویان آیلتس آکادمیک من، خانم دلارام پیوندی، در سال 2014  </p>\n', 'UsHRO1478281583.jpg', '29', '1478281711', '1478281711', 'publish', 13, NULL),
(56, 'نمره تافل آی بی تی خانم نهال ... سال 2014', '', '<p dir="rtl">نمره یکی از دانشجویان تافل آی بی تی من، خانم نهال ...، در سال 2014.</p>\n', 'vbEGO1478282130.jpg', '31', '1478282253', '1478282253', 'publish', 13, NULL),
(57, 'نمره تافل آی بی تی آقای ... جباری سال 2014', '', '<p dir="rtl">نمره یکی از دانشجویان تافل آی بی تی من، آقای ... جباری، در سال 2014.</p>\n', 'bLTCV1478282526.jpg', '29', '1478282595', '1478282595', 'publish', 13, NULL),
(58, 'نمره تافل آی بی تی خانم سارا علی نیا سال 2014', 'سلام آقای خادم،\nمعذرت میخواهم که تا امروز طول دادم تموم کردن رایتینگی که قرار بود بعد تافلم بفرستم براتون. در ضمن میخواستم یک دنیا تشکر کنم ازتون که رایتینگ من رو از اون حالتی که بود و در آزمون آزمایشی 21 شده بودم نجات دادین. همچنین ممنونم که بهم اعتماد به نفس دادین و "اکوردینگلی" من تونستم نمره ی خوبی بیارم. واقعا ممنونم ازتون واسه همه درس ها و نکته های طلایی ای که به ما یاد دادین. امیدوارم شما و خانواده تون همیشه خوشبخت و سربلند باشین.\nسارا علی نیا\n', '<p dir="rtl">نمره یکی از دانشجویان تافل آی بی تی من، خانم سارا علی نیا، در سال 2014.</p>\n', 'ig1971478282857.jpg', '43', '1478282919', '1478282965', 'publish', 13, NULL),
(59, 'نمره تافل آی بی تی آقای مسعود آزادی سال 2014', '', '<p dir="rtl">نمره یکی از دانشجویان تافل آی بی تی من، آقای مسعود آزادی، در سال 2014.</p>\n', 'Dix4i1478283125.jpg', '47', '1478283179', '1478283179', 'publish', 13, NULL),
(60, 'نمره تافل آی بی تی خانم پریسا جلالی سال 2014', '', '<p dir="rtl">نمره یکی از دانشجویان تافل آی بی تی من، خانم پریسا جلالی، در سال 2014.</p>\n', 'x8X0L1478283358.jpg', '37', '1478283416', '1478283416', 'publish', 13, NULL),
(61, 'نمره تافل آی بی تی خانم ریحانه امینی سال 2013', '', '<p dir="rtl">نمره یکی از دانشجویان تافل آی بی تی من، خانم ریحانه امینی، در سال <span dir="ltr">2013</span></p>\n', 'n1sIG1478283897.jpg', '41', '1478283989', '1478283989', 'publish', 12, NULL),
(62, 'نمره تافل آی بی تی آقای هومن ترابی سال 2013', '', '<p dir="rtl">نمره یکی از دانشجویان تافل آی بی تی من، آقای هومن ترابی، در سال 2013</p>\n', 'EAxMI1478284645.jpg', '37', '1478284735', '1478284735', 'publish', 12, NULL),
(63, 'نمره تافل آی بی تی آقای محمد مومن آبادی  سال2013 ', '', '<p dir="rtl">نمره یکی از دانشجویان تافل آی بی تی من، آقای محمد مومن آبادی، در سال 2013</p>\n', 'J2D5O1478285076.jpg', '34', '1478285155', '1478285155', 'publish', 12, NULL),
(64, 'نمره تافل آی بی تی آقای امید عبادی سال 2013', 'استاد خادم عزیز\nاول از همه میخوام از شما بابت همه زحماتتون، کمک ها و توصیه هاتون تشکر کنم. نمره ی بخش writing گویای همه چیز هست.\nموضوع دوم، تحلیل خودم از نمرات بخش های مختلف هست.\nبخش Reading: حتما حتما به بچه هایی که تافل دارن توصیه میکنم که وقتی این بخش رو کار میکنن حتما تایمر جلوی چشماشون باشه و حتما در تایم بزنن، من تا قبل تافل تنها بخشی که دغدغه ی زیادی نداشتم این بخش بود، اما سر جلسه تمرکز بسیار کمی داشتم و دیدن تایمری که ازش کم میشه به شدت رو فهمم از سوالات تاثیر گذاشت، طوری که متن اول رو 25 دقیقه طول دادم، و حتی سوال آخر متن سوم رو کاملا شانسی انتخاب کردم!!!\nبخش Listening: آزمون ما این بخش به صورت بلند بود، 3 پارت داشت، حتما حتما بچه ها قسمت listening tekrari رو بخونن که به شدت به داد من رسید طوری که 6و7 دقیقه توی پارت 3 اضافی آوردم، اما نوت برداری و عادت به نوت برداری ای که هر کس با اون احساس راحتی میکنه به شدت مهمه...\nبخش speaking: شخصا بنده در حد 2تا 3 روز کار کردم، بجث اول خوندن sample  هایwriting  که برای پارت اول اهمیت داره، و بعد از اون مدیریت زمان!!! که شخصا در 2 بخش یه جزییاتی رو نتونستم اونطور که باید بیان کنم. + نوت برداری\nبخش writing: قسمت integrated حتما نیاز به نوت برداری صحیح و اصولی دارد، مبنای اصلی رایتینگ باید بر اساس listening باشد و به طور خلاصه در هر پاراگراف از متن گفته شود. در قسمت دوم حتما حتما 2 تا 3 دقیقه وقت برای بازدید دوباره از مطلب نوشته شده و اصلاح اختصاص داده شود، بنده 4 پاراگراف نوشتم به دلیل کمبود ایده اما ترجیح دادم ادامه وقتم رو روی تصحیح بذارم و همین باعث شد تعدادی اشتباه های تایپی و punctuation ها رو اصلاح کنم\n', '<p dir="rtl">نمره یکی از دانشجویان تافل آی بی تی من، آقای امید عبادی، در سال 2013</p>\n', 'ksjNl1478285541.jpg', '62', '1478285693', '1478285693', 'publish', 12, NULL),
(65, 'نمره تافل آی بی تی خانم غزال کیهان فر سال 2013', '', '<p dir="rtl">نمره یکی از دانشجویان تافل آی بی تی من، خانم غزال کیهان فر، در سال <span dir="ltr">2013</span></p>\n', 'csX9s1478379062.jpg', '107', '1478379257', '1478379257', 'publish', 12, NULL),
(66, 'نمره تافل آی بی تی خانم غزال کیهان فر سال 2015', '', '<p dir="rtl">نمره یکی از دانشجویان تافل آی بی تی من، خانم غزال کیهان فر، در سال <span dir="ltr">2015</span></p>\n', 'ArTFo1478379520.jpg', '115', '1478379394', '1478379394', 'publish', 14, NULL),
(67, 'نمره تافل آی بی تی خانم هانیه عبدی سال 2016', '', '<p dir="rtl">نمره یکی از دانشجویان تافل آی بی تی من، خانم هانیه عبدی، در سال <span dir="ltr">2016</span></p>\n', 'Wg1H51478379690.jpg', '36', '1478379812', '1478379812', 'publish', 8, NULL),
(68, 'نمره تافل آی بی تی آقای کامیار اسماعیلی پور سال2013 ', '', '<p dir="rtl">نمره یکی از دانشجویان تافل آی بی تی من، آقای <span dir="rtl">کامیار اسماعیلی پور</span>، در سال <span dir="ltr">2013</span></p>\n', 'C0L0T1478380507.jpg', '11', '1478380611', '1478380611', 'publish', 12, NULL),
(69, 'نمره تافل آی بی تی آقا یا خانم ... یزدی زاده سال 2013', '', '<p dir="rtl">نمره یکی از دانشجویان تافل آی بی تی من، آقا/خانم ... یزدی زاده، در سال 2013</p>\n', '0xX141478380889.jpg', '14', '1478381009', '1478381009', 'publish', 12, NULL),
(70, 'نمره تافل آی بی تی آقای مسعود حقی کاشانی سال 2013', '', '<p dir="rtl">نمره یکی از دانشجویان تافل آی بی تی من، آقای مسعود حقی کاشانی، در سال 2013</p>\n', 'VBvkj1478385619.jpg', '15', '1478385708', '1478385708', 'publish', 12, NULL),
(71, 'نمره تافل آی بی تی آقای صابر خوشدل  سال 2013', '', '<p dir="rtl">نمره یکی از دانشجویان تافل آی بی تی من، آقای صابر خوشدل، در سال 2013</p>\n', 'nUclj1478386137.jpg', '19', '1478386244', '1478386244', 'publish', 12, NULL),
(72, 'نمره تافل آی بی تی آقای محمد سید صالحی سال 2013', '', '<p dir="rtl">نمره یکی از دانشجویان تافل آی بی تی من، آقای محمد سید صالحی، در سال 2013</p>\n', 'dUhuh1478386885.jpg', '14', '1478386936', '1478386936', 'publish', 12, NULL),
(73, 'نمره تافل آی بی تی آقای علیرضا قنبرپور سال 2013', '', '<p dir="rtl">نمره یکی از دانشجویان تافل آی بی تی من، آقای علیرضا قنبرپور، در سال 2013</p>\n', 'g9oNL1478387171.jpg', '12', '1478387255', '1478387255', 'publish', 12, NULL),
(74, 'نمره تافل آی بی تی آقای مهرداد طهماسبی سال 2013', '', '<p dir="rtl">نمره یکی از دانشجویان تافل آی بی تی من، آقای مهرداد طهماسبی، در سال 2013</p>\n', '4y3Pp1478387501.jpg', '16', '1478387565', '1478387565', 'publish', 12, NULL),
(75, 'نمره تافل آی بی تی آقای علیرضا مرادزاده سال 2013', '', '<p dir="rtl">نمره یکی از دانشجویان تافل آی بی تی من، آقای علیرضا مرادزاده، در سال 2013</p>\n', 'yhdkx1478387834.jpg', '16', '1478387906', '1478387906', 'publish', 12, NULL),
(76, 'نمره تافل آی بی تی آقای اشکان اسماعیلی سال 2013', '', '<p dir="rtl">نمره یکی از دانشجویان تافل آی بی تی من، آقای اشکان اسماعیلی، در سال 2013</p>\n', 'up4lw1478388008.jpg', '22', '1478388077', '1478388077', 'publish', 12, NULL),
(77, 'نمره تافل آی بی تی آقای وهاب مختاری سال 2013', '', '<p dir="rtl">نمره یکی از دانشجویان تافل آی بی تی من، آقای وهاب مختاری، در سال 2013</p>\n', 'Ii7Py1478388318.jpg', '16', '1478388392', '1478388392', 'publish', 12, NULL),
(78, 'نمره تافل آی بی تی خانم مهراد شریف واقفی سال 2013', '', '<p dir="rtl">نمره یکی از دانشجویان تافل آی بی تی من، خانم مهراد شریف واقفی، در سال <span dir="ltr">2013</span></p>\n', 'G2SMI1478388689.jpg', '19', '1478388777', '1478388777', 'publish', 12, NULL),
(79, 'نمره تافل آی بی تی آقای سیاوش کنعانیان سال 2013', '', '<p dir="rtl">نمره یکی از دانشجویان تافل آی بی تی من، آقای سیاوش کنعانیان، در سال 2013</p>\n', 'GAAS91478388975.jpg', '24', '1478389051', '1478389051', 'publish', 12, NULL),
(80, 'نمره تافل آی بی تی آقای سجاد تقیه سال 2013', '', '<p dir="rtl">نمره یکی از دانشجویان تافل آی بی تی من، آقای سجاد تقیه، در سال 2013</p>\n', 'CHBUl1478389188.jpg', '24', '1478389283', '1478389283', 'publish', 12, NULL),
(81, 'نمره تافل آی بی تی آقای بهزاد قدیانلو سال 2013', '', '<p dir="rtl">نمره یکی از دانشجویان تافل آی بی تی من، آقای بهزاد قدیانلو، در سال 2013</p>\n', 'CJ31s1478389406.jpg', '21', '1478389476', '1478389476', 'publish', 12, NULL),
(82, 'نمره تافل آی بی تی آقای فاضل زارع سال 2013', '', '<p dir="rtl">نمره یکی از دانشجویان تافل آی بی تی من، آقای فاضل زارع، در سال 2013</p>\n', 'jYFs71478389715.jpg', '37', '1478389807', '1478389807', 'publish', 12, NULL),
(83, 'نمره تافل آی بی تی آقای سینا مرحبایی سال 2013', '', '<p dir="rtl">نمره یکی از دانشجویان تافل آی بی تی من، آقای سینا مرحبایی، در سال 2013</p>\n', 'NvaYC1478389914.jpg', '29', '1478390009', '1478390009', 'publish', 12, NULL),
(84, 'نمره آیلتس آکادمیک خانم فاطمه اجاره دار سال 2012', '', '<p>نمره آیلتس آکادمیک یکی از دانشجوهای من، خانم فاطمه اجاره دار، در سال 2012</p>\n', 'JLhuc1478422743.jpg', '21', '1478422871', '1478422871', 'publish', 10, NULL),
(85, 'نمره تافل آی بی تی خانم نوشین زرین مهر سال 2012', '', '<p dir="rtl">نمره یکی از دانشجویان تافل آی بی تی من، خانم نوشین زرین، در سال <span dir="ltr">2012</span></p>\n', 'lir1T1478423282.jpg', '15', '1478423291', '1478423291', 'publish', 10, NULL),
(86, 'نمره تافل آی بی تی خانم ... ماپار سال 2012', '', '<p dir="rtl">نمره یکی از دانشجویان تافل آی بی تی من، خانم ... ماپار، در سال <span dir="ltr">2012</span></p>\n', '5OVtX1478423578.jpg', '19', '1478423678', '1478423678', 'publish', 10, NULL),
(87, 'نمره تافل آی بی تی آقای سید بابک حساس سال 2012', '', '<p dir="rtl">نمره یکی از دانشجویان تافل آی بی تی من، آقای سید بابک حساس، در سال <span dir="ltr">2012</span></p>\n', '2eume1478423831.jpg', '14', '1478424052', '1478424052', 'publish', 10, NULL),
(88, 'نمره تافل آی بی تی خانم ستاره آریافر سال 2012', '', '<p dir="rtl">نمره یکی از دانشجویان تافل آی بی تی من، خانم ستاره آریافر، در سال <span dir="ltr">2012</span></p>\n', 'fQcjU1478424314.jpg', '19', '1478424377', '1478424377', 'publish', 10, NULL),
(89, 'نمره تافل آی بی تی آقای علی حاتمی زاده سال 2012', '', '<p dir="rtl">نمره یکی از دانشجویان تافل آی بی تی من، آقای علی حاتمی زاده، در سال <span dir="ltr">2012</span></p>\n', 'ZC9BR1478424502.jpg', '19', '1478424559', '1478424559', 'publish', 10, NULL),
(90, 'نمره تافل آی بی تی آقای امین زادکاظمی درخشی  سال 2012', '', '<p dir="rtl">نمره یکی از دانشجویان تافل آی بی تی من، آقای امین زادکاظمی درخشی، در سال <span dir="ltr">2012</span></p>\n', 'ofH8b1478424736.jpg', '13', '1478424887', '1478424887', 'publish', 10, NULL),
(91, 'نمره تافل آی بی تی آقای سیامک ربیع نیا سال 2012', '', '<p dir="rtl">نمره یکی از دانشجویان تافل آی بی تی من، آقای سیامک ربیع نیا، در سال <span dir="ltr">2012</span></p>\n', 'oJyEG1478425422.jpg', '16', '1478425536', '1478425536', 'publish', 10, NULL),
(92, 'نمره تافل آی بی تی خانم نرگس فلاحی سال 2012', '', '<p dir="rtl">نمره یکی از دانشجویان تافل آی بی تی من، خانم نرگس فلاحی، در سال <span dir="ltr">2012</span></p>\n', '4L2of1478425835.jpg', '61', '1478425911', '1478425911', 'publish', 10, NULL),
(93, 'نمره تافل آی بی تی آقای ایمان واشقانی فراهانی سال 2012', '', '<p dir="rtl">نمره یکی از دانشجویان تافل آی بی تی من، آقای ایمان واشقانی فراهانی، در سال <span dir="ltr">2012</span></p>\n', 'Vw7Sn1478426077.jpg', '55', '1478426205', '1478426205', 'publish', 10, NULL),
(94, 'نمره تافل آی بی تی آقای محمد مهدی جمشیدی سال 2012', '', '<p dir="rtl">نمره یکی از دانشجویان تافل آی بی تی من، آقای محمد مهدی جمشیدی، در سال <span dir="ltr">2012</span></p>\n', 'pFm5X1478426568.jpg', '28', '1478427764', '1478427764', 'publish', 10, NULL),
(95, 'نمره تافل آی بی تی آقای ... نیکراز سال 2012', '', '<p dir="rtl">نمره یکی از دانشجویان تافل آی بی تی من، آقای ... نیکراز، در سال <span dir="ltr">2012</span></p>\n', '2lI7I1478427962.jpg', '71', '1478428005', '1478428005', 'publish', 10, NULL),
(96, 'نمره تافل آی بی تی خانم مهشاد سام نژاد سال 2011', '', '<p dir="rtl">نمره یکی از دانشجویان تافل آی بی تی من، خانم مهشاد سام نژاد، در سال 2011</p>\n', 'rElCd1478428283.jpg', '43', '1478428315', '1478428315', 'publish', 10, NULL),
(97, 'نمره تافل آی بی تی خانم آذین هوشمند سال 2011', '', '<p dir="rtl">نمره یکی از دانشجویان تافل آی بی تی من، خانم آذین هوشمند، در سال 2011</p>\n', '1LGER1478428498.jpg', '63', '1478428561', '1478428561', 'publish', 9, NULL),
(98, 'نمره تافل آی بی تی آقای بیرانوند سال 2010', '', '<p dir="rtl">نمره یکی از دانشجویان تافل آی بی تی من، آقای بیرانوند، در سال 2010</p>\n', 'ccv051478429209.jpg', '86', '1478429280', '1478429280', 'publish', 11, NULL),
(99, 'نمره تافل آی بی تی خانم بهار علیپور  سال 2010', '', '<p dir="rtl">نمره یکی از دانشجویان تافل آی بی تی من، خانم بهار علیپور، در سال <span dir="ltr">2010</span></p>\n', '7mLyd1478429738.jpg', '128', '1478429817', '1478429817', 'publish', 11, NULL),
(100, 'نمره تافل آی بی تی آقای فرهاد کریمی  سال 2011', '', '<p dir="rtl">نمره یکی از دانشجویان تافل آی بی تی من، آقای  فرهاد کریمی، در سال 2011</p>\n', 'zCopc1478430088.jpg', '121', '1478430172', '1478430172', 'publish', 9, NULL),
(101, 'نمره تافل آی بی تی خانم شیوا محمدزاده  سال 2011', '', '<p dir="rtl">نمره یکی از دانشجویان تافل آی بی تی من، خانم شیوا محمدزاده، در سال 2011</p>\n', 'UkVDp1478430273.jpg', '250', '1478430399', '1478430399', 'publish', 9, NULL),
(102, 'نمره تافل آی بی تی و جی آر ای آقای علیرضا فلاح سال 2016', '', '<p>نمره یکی از دانشجویان تافل آی بی تی و جی آر ای من، آقای  علیرضا فلاح، در سال 2016</p>\n', 'teTNt1482344718.jpg', '130', '1479148177', '1482344749', 'publish', 8, NULL),
(103, 'نمره جی آر ای آقای پیمان قاسمی سال 2016', '', '<p>نمره جی آر ای یکی از دانشجویان من، آقای پیمان قاسمی، سال 2016</p>\n', 'uyoaK1479148443.jpg', '121', '1479148560', '1479148560', 'publish', 8, NULL),
(104, 'نمره تافل آی بی تی آقای علی کاشی سال 2016', '', '<p dir="rtl">نمره یکی از دانشجویان تافل آی بی تی من، آقای  علی کاشی، در سال 2016</p>\n', 'AADFd1479148688.jpg', '102', '1479148746', '1479148746', 'publish', 8, NULL),
(105, 'نمره تافل آی بی تی آقای علیرضا فرشین سال 2016', '', '<p dir="rtl">نمره یکی از دانشجویان تافل آی بی تی من، آقای  علیرضا فرشین، در سال 2016</p>\n', 'ViMTC1479148863.jpg', '113', '1479148922', '1479148922', 'publish', 8, NULL),
(110, 'نمره تافل آی بی تی آقای حامد صالح سال 2016', '', '<p>نمره تافل آی بی تی یکی از دانشجویان من، آقای حامد صالح، سال 2016</p>\n', 'SevWP1481030679.jpg', '62', '1481030770', '1481030770', 'publish', 8, NULL),
(111, 'نمره تافل آی بی تی آقای سینا رستگار سال 2016', 'سلام جناب خادم نمره من اومد و ١٠٧ شدم و رايتينگ ٢٦. درسته كه نمره خيلي بالايي نيست ولي در ١ماه وقت من واقعا خودم انتظارش رو نداشتم و اين نمره رو مديون شما هستم. خواستم از زحماتتون يكبار ديگه تشكر كنم گرچه به هيچ عنوان كافي نيست.', '<p>نمره تافل آی بی تی یکی از دانشجویانم، آقای سینا رستگار، سال 2016</p>\n', 'LYP4q1481032547.jpg', '67', '1481032721', '1481032721', 'publish', 8, NULL),
(112, 'نمره تافل آی بی تی و جی آر ای آقای مجتبی اسفندیاری سال 2016', 'جناب استاد خادم: با سلام و عرض ادب و احترام\nمن مجتبی اسفندیاری دانشجوی مکانیک شریف هستم که در ترم پاییز 94 در کلاس رایتینگ و اسپیکینگ شما شرکت کرده بودم. امروز تافل داشتم، از لیسنینگ های تکراری bird migration ,plant classification ,piano music اومده بود، دست شما درد نکنه خیلی خیلی ممنونم. \nاستاد نمره تافلم الان اومد. ریدینگ رو همیشه 28-29 میزدم ولی خب سر آزمون تمرکزم رو از دست دادم و کم شدم، رایتینگ رو هم که گفتم، سرعت تایپم کم بود و کانکلوژن ننوشتم وگرنه بیشتر می شدم، چون توی آزمون آزمایشی اسپیکینگ رو 22 شدم و اینجا 26، رایتینگ رو توی آزمایشی 24 شدم و اینجا هم 24، یعنی اگه همون رایتینگی که توی آزمون آزمایشی نوشتم اینحا هم مینوشتم راحت 27 - 28 میتونستم بگیرم ولیسنینگ رو اما همیشه در همین حد میزدم، آخرش یه راه درست برای لیسنینگ زدن نتونستم پیدا کنم ، اوایل نت برمیداشتم ، این اواخر و سر آزمون اصلا نت بر نداشتم، کامل متوجه میشدم ولی خب یادم میرفت و موضوع از دستم در می رفت\nریدینگ 25 \nلیسنینگ 23 \nاسپیکینگ 26 \nرایتینگ 24\nاگه ریدینگ و رایتینگ رو مثل همیشه میدادم میتونستم بالای 100 بشم اما نشد، بازم خدا رو شکر، خیلی خیلی از شما ممنونم. اصلا در کل معمولا مجموع نمره لیسنینگ و ریدینگ بچه ها از مجموع نمره اسپیکینگ و رایتینگ شون بیشتر میشه، ولی برای من برعکس شد، ای کاش اون دو تا رو هم شما کلاس میذاشتین و من میومدم پیش شما، چون همون ترم من کلاس ریدینگ و لیسنینگ رو توی شریف یکی دو جلسه رفتم و دیگه نرفتم. اینم بگم که معمولا توی رایتینگ هام همیشه حدود 20 تا غلط تایپی داشتم، چون سرم پایین بود و خیلی به مانیتور نگاه نمیکنم، مثلا بارها شده  and رو نوشتمadn  احتمالا اینا هم نمره کم کرده.\nمن هیچ کلاس جی آر ای نرفتم ، فرصت هم نشد واسش بخونم ، به خصوص رایتینگ حتی یه دونه رایتینگ هم قبل آزمون ننوشتم و فقط با مطالبی که از کلاس رایتینگ شما یاد گرفتم تونستم رایتینگ جی آر ای رو 3.5 بگیرم.\n', '<p>نمره تافل آی بی تی و جی آر ای یکی از دانشجویان من، آقای مجتبی اسفندیاری، سال 2016</p>\n', 'MRotp1481033627.jpg', '95', '1481033807', '1481033807', 'publish', 8, NULL);
INSERT INTO `ym_news` (`id`, `title`, `summary`, `body`, `image`, `seen`, `create_date`, `publish_date`, `status`, `category_id`, `order`) VALUES
(113, 'تصحیح رایگان  نمونه رایتینگ های جی آر ای', 'خبر خوبی دارم برای دوستانی که قصد شرکت در آزمون GRE دارند و مایلند رایتینگ خود را محک بزنند.\n\n', '<p>با سلام خدمت دوستان عزیز. <br />\nخبر خوبی دارم برای دوستانی که قصد شرکت در آزمون GRE دارند و مایلند رایتینگ خود را محک بزنند.</p>\n\n<p>این دوستان می توانند با ارائه تصویری از ثبت نام خود، یک نمونه رایتینگ به انتخاب خود (Issue یا Argument) را برای موسسه ارسال نمایند تا بصورت رایگان برایشان تصحیح گردد. با این کار دوستان می توانند نمره‌ رایتینگ خود را بر اساس معیار ETS داشته باشند و فيدبک جامعی در مورد محتوا، انسجام، لغت و گرامر رایتینگ خود بصورت مکتوب دریافت نمایند.<br />\n <br />\nاگر این دوستان راضی باشند و موافقت نمایند، محتوای نوشتاری این رایتینگ ها در متون و بحث های آموزشی موسسه مورد استفاده قرار خواهد گرفت.</p>\n\n<p>لازم به ذکر است که اطلاعات فردی دوستان نزد آموزشگاه محرمانه خواهد ماند. </p>\n\n<p>دوستانی که مایل هستند می‌توانند تصویر ثبت نام خود را به ایمیل آموزشگاه (Paris@avayeshahir.com) ارسال نمایند.</p>\n\n<p>با تشکر امیر خادم.</p>\n', NULL, '50', '1481139981', '1481139981', 'publish', 4, NULL),
(114, ' گرامر مقدماتی برای تافل، آیلتس، جی آر ای، و جی مت', '', '<p>دوره گرامر مقدماتی برای آزمون های تافل، آیلتس، جی آر ای، جی مت، و تافل دکتری<br />\nدر کلاس های گرامر مقدماتی برگزار انواع جملات، زمانها، جملات معلوم و مجهول، صفت، قید، اسم، فعل، ضمایر، و افعال کمکی تدریس خواهد شد. لازم به ذکر است که بخشی از این مطالب از "جزوه گرامر مقدماتیِ" اینجانب، امیر خادم، و بخش هایی هم از جزوه استاد ایزدیفر تدریس می گردد.</p>\n', 'bgLiR1481620117.jpg', '57', '1481621911', '1481621911', 'publish', 5, NULL),
(115, 'اسپیکینگ تافل آی بی تی گروه 1', 'این دوره روزهای 4 شنبه 5 تا 8 برگزار می شود و از تاریخ 29 دی ماه 1395 شروع و تا 4 اسفند 1395 ادامه خواهد داشت. ', '<p dir="rtl" style="text-align:justify;">دردوره اسپیکینگ تافل آی بی تی، علاوه بر معرفی هر 6 صورت سوال این بخش و تکنیک های مورد نیاز، تلاش خواهد شد که دانش زبانی داوطلبین هم بهتر شود. در ضمن <u><strong>مهارت نت برداری</strong></u> که یکی از اصلی ترین مهارت های تافل آی بی تی است نیز با دقت و ظرافت تدریس خواهد شد. با برگزاری این دوره ها، امیدواریم که بتوانیم سهم کوچکی در بالا بردن سطح علمی دانشجویان عزیزمان داشته باشیم و راه را برای پیشرفت های آتی آنها هموار سازیم.</p>\n\n<p dir="rtl" style="text-align:justify;">با آرزوی بهروزی همه عزیزان</p>\n\n<p dir="rtl">مدرس تافل موسسه پردیس آوای شهیر</p>\n\n<p>امیر خادم المله</p>\n', 'UKRad1481650606.jpg', '91', '1481650779', '1481650779', 'publish', 5, NULL),
(116, 'تخفیف سایت پرشین دانشجو جهت امور مربوط به اپلای', 'سایت پرشین دانشجو به گروه زبان آقای خادم (ٱوای شهیر)  لطف داشته و کد تخفیفی برای صدور مستر کارت مجازی ویژه  Apply (ثبت نام آزمون تافل، GRE، اپلیکیشن فی، وقت سفارت و غیره) اختصاص داده اند. این کارت دو ساعته صادر میشود و پنل آنلاین بانکی هم دارد. هزینه صدور کارت 5 دلار بوده و با کد تخفیف PD_KHADEM_2017 کارمزد شما 4 درصد محسابه میشود.\n\nپس از وارد کردن کد تخفیف PD_KHADEM_2017 این عبارت ظاهر میشود "کد تخفیف صحیح است (ویژه کلاس زبان استاد خادم)".\n', '<p>سایت پرشین دانشجو به گروه زبان آقای خادم (ٱوای شهیر)  لطف داشته و کد تخفیفی برای صدور مستر کارت مجازی ویژه  Apply (ثبت نام آزمون تافل، GRE، اپلیکیشن فی، وقت سفارت و غیره) اختصاص داده اند. این کارت دو ساعته صادر میشود و پنل آنلاین بانکی هم دارد. هزینه صدور کارت 5 دلار بوده و با کد تخفیف PD_KHADEM_2017 کارمزد شما 4 درصد محسابه میشود.</p>\n\n<p><a href="http://persiandaneshjoo.ir/NEWWEBSITE/?m=order&amp;u=1&amp;o=12&amp;t=%D9%85%D8%B3%D8%AA%D8%B1-%DA%A9%D8%A7%D8%B1%D8%AA-%D9%85%D8%AC%D8%A7%D8%B2%DB%8C-ezGyft-(%D8%BA%DB%8C%D8%B1%D9%82%D8%A7%D8%A8%D9%84-%D8%B4%D8%A7%D8%B1%DA%98)&amp;id=24">http://persiandaneshjoo.ir/NEWWEBSITE/?m=order&amp;u=1&amp;o=12&amp;t=%D9%85%D8%B3%D8%AA%D8%B1-%DA%A9%D8%A7%D8%B1%D8%AA-%D9%85%D8%AC%D8%A7%D8%B2%DB%8C-ezGyft-(%D8%BA%DB%8C%D8%B1%D9%82%D8%A7%D8%A8%D9%84-%D8%B4%D8%A7%D8%B1%DA%98)&amp;id=24</a></p>\n', 'qfyvv1481987553.jpg', '89', '1481826085', '1481989645', 'publish', 4, NULL),
(117, 'نمره تافل آی بی تی آقای امین عین آبادی سال 2016', '', '<p>نمره تافل آی بی تی یکی از دانشجویان من، آقای امین عین آبادی، سال 2016</p>\n', 'IGPHo1483281054.jpg', '14', '1483281221', '1483281313', 'publish', 8, NULL);

-- --------------------------------------------------------

--
-- Table structure for table `ym_news_categories`
--

CREATE TABLE IF NOT EXISTS `ym_news_categories` (
  `id` int(10) unsigned NOT NULL AUTO_INCREMENT,
  `title` varchar(255) CHARACTER SET utf8 COLLATE utf8_persian_ci NOT NULL COMMENT 'عنوان',
  `parent_id` int(10) unsigned DEFAULT NULL COMMENT 'والد',
  `path` varchar(255) DEFAULT NULL COMMENT 'مسیر',
  `order` int(10) unsigned NOT NULL DEFAULT '1',
  PRIMARY KEY (`id`),
  KEY `parent_id` (`parent_id`)
) ENGINE=InnoDB  DEFAULT CHARSET=latin1 AUTO_INCREMENT=15 ;

--
-- Dumping data for table `ym_news_categories`
--

INSERT INTO `ym_news_categories` (`id`, `title`, `parent_id`, `path`, `order`) VALUES
(4, 'عمومی', NULL, NULL, 1),
(5, 'کلاس های ارائه شده', NULL, NULL, 2),
(6, 'اخبار جدید در مورد امتحان تافل آی بی تی', NULL, NULL, 3),
(7, 'کارنامه  زبان آموزان', NULL, NULL, 4),
(8, 'کارنامه های سال 2016', 7, '7-', 11),
(9, 'کارنامه های سال 2011', 7, '7-', 6),
(10, 'کارنامه های سال 2012', 7, '7-', 7),
(11, 'کارنامه های سال 2010', 7, '7-', 5),
(12, 'کارنامه های سال 2013', 7, '7-', 8),
(13, 'کارنامه های سال 2014', 7, '7-', 9),
(14, 'کارنامه های سال 2015', 7, '7-', 10);

-- --------------------------------------------------------

--
-- Table structure for table `ym_news_tag_rel`
--

CREATE TABLE IF NOT EXISTS `ym_news_tag_rel` (
  `tag_id` int(10) unsigned NOT NULL,
  `news_id` int(10) unsigned NOT NULL,
  PRIMARY KEY (`tag_id`,`news_id`),
  KEY `news_id` (`news_id`)
) ENGINE=InnoDB DEFAULT CHARSET=utf8 COLLATE=utf8_persian_ci;

--
-- Dumping data for table `ym_news_tag_rel`
--

INSERT INTO `ym_news_tag_rel` (`tag_id`, `news_id`) VALUES
(762, 1),
(246, 2),
(246, 3),
(246, 4),
(246, 5),
(246, 6),
(246, 7),
(246, 8),
(246, 9),
(246, 10),
(246, 11),
(246, 12),
(246, 13),
(246, 14),
(246, 15),
(246, 16),
(246, 17),
(246, 18),
(246, 19),
(246, 20),
(246, 21),
(246, 22),
(246, 23),
(246, 24),
(246, 25),
(246, 26),
(246, 27),
(246, 28),
(246, 29),
(246, 30),
(246, 31),
(246, 32),
(246, 33),
(246, 34),
(246, 35),
(246, 36),
(246, 37),
(246, 38),
(246, 39),
(246, 40),
(246, 41),
(246, 42),
(246, 43),
(246, 44),
(246, 45),
(246, 46),
(246, 47),
(246, 48),
(246, 49),
(246, 50),
(246, 51),
(246, 52),
(246, 53),
(246, 54),
(246, 55),
(246, 56),
(246, 57),
(246, 58),
(246, 59),
(246, 60),
(246, 61),
(246, 62),
(246, 63),
(246, 64),
(246, 65),
(246, 66),
(246, 67),
(246, 68),
(737, 69),
(736, 70),
(735, 71),
(734, 72),
(733, 73),
(732, 74),
(731, 75),
(730, 76),
(729, 77),
(728, 78),
(727, 79),
(246, 80),
(246, 81),
(246, 82),
(246, 83),
(246, 84),
(246, 85),
(246, 86),
(246, 87),
(246, 88),
(246, 89),
(246, 90),
(246, 91),
(246, 92),
(246, 93),
(246, 94),
(246, 95),
(246, 96),
(246, 97),
(246, 98),
(246, 99),
(246, 100),
(246, 101),
(246, 102),
(246, 103),
(246, 104),
(246, 105),
(246, 110),
(246, 111),
(246, 112),
(738, 113),
(739, 113),
(740, 113),
(741, 113),
(32, 114),
(58, 114),
(747, 114),
(748, 114),
(749, 114),
(750, 114),
(751, 114),
(752, 114),
(753, 114),
(754, 114),
(755, 114),
(756, 114),
(757, 114),
(758, 114),
(759, 114),
(760, 114),
(761, 114),
(246, 115),
(772, 116),
(773, 116),
(774, 116),
(775, 116),
(776, 116),
(777, 116),
(778, 116),
(779, 116),
(780, 116),
(781, 116),
(246, 117);

-- --------------------------------------------------------

--
-- Table structure for table `ym_pages`
--

CREATE TABLE IF NOT EXISTS `ym_pages` (
  `id` int(10) unsigned NOT NULL AUTO_INCREMENT,
  `title` varchar(255) DEFAULT NULL COMMENT 'عنوان',
  `summary` text COMMENT 'متن',
  `category_id` int(11) unsigned DEFAULT NULL,
  PRIMARY KEY (`id`),
  KEY `category_id` (`category_id`)
) ENGINE=InnoDB  DEFAULT CHARSET=utf8 AUTO_INCREMENT=13 ;

--
-- Dumping data for table `ym_pages`
--

INSERT INTO `ym_pages` (`id`, `title`, `summary`, `category_id`) VALUES
(2, 'بخش تبادل نظر', '', 4),
(3, 'تماس با ما', '<p>sadf</p>\r\n', 4),
(5, 'قوانین و مقررات', '<p dir="RTL"><strong>قوانین و مقررات موسسه آوای شهیر</strong></p>\r\n\r\n<ol>\r\n	<li dir="RTL">رعایت شئونات اسلامی،&nbsp;قوانین، و مقررات جمهوری اسلامی ایران و همچنین مقررات موسسه الزامی میباشد<span dir="LTR">.</span></li>\r\n	<li dir="RTL">رعایت ادب در فضای مجازی چه در سایت چه در تلگرام الزامی می باشد<span dir="LTR">.</span></li>\r\n	<li dir="RTL">هیچ یک از اساتید، کارمندان، و مراجعین حق ندارند مسائل سیاسی را در محیط آموزشگاه و یا در فضای سایبری موسسه مطرح کند.</li>\r\n	<li dir="RTL">شهریه به هیچ عنوان مسترد نمی گردد<span dir="LTR">.</span></li>\r\n	<li dir="RTL">همراه داشتن فیش ثبت نام برای اولین حضور سر کلاس&nbsp;الزامی می باشد<span dir="LTR">.</span></li>\r\n	<li dir="RTL">تغییر روز و ساعت کلاس امکان پذیر نمی باشد مگر با موافقت کتبی کلیه دانشجویان و استاد و تایید موسسه<span dir="LTR">.</span></li>\r\n	<li dir="RTL">استفاده از تلفن همراه در طول مدت کلاس ممنوع می باشد<span dir="LTR">.</span></li>\r\n	<li dir="RTL">توضیحات مندرجه در مورد هر دوره را با دقت مطالعه نموده و متناسب با این توضیحات ثبت نام فرمایید<span dir="LTR">.</span></li>\r\n	<li dir="RTL">اطلاعیه ها و دستورالعمل هایی که&nbsp;در سایت و یا از طریق تلگرام در اختیارتان قرار میگیرد&nbsp;را بدقت مطالعه فرمایید<span dir="LTR">.</span></li>\r\n	<li dir="RTL">آوای شهیر هرگز اطلاعات شما را بصورت تلفنی یا از طریق پیامک درخواست نخواهد کرد. درصورتیکه فردی با این عنوان اطلاعات شما را درخواست نمود، موارد را به مدیریت گزارش فرمایید<span dir="LTR">.</span></li>\r\n	<li dir="RTL"><span dir="RTL">هرگونه مورد نامناسبی</span>&nbsp;<span dir="RTL">در فضای کلاس و موسسه را بلافاصله به مدیریت گزارش فرمایید</span>.</li>\r\n</ol>\r\n', 1),
(12, 'درباره ما', '<p dir="RTL" style="text-align:justify">تلفیق تحصیلات آکادمیک و سالها تجربه تدریس و ترجمه در سطوح مختلف از سال 1381 تا کنون در موسسات معتبر و&nbsp;مراکز علمی&nbsp;و&nbsp;دانشگاهی از قبیل جهاد دانشگاهی علامه طباطبایی، دانشگاه علمی کاربردی، و دانشگاه شریف منجر به&nbsp;پایه گذاری موسسه علمی-فرهنگی پردیس آوای شهیر در سال 1394 شد&nbsp;که در زمینه های فرهنگی وهنری به طور عام و آموزش زبان انگلیسی به طور خاص فعالیت خود را آغاز کرده و تلاش میکند تا خدماتی نو و خلاقانه را&nbsp;به&nbsp;مردم عزیز ایران ارائه&nbsp;کند. امیدواریم سابقه چندین ساله&nbsp;تحقیق و تدریس اینجانب و اساتید مجرب موسسه آوای شهیر&nbsp;در زمینه زبان انگلیسی راه گشای عزیزانی باشد که قصد همراه شدن با ما را دارند.</p>\r\n\r\n<p dir="RTL" style="text-align:justify">به امید بهروزی شما</p>\r\n\r\n<p dir="RTL" style="text-align:justify">مدیر موسسه آوای شهیر:&nbsp;امیر خادم المله</p>\r\n', 4);

-- --------------------------------------------------------

--
-- Table structure for table `ym_page_categories`
--

CREATE TABLE IF NOT EXISTS `ym_page_categories` (
  `id` int(11) unsigned NOT NULL AUTO_INCREMENT,
  `name` varchar(255) DEFAULT NULL COMMENT 'عنوان',
  `slug` varchar(255) DEFAULT NULL COMMENT 'آدرس',
  `multiple` tinyint(1) unsigned DEFAULT '1' COMMENT 'چند صحفه ای',
  PRIMARY KEY (`id`)
) ENGINE=InnoDB  DEFAULT CHARSET=utf8 AUTO_INCREMENT=5 ;

--
-- Dumping data for table `ym_page_categories`
--

INSERT INTO `ym_page_categories` (`id`, `name`, `slug`, `multiple`) VALUES
(1, 'قوانین', 'rules', 1),
(2, 'راهنما', 'guide', 1),
(3, 'آزاد', 'free', 1),
(4, 'صفحات اصلی', 'base', 1);

-- --------------------------------------------------------

--
-- Table structure for table `ym_personnel`
--

CREATE TABLE IF NOT EXISTS `ym_personnel` (
  `id` int(10) unsigned NOT NULL AUTO_INCREMENT,
  `name` varchar(50) COLLATE utf8_persian_ci NOT NULL COMMENT 'نام',
  `family` varchar(50) COLLATE utf8_persian_ci NOT NULL COMMENT 'نام خانوادگی',
  `post` varchar(50) COLLATE utf8_persian_ci NOT NULL COMMENT 'سمت',
  `avatar` varchar(500) COLLATE utf8_persian_ci DEFAULT NULL COMMENT 'آواتار',
  `resume` text COLLATE utf8_persian_ci COMMENT 'رزومه',
  `email` varchar(100) COLLATE utf8_persian_ci NOT NULL COMMENT 'پست الکترونیک',
  `social_links` varchar(2000) COLLATE utf8_persian_ci DEFAULT NULL COMMENT 'شبکه های اجتماعی',
  `grade` varchar(100) COLLATE utf8_persian_ci DEFAULT NULL COMMENT 'سطح تحصیلات',
  `tell` varchar(11) COLLATE utf8_persian_ci DEFAULT NULL,
  `address` text COLLATE utf8_persian_ci,
  `file` varchar(500) COLLATE utf8_persian_ci DEFAULT NULL COMMENT 'فایل رزومه',
  PRIMARY KEY (`id`)
) ENGINE=InnoDB DEFAULT CHARSET=utf8 COLLATE=utf8_persian_ci AUTO_INCREMENT=1 ;

-- --------------------------------------------------------

--
-- Table structure for table `ym_places`
--

CREATE TABLE IF NOT EXISTS `ym_places` (
  `id` int(10) unsigned NOT NULL AUTO_INCREMENT COMMENT 'شناسه',
  `name` varchar(200) NOT NULL COMMENT 'عنوان',
  `town_id` int(10) unsigned NOT NULL COMMENT 'والد',
  PRIMARY KEY (`id`),
  KEY `town_id` (`town_id`)
) ENGINE=InnoDB  DEFAULT CHARSET=utf8 COMMENT='شهر ها' AUTO_INCREMENT=444 ;

--
-- Dumping data for table `ym_places`
--

INSERT INTO `ym_places` (`id`, `name`, `town_id`) VALUES
(1, 'تبریز', 1),
(2, 'كندوان', 1),
(3, 'بندر شرفخانه', 1),
(4, 'مراغه', 1),
(5, ' ', 1),
(6, 'شبستر', 1),
(7, 'مرند', 1),
(8, 'جلفا', 1),
(9, 'سراب', 1),
(10, 'هادیشهر', 1),
(11, 'بناب', 1),
(12, 'كلیبر', 1),
(13, 'تسوج', 1),
(14, 'اهر', 1),
(15, 'هریس', 1),
(16, 'عجبشیر', 1),
(17, 'هشترود', 1),
(18, 'ملكان', 1),
(19, 'بستان آباد', 1),
(20, 'ورزقان', 1),
(21, 'اسكو', 1),
(22, 'آذر شهر', 1),
(23, 'قره آغاج', 1),
(24, 'ممقان', 1),
(25, 'صوفیان', 1),
(26, 'ایلخچی', 1),
(27, 'خسروشهر', 1),
(28, 'باسمنج', 1),
(29, 'سهند', 1),
(30, 'ارومیه', 2),
(31, 'نقده', 2),
(32, 'ماكو', 2),
(33, 'تكاب', 2),
(34, 'خوی', 2),
(35, 'مهاباد', 2),
(36, 'سر دشت', 2),
(37, 'چالدران', 2),
(38, 'بوكان', 2),
(39, 'میاندوآب', 2),
(40, 'سلماس', 2),
(41, 'شاهین دژ', 2),
(42, 'پیرانشهر', 2),
(43, 'سیه چشمه', 2),
(44, 'اشنویه', 2),
(45, 'چایپاره', 2),
(46, 'پلدشت', 2),
(47, 'شوط', 2),
(48, 'اردبیل', 3),
(49, 'سرعین', 3),
(50, 'بیله سوار', 3),
(51, 'پارس آباد', 3),
(52, 'خلخال', 3),
(53, 'مشگین شهر', 3),
(54, 'مغان', 3),
(55, 'نمین', 3),
(56, 'نیر', 3),
(57, 'كوثر', 3),
(58, 'کیوی', 3),
(59, 'گرمی', 3),
(60, 'اصفهان', 4),
(61, 'فریدن', 4),
(62, 'فریدون شهر', 4),
(63, 'فلاورجان', 4),
(64, 'گلپایگان', 4),
(65, 'دهاقان', 4),
(66, 'نطنز', 4),
(67, 'نایین', 4),
(68, 'تیران', 4),
(69, 'كاشان', 4),
(70, 'فولاد شهر', 4),
(71, 'اردستان', 4),
(72, 'سمیرم', 4),
(73, 'درچه', 4),
(74, 'کوهپایه', 4),
(75, 'مباركه', 4),
(76, 'شهرضا', 4),
(77, 'خمینی شهر', 4),
(78, 'شاهین شهر', 4),
(79, 'نجف آباد', 4),
(80, 'دولت آباد', 4),
(81, 'زرین شهر', 4),
(82, 'آران و بیدگل', 4),
(83, 'باغ بهادران', 4),
(84, 'خوانسار', 4),
(85, 'مهردشت', 4),
(86, 'علویجه', 4),
(87, 'عسگران', 4),
(88, 'نهضت آباد', 4),
(89, 'حاجی آباد', 4),
(90, 'تودشک', 4),
(91, 'ورزنه', 4),
(92, 'ایلام', 6),
(93, 'مهران', 6),
(94, 'دهلران', 6),
(95, 'آبدانان', 6),
(96, 'شیروان چرداول', 6),
(97, 'دره شهر', 6),
(98, 'ایوان', 6),
(99, 'سرابله', 6),
(100, 'بوشهر', 7),
(101, 'تنگستان', 7),
(102, 'دشتستان', 7),
(103, 'دیر', 7),
(104, 'دیلم', 7),
(105, 'كنگان', 7),
(106, 'گناوه', 7),
(107, 'ریشهر', 7),
(108, 'دشتی', 7),
(109, 'خورموج', 7),
(110, 'اهرم', 7),
(111, 'برازجان', 7),
(112, 'خارك', 7),
(113, 'جم', 7),
(114, 'کاکی', 7),
(115, 'عسلویه', 7),
(116, 'بردخون', 7),
(117, 'تهران', 8),
(118, 'ورامین', 8),
(119, 'فیروزكوه', 8),
(120, 'ری', 8),
(121, 'دماوند', 8),
(122, 'اسلامشهر', 8),
(123, 'رودهن', 8),
(124, 'لواسان', 8),
(125, 'بومهن', 8),
(126, 'تجریش', 8),
(127, 'فشم', 8),
(128, 'كهریزك', 8),
(129, 'پاكدشت', 8),
(130, 'چهاردانگه', 8),
(131, 'شریف آباد', 8),
(132, 'قرچك', 8),
(133, 'باقرشهر', 8),
(134, 'شهریار', 8),
(135, 'رباط كریم', 8),
(136, 'قدس', 8),
(137, 'ملارد', 8),
(138, 'شهركرد', 9),
(139, 'فارسان', 9),
(140, 'بروجن', 9),
(141, 'چلگرد', 9),
(142, 'اردل', 9),
(143, 'لردگان', 9),
(144, 'سامان', 9),
(145, 'قائن', 10),
(146, 'فردوس', 10),
(147, 'بیرجند', 10),
(148, 'نهبندان', 10),
(149, 'سربیشه', 10),
(150, 'طبس مسینا', 10),
(151, 'قهستان', 10),
(152, 'درمیان', 10),
(153, 'مشهد', 11),
(154, 'نیشابور', 11),
(155, 'سبزوار', 11),
(156, 'كاشمر', 11),
(157, 'گناباد', 11),
(158, 'طبس', 11),
(159, 'تربت حیدریه', 11),
(160, 'خواف', 11),
(161, 'تربت جام', 11),
(162, 'تایباد', 11),
(163, 'قوچان', 11),
(164, 'سرخس', 11),
(165, 'بردسكن', 11),
(166, 'فریمان', 11),
(167, 'چناران', 11),
(168, 'درگز', 11),
(169, 'كلات', 11),
(170, 'طرقبه', 11),
(171, 'سر ولایت', 11),
(172, 'بجنورد', 12),
(173, 'اسفراین', 12),
(174, 'جاجرم', 12),
(175, 'شیروان', 12),
(176, 'آشخانه', 12),
(177, 'گرمه', 12),
(178, 'ساروج', 12),
(179, 'اهواز', 13),
(181, 'شوش', 13),
(182, 'آبادان', 13),
(183, 'خرمشهر', 13),
(184, 'مسجد سلیمان', 13),
(185, 'ایذه', 13),
(186, 'شوشتر', 13),
(187, 'اندیمشك', 13),
(188, 'سوسنگرد', 13),
(189, 'هویزه', 13),
(190, 'دزفول', 13),
(191, 'شادگان', 13),
(192, 'بندر ماهشهر', 13),
(193, 'بندر امام خمینی', 13),
(194, 'امیدیه', 13),
(195, 'بهبهان', 13),
(196, 'رامهرمز', 13),
(197, 'باغ ملك', 13),
(198, 'هندیجان', 13),
(199, 'لالی', 13),
(200, 'رامشیر', 13),
(201, 'حمیدیه', 13),
(202, 'دغاغله', 13),
(203, 'ملاثانی', 13),
(204, 'شادگان', 13),
(205, 'ویسی', 13),
(206, 'زنجان', 14),
(207, 'ابهر', 14),
(208, 'خدابنده', 14),
(209, 'كارم', 14),
(210, 'ماهنشان', 14),
(211, 'خرمدره', 14),
(212, 'ایجرود', 14),
(213, 'زرین آباد', 14),
(214, 'آب بر', 14),
(215, 'قیدار', 14),
(216, 'سمنان', 15),
(217, 'شاهرود', 15),
(218, 'گرمسار', 15),
(219, 'ایوانكی', 15),
(220, 'دامغان', 15),
(221, 'بسطام', 15),
(222, 'زاهدان', 16),
(223, 'چابهار', 16),
(224, 'خاش', 16),
(225, 'سراوان', 16),
(226, 'زابل', 16),
(227, 'سرباز', 16),
(228, 'نیكشهر', 16),
(229, 'ایرانشهر', 16),
(230, 'راسك', 16),
(231, 'میرجاوه', 16),
(232, 'شیراز', 17),
(233, 'اقلید', 17),
(234, 'داراب', 17),
(235, 'فسا', 17),
(236, 'مرودشت', 17),
(237, 'خرم بید', 17),
(238, 'آباده', 17),
(239, 'كازرون', 17),
(240, 'ممسنی', 17),
(241, 'سپیدان', 17),
(242, 'لار', 17),
(243, 'فیروز آباد', 17),
(244, 'جهرم', 17),
(245, 'نی ریز', 17),
(246, 'استهبان', 17),
(247, 'لامرد', 17),
(248, 'مهر', 17),
(249, 'حاجی آباد', 17),
(250, 'نورآباد', 17),
(251, 'اردكان', 17),
(252, 'صفاشهر', 17),
(253, 'ارسنجان', 17),
(254, 'قیروكارزین', 17),
(255, 'سوریان', 17),
(256, 'فراشبند', 17),
(257, 'سروستان', 17),
(258, 'ارژن', 17),
(259, 'گویم', 17),
(260, 'داریون', 17),
(261, 'زرقان', 17),
(262, 'خان زنیان', 17),
(263, 'کوار', 17),
(264, 'ده بید', 17),
(265, 'باب انار/خفر', 17),
(266, 'بوانات', 17),
(267, 'خرامه', 17),
(268, 'خنج', 17),
(269, 'سیاخ دارنگون', 17),
(270, 'قزوین', 18),
(271, 'تاكستان', 18),
(272, 'آبیك', 18),
(273, 'بوئین زهرا', 18),
(274, 'قم', 19),
(275, 'طالقان', 5),
(276, 'نظرآباد', 5),
(277, 'اشتهارد', 5),
(278, 'هشتگرد', 5),
(279, 'كن', 5),
(280, 'آسارا', 5),
(281, 'شهرک گلستان', 5),
(282, 'اندیشه', 5),
(283, 'كرج', 5),
(284, 'نظر آباد', 5),
(285, 'گوهردشت', 5),
(286, 'ماهدشت', 5),
(287, 'مشکین دشت', 5),
(288, 'سنندج', 20),
(289, 'دیواندره', 20),
(290, 'بانه', 20),
(291, 'بیجار', 20),
(292, 'سقز', 20),
(293, 'كامیاران', 20),
(294, 'قروه', 20),
(295, 'مریوان', 20),
(296, 'صلوات آباد', 20),
(297, 'حسن آباد', 20),
(298, 'كرمان', 21),
(299, 'راور', 21),
(300, 'بابك', 21),
(301, 'انار', 21),
(302, 'کوهبنان', 21),
(303, 'رفسنجان', 21),
(304, 'بافت', 21),
(305, 'سیرجان', 21),
(306, 'كهنوج', 21),
(307, 'زرند', 21),
(308, 'بم', 21),
(309, 'جیرفت', 21),
(310, 'بردسیر', 21),
(311, 'كرمانشاه', 22),
(312, 'اسلام آباد غرب', 22),
(313, 'سر پل ذهاب', 22),
(314, 'كنگاور', 22),
(315, 'سنقر', 22),
(316, 'قصر شیرین', 22),
(317, 'گیلان غرب', 22),
(318, 'هرسین', 22),
(319, 'صحنه', 22),
(320, 'پاوه', 22),
(321, 'جوانرود', 22),
(322, 'شاهو', 22),
(323, 'یاسوج', 23),
(324, 'گچساران', 23),
(325, 'دنا', 23),
(326, 'دوگنبدان', 23),
(327, 'سی سخت', 23),
(328, 'دهدشت', 23),
(329, 'لیكك', 23),
(330, 'گرگان', 24),
(331, 'آق قلا', 24),
(332, 'گنبد كاووس', 24),
(333, 'علی آباد كتول', 24),
(334, 'مینو دشت', 24),
(335, 'تركمن', 24),
(336, 'كردكوی', 24),
(337, 'بندر گز', 24),
(338, 'كلاله', 24),
(339, 'آزاد شهر', 24),
(340, 'رامیان', 24),
(341, 'رشت', 25),
(342, 'منجیل', 25),
(343, 'لنگرود', 25),
(344, 'رود سر', 25),
(345, 'تالش', 25),
(346, 'آستارا', 25),
(347, 'ماسوله', 25),
(348, 'آستانه اشرفیه', 25),
(349, 'رودبار', 25),
(350, 'فومن', 25),
(351, 'صومعه سرا', 25),
(352, 'بندرانزلی', 25),
(353, 'كلاچای', 25),
(354, 'هشتپر', 25),
(355, 'رضوان شهر', 25),
(356, 'ماسال', 25),
(357, 'شفت', 25),
(358, 'سیاهكل', 25),
(359, 'املش', 25),
(360, 'لاهیجان', 25),
(361, 'خشک بیجار', 25),
(362, 'خمام', 25),
(363, 'لشت نشا', 25),
(364, 'بندر کیاشهر', 25),
(365, 'خرم آباد', 26),
(366, 'ماهشهر', 26),
(367, 'دزفول', 26),
(368, 'بروجرد', 26),
(369, 'دورود', 26),
(370, 'الیگودرز', 26),
(371, 'ازنا', 26),
(372, 'نور آباد', 26),
(373, 'كوهدشت', 26),
(374, 'الشتر', 26),
(375, 'پلدختر', 26),
(376, 'ساری', 27),
(377, 'آمل', 27),
(378, 'بابل', 27),
(379, 'بابلسر', 27),
(380, 'بهشهر', 27),
(381, 'تنكابن', 27),
(382, 'جویبار', 27),
(383, 'چالوس', 27),
(384, 'رامسر', 27),
(385, 'سواد كوه', 27),
(386, 'قائم شهر', 27),
(387, 'نكا', 27),
(388, 'نور', 27),
(389, 'بلده', 27),
(390, 'نوشهر', 27),
(391, 'پل سفید', 27),
(392, 'محمود آباد', 27),
(393, 'فریدون كنار', 27),
(394, 'اراك', 28),
(395, 'آشتیان', 28),
(396, 'تفرش', 28),
(397, 'خمین', 28),
(398, 'دلیجان', 28),
(399, 'ساوه', 28),
(400, 'سربند', 28),
(401, 'محلات', 28),
(402, 'شازند', 28),
(403, 'بندرعباس', 29),
(404, 'قشم', 29),
(405, 'كیش', 29),
(406, 'بندر لنگه', 29),
(407, 'بستك', 29),
(408, 'حاجی آباد', 29),
(409, 'دهبارز', 29),
(410, 'انگهران', 29),
(411, 'میناب', 29),
(412, 'ابوموسی', 29),
(413, 'بندر جاسك', 29),
(414, 'تنب بزرگ', 29),
(415, 'بندر خمیر', 29),
(416, 'پارسیان', 29),
(417, 'قشم', 29),
(418, 'همدان', 30),
(419, 'ملایر', 30),
(420, 'تویسركان', 30),
(421, 'نهاوند', 30),
(422, 'كبودر اهنگ', 30),
(423, 'رزن', 30),
(424, 'اسدآباد', 30),
(425, 'بهار', 30),
(426, 'یزد', 31),
(427, 'تفت', 31),
(428, 'اردكان', 31),
(429, 'ابركوه', 31),
(430, 'میبد', 31),
(431, 'طبس', 31),
(432, 'بافق', 31),
(433, 'مهریز', 31),
(434, 'اشكذر', 31),
(435, 'هرات', 31),
(436, 'خضرآباد', 31),
(437, 'شاهدیه', 31),
(438, 'حمیدیه شهر', 31),
(439, 'سید میرزا', 31),
(440, 'زارچ', 31),
(441, 'دستجرد', 19),
(442, 'کهک', 19),
(443, 'خلجستان', 19);

-- --------------------------------------------------------

--
-- Table structure for table `ym_site_setting`
--

CREATE TABLE IF NOT EXISTS `ym_site_setting` (
  `id` int(11) NOT NULL AUTO_INCREMENT,
  `name` varchar(255) NOT NULL,
  `title` varchar(255) CHARACTER SET utf8 COLLATE utf8_persian_ci NOT NULL,
  `value` text CHARACTER SET utf8 COLLATE utf8_persian_ci NOT NULL,
  PRIMARY KEY (`id`)
) ENGINE=MyISAM  DEFAULT CHARSET=utf8 AUTO_INCREMENT=8 ;

--
-- Dumping data for table `ym_site_setting`
--

INSERT INTO `ym_site_setting` (`id`, `name`, `title`, `value`) VALUES
(1, 'site_title', 'عنوان سایت', 'موسسه علمی فرهنگی پردیس آوای شهیر'),
(2, 'default_title', 'عنوان پیش فرض صفحات', ' آوای شهیر'),
(3, 'keywords', 'کلمات کلیدی سایت', 'آوای شهیر'),
(4, 'site_description', 'شرح وبسایت', 'به امید بهروزی شما \r\nمدیر موسسه آوای شهیر: امیر خادم المله'),
(5, 'message', 'پیام وبسایت', 'دوستانی که قصد ثبت نام در دوره های تعریف شده را دارند میتوانند  از طریق شماره تلفن های سایت تماس گرفته و حضوری ثبت نام کنند و یا با واریز وجه به حساب 5664203988  یا به شماره کارت 6104337831520232 نزد بانک ملت به نام امیر خادم المله و ارسال شماره پیگیری از طریق ایمیل به pardis@avayeshahir.com و یا info@avayeshahir.com با ذکر دقیق گروه و ساعت کلاس ثبت نام خود را انجام دهند. برای اطمینان از ثبت نام خود و تکمیل اطلاعات شخصی، میتوانید روی گزینه داشبورد کلیک نمایید.\r\n با آرزوی موفقیت شما عزیزان\r\nامیر خادم المله: مدیر موسسه آوای شهیر\r\n '),
(6, 'message_en', 'پیام انگلیسی وبسایت', 'Those dear students who want to enroll for the offered courses can do so by contacting us through the telephone numbers provided in the site and enroll in person, or they can deposit the tuition to the following bank account, 5664203988 or card number 6104337831520232, at Mellat Bank, and give us the receipt through the following email addresses: pardis@avayeshahir.com or info@avayeshahir.com. To make sure that your registration have been successful and to complete your personal information, click on Dashboard.\r\nWish you all success\r\nAmir Khademolmelleh: Manager of Avaye Shahir Institute'),
(7, 'message_state', 'وضعیت نمایش پیام', '1');

-- --------------------------------------------------------

--
-- Table structure for table `ym_teacher_details`
--

CREATE TABLE IF NOT EXISTS `ym_teacher_details` (
  `user_id` int(10) unsigned NOT NULL,
  `avatar` varchar(500) COLLATE utf8_persian_ci DEFAULT NULL COMMENT 'آواتار',
  `name` varchar(50) COLLATE utf8_persian_ci DEFAULT NULL COMMENT 'نام',
  `family` varchar(50) COLLATE utf8_persian_ci DEFAULT NULL COMMENT 'نام خانوادگی',
  `grade` varchar(100) COLLATE utf8_persian_ci DEFAULT NULL COMMENT 'سطح تحصیلات',
  `resume` text COLLATE utf8_persian_ci COMMENT 'روزمه',
  `social_links` varchar(2000) COLLATE utf8_persian_ci DEFAULT NULL COMMENT 'لینک های اجتماعی',
  `tell` varchar(11) CHARACTER SET utf8 DEFAULT NULL COMMENT 'شماره تماس',
  `address` text COLLATE utf8_persian_ci COMMENT 'آدرس',
  `file` varchar(500) COLLATE utf8_persian_ci DEFAULT NULL COMMENT 'فایل رزومه',
  PRIMARY KEY (`user_id`)
) ENGINE=InnoDB DEFAULT CHARSET=utf8 COLLATE=utf8_persian_ci;

--
-- Dumping data for table `ym_teacher_details`
--

INSERT INTO `ym_teacher_details` (`user_id`, `avatar`, `name`, `family`, `grade`, `resume`, `social_links`, `tell`, `address`, `file`) VALUES
(32, '9uDEr1462688452.jpg', 'علیرضا ', 'غفاریان', 'کارشناسی ارشد', '', NULL, '', '', 'MyXK41462690656.pdf'),
(33, 'CTVEE1460894933.jpg', 'امیر ', 'خادم المله', 'کارشناسی ارشد', '<p dir="ltr" style="text-align:justify">Name:&nbsp;&nbsp;&nbsp;&nbsp;&nbsp;&nbsp;&nbsp;&nbsp;&nbsp;&nbsp;&nbsp;&nbsp;&nbsp;&nbsp;&nbsp;&nbsp;&nbsp;&nbsp;&nbsp;&nbsp;&nbsp;&nbsp;&nbsp;&nbsp;&nbsp;&nbsp;&nbsp;&nbsp;&nbsp;&nbsp;&nbsp;&nbsp;&nbsp;&nbsp;&nbsp;&nbsp;&nbsp;&nbsp;&nbsp;&nbsp;&nbsp;&nbsp;&nbsp;&nbsp;&nbsp;&nbsp;&nbsp;&nbsp;&nbsp;&nbsp;&nbsp;&nbsp;&nbsp;&nbsp;&nbsp;&nbsp; Amir Khademolmelleh</p>\r\n\r\n<p dir="ltr" style="text-align:justify">Date of birth:&nbsp;&nbsp;&nbsp;&nbsp;&nbsp;&nbsp;&nbsp;&nbsp;&nbsp;&nbsp;&nbsp;&nbsp;&nbsp;&nbsp;&nbsp;&nbsp;&nbsp;&nbsp;&nbsp;&nbsp;&nbsp;&nbsp;&nbsp;&nbsp;&nbsp;&nbsp;&nbsp;&nbsp;&nbsp;&nbsp;&nbsp;&nbsp;&nbsp;&nbsp;&nbsp;&nbsp;&nbsp;&nbsp;&nbsp;&nbsp;&nbsp;&nbsp;&nbsp;&nbsp;&nbsp; Jan. 6<sup>th</sup>, 1970</p>\r\n\r\n<p dir="ltr" style="text-align:justify">Nationality:&nbsp;&nbsp;&nbsp;&nbsp;&nbsp;&nbsp;&nbsp;&nbsp;&nbsp;&nbsp;&nbsp;&nbsp;&nbsp;&nbsp;&nbsp;&nbsp;&nbsp;&nbsp;&nbsp;&nbsp;&nbsp;&nbsp;&nbsp;&nbsp;&nbsp;&nbsp;&nbsp;&nbsp;&nbsp;&nbsp;&nbsp;&nbsp;&nbsp;&nbsp;&nbsp;&nbsp;&nbsp;&nbsp; &nbsp;&nbsp;&nbsp;&nbsp;&nbsp;&nbsp;&nbsp;&nbsp;&nbsp; Iranian</p>\r\n\r\n<p dir="ltr" style="text-align:justify">Profession:&nbsp;&nbsp;&nbsp;&nbsp;&nbsp;&nbsp;&nbsp;&nbsp;&nbsp;&nbsp;&nbsp;&nbsp;&nbsp;&nbsp;&nbsp;&nbsp;&nbsp;&nbsp;&nbsp;&nbsp;&nbsp;&nbsp;&nbsp;&nbsp;&nbsp;&nbsp;&nbsp;&nbsp;&nbsp;&nbsp;&nbsp;&nbsp;&nbsp;&nbsp;&nbsp;&nbsp;&nbsp;&nbsp;&nbsp;&nbsp;&nbsp;&nbsp;&nbsp;&nbsp;&nbsp;&nbsp;&nbsp;&nbsp;&nbsp;&nbsp;University Instructor and Freelance Translator</p>\r\n\r\n<p dir="ltr" style="text-align:justify">Marital Status:&nbsp;&nbsp;&nbsp;&nbsp;&nbsp;&nbsp;&nbsp;&nbsp;&nbsp;&nbsp;&nbsp;&nbsp;&nbsp;&nbsp;&nbsp;&nbsp;&nbsp;&nbsp;&nbsp;&nbsp;&nbsp;&nbsp;&nbsp;&nbsp;&nbsp;&nbsp;&nbsp;&nbsp;&nbsp;&nbsp;&nbsp;&nbsp;&nbsp;&nbsp;&nbsp;&nbsp;&nbsp;&nbsp;&nbsp;&nbsp;&nbsp;&nbsp;&nbsp; Married</p>\r\n\r\n<p dir="ltr" style="text-align:justify">Language:&nbsp;&nbsp;&nbsp;&nbsp;&nbsp;&nbsp;&nbsp;&nbsp;&nbsp;&nbsp;&nbsp;&nbsp;&nbsp;&nbsp;&nbsp;&nbsp;&nbsp;&nbsp;&nbsp;&nbsp;&nbsp;&nbsp;&nbsp;&nbsp;&nbsp;&nbsp;&nbsp;&nbsp;&nbsp;&nbsp;&nbsp; &nbsp;&nbsp;&nbsp;&nbsp;&nbsp;&nbsp;&nbsp;&nbsp;&nbsp; &nbsp;&nbsp;&nbsp;&nbsp;&nbsp;&nbsp;&nbsp; Persian, English</p>\r\n\r\n<p dir="ltr" style="text-align:justify">Address: &nbsp;&nbsp;&nbsp;&nbsp;&nbsp;&nbsp;&nbsp;&nbsp;&nbsp;&nbsp;&nbsp;&nbsp;&nbsp;&nbsp;&nbsp;&nbsp;&nbsp;&nbsp;&nbsp;&nbsp;&nbsp;&nbsp;&nbsp;&nbsp;&nbsp;&nbsp;&nbsp;&nbsp;&nbsp;&nbsp;&nbsp;&nbsp;&nbsp;&nbsp;&nbsp;&nbsp;&nbsp;&nbsp;&nbsp;&nbsp;&nbsp;&nbsp;&nbsp;&nbsp;&nbsp;&nbsp;&nbsp;&nbsp;&nbsp;&nbsp;&nbsp; No. 3, Zanbagh 12<sup>th</sup> Street, Razakan, Karaj</p>\r\n\r\n<p dir="ltr" style="text-align:justify">Telephone:&nbsp;&nbsp;&nbsp;&nbsp;&nbsp;&nbsp;&nbsp;&nbsp;&nbsp;&nbsp;&nbsp;&nbsp;&nbsp;&nbsp;&nbsp;&nbsp;&nbsp;&nbsp;&nbsp;&nbsp;&nbsp;&nbsp;&nbsp;&nbsp;&nbsp;&nbsp;&nbsp;&nbsp;&nbsp;&nbsp;&nbsp;&nbsp;&nbsp;&nbsp;&nbsp;&nbsp;&nbsp;&nbsp;&nbsp; &nbsp;&nbsp;&nbsp;&nbsp;&nbsp;&nbsp;&nbsp;&nbsp;&nbsp;0912-2341201</p>\r\n\r\n<p dir="ltr" style="text-align:justify">E-mail:&nbsp;&nbsp;&nbsp;&nbsp;&nbsp;&nbsp;&nbsp;&nbsp;&nbsp;&nbsp;&nbsp;&nbsp;&nbsp;&nbsp;&nbsp;&nbsp;&nbsp;&nbsp;&nbsp;&nbsp;&nbsp;&nbsp;&nbsp;&nbsp;&nbsp;&nbsp;&nbsp;&nbsp;&nbsp;&nbsp;&nbsp;&nbsp;&nbsp;&nbsp;&nbsp;&nbsp;&nbsp;&nbsp;&nbsp;&nbsp;&nbsp;&nbsp;&nbsp;&nbsp;&nbsp;&nbsp;&nbsp;&nbsp;&nbsp;&nbsp;&nbsp;&nbsp;&nbsp;&nbsp;&nbsp; <a href="mailto:khadem@sharif.edu">khadem@sharif.edu</a>;</p>\r\n\r\n<p dir="ltr" style="text-align:justify">&nbsp; &nbsp; &nbsp; &nbsp; &nbsp; &nbsp; &nbsp; &nbsp; &nbsp; &nbsp; &nbsp; &nbsp; &nbsp; &nbsp; &nbsp; &nbsp; &nbsp; &nbsp; &nbsp; &nbsp; &nbsp; &nbsp; &nbsp; &nbsp; &nbsp; &nbsp; &nbsp; &nbsp; &nbsp; &nbsp; &nbsp; &nbsp; &nbsp; &nbsp;<a href="mailto:khadem8234@yahoo.com">khadem8234@yahoo.com</a>;</p>\r\n\r\n<p dir="ltr" style="text-align:justify">&nbsp; &nbsp; &nbsp; &nbsp; &nbsp; &nbsp; &nbsp; &nbsp; &nbsp; &nbsp; &nbsp; &nbsp; &nbsp; &nbsp; &nbsp; &nbsp; &nbsp; &nbsp; &nbsp; &nbsp; &nbsp; &nbsp; &nbsp; &nbsp; &nbsp; &nbsp; &nbsp; &nbsp; &nbsp; &nbsp; &nbsp; &nbsp; &nbsp; &nbsp;<a href="mailto:amir8234@yahoo.com">amir8234@yahoo.com</a>;</p>\r\n\r\n<p dir="ltr" style="text-align:justify">&nbsp;&nbsp;&nbsp;&nbsp;&nbsp;&nbsp;&nbsp;&nbsp;&nbsp;&nbsp;&nbsp;&nbsp;&nbsp;&nbsp;&nbsp;&nbsp;&nbsp;&nbsp;&nbsp;&nbsp;&nbsp;&nbsp;&nbsp;&nbsp;&nbsp;&nbsp;&nbsp;&nbsp;&nbsp;&nbsp;&nbsp;&nbsp;&nbsp;&nbsp;&nbsp;&nbsp;&nbsp;&nbsp;&nbsp;&nbsp;&nbsp;&nbsp;&nbsp;&nbsp;&nbsp;&nbsp;&nbsp;&nbsp;&nbsp;&nbsp;&nbsp;&nbsp;&nbsp;&nbsp;&nbsp;&nbsp;&nbsp;&nbsp;&nbsp;&nbsp;&nbsp;&nbsp;&nbsp;&nbsp;&nbsp;&nbsp;&nbsp;<a href="mailto:amirkhadem8234@gmail.com">amirkhadem8234@gmail.com</a></p>\r\n\r\n<p dir="ltr" style="text-align:justify">&nbsp;&nbsp;&nbsp;&nbsp;&nbsp;&nbsp;&nbsp;&nbsp;&nbsp;</p>\r\n\r\n<p dir="ltr" style="text-align:justify"><strong>Education:</strong></p>\r\n\r\n<p dir="ltr" style="text-align:justify">2004 &ndash; 2007&nbsp;&nbsp;&nbsp;&nbsp;&nbsp;&nbsp;&nbsp;&nbsp;&nbsp;&nbsp;&nbsp;&nbsp; &nbsp;&nbsp;&nbsp;&nbsp;&nbsp;&nbsp;&nbsp;&nbsp;&nbsp;&nbsp;&nbsp;&nbsp;&nbsp;&nbsp;&nbsp;&nbsp;&nbsp;&nbsp;&nbsp;&nbsp;&nbsp;&nbsp;&nbsp;&nbsp;&nbsp;&nbsp;&nbsp;&nbsp;&nbsp;&nbsp;&nbsp;&nbsp;&nbsp;&nbsp;&nbsp;&nbsp;&nbsp;&nbsp;&nbsp;Allameh Tabataba&#39;i University</p>\r\n\r\n<p dir="ltr" style="text-align:justify">&nbsp;&nbsp;&nbsp;&nbsp;&nbsp;&nbsp;&nbsp;&nbsp;&nbsp;&nbsp;&nbsp;&nbsp;&nbsp;&nbsp;&nbsp;&nbsp;&nbsp;&nbsp;&nbsp;&nbsp;&nbsp;&nbsp;&nbsp;&nbsp;&nbsp;&nbsp;&nbsp;&nbsp;&nbsp;&nbsp;&nbsp;&nbsp;&nbsp;&nbsp;&nbsp;&nbsp;&nbsp;&nbsp;&nbsp;&nbsp;&nbsp;&nbsp;&nbsp;&nbsp;&nbsp;&nbsp;&nbsp;&nbsp;&nbsp;&nbsp;&nbsp;&nbsp;&nbsp;&nbsp;&nbsp;&nbsp;&nbsp;&nbsp;&nbsp;&nbsp;&nbsp;&nbsp;&nbsp;&nbsp;&nbsp;&nbsp;&nbsp;&nbsp;&nbsp;&nbsp;&nbsp; [Tehran, Iran]</p>\r\n\r\n<p dir="ltr" style="text-align:justify">&nbsp;&nbsp;&nbsp;&nbsp;&nbsp;&nbsp;&nbsp;&nbsp;&nbsp;&nbsp;&nbsp;&nbsp;&nbsp;&nbsp;&nbsp;&nbsp;&nbsp;&nbsp;&nbsp;&nbsp;&nbsp;&nbsp;&nbsp;&nbsp;&nbsp;&nbsp;&nbsp;&nbsp;&nbsp;&nbsp;&nbsp;&nbsp;&nbsp;&nbsp;&nbsp;&nbsp;&nbsp;&nbsp;&nbsp;&nbsp;&nbsp;&nbsp;&nbsp; &nbsp;&nbsp;&nbsp;&nbsp;&nbsp;&nbsp;&nbsp;&nbsp;&nbsp;&nbsp;&nbsp;&nbsp;&nbsp;&nbsp;&nbsp;&nbsp;&nbsp;&nbsp;&nbsp;&nbsp;&nbsp;&nbsp;&nbsp;&nbsp;&nbsp;&nbsp;&nbsp;&nbsp;M.A.Translation Studies</p>\r\n\r\n<p dir="ltr" style="text-align:justify">&nbsp;</p>\r\n\r\n<p dir="ltr" style="text-align:justify">1995 &ndash; 1999&nbsp;&nbsp;&nbsp;&nbsp;&nbsp;&nbsp;&nbsp;&nbsp;&nbsp;&nbsp;&nbsp;&nbsp;&nbsp;&nbsp;&nbsp;&nbsp;&nbsp;&nbsp;&nbsp;&nbsp;&nbsp;&nbsp;&nbsp;&nbsp;&nbsp;&nbsp;&nbsp;&nbsp;&nbsp;&nbsp;&nbsp;&nbsp;&nbsp;&nbsp;&nbsp;&nbsp;&nbsp;&nbsp;&nbsp;&nbsp;&nbsp;&nbsp;&nbsp;&nbsp;&nbsp;&nbsp;&nbsp;&nbsp;&nbsp;&nbsp;&nbsp; University of Kashan</p>\r\n\r\n<p dir="ltr" style="text-align:justify">&nbsp;&nbsp;&nbsp;&nbsp;&nbsp;&nbsp;&nbsp;&nbsp;&nbsp;&nbsp;&nbsp;&nbsp;&nbsp;&nbsp;&nbsp;&nbsp;&nbsp;&nbsp;&nbsp;&nbsp;&nbsp;&nbsp;&nbsp;&nbsp;&nbsp;&nbsp;&nbsp;&nbsp;&nbsp;&nbsp;&nbsp;&nbsp;&nbsp;&nbsp;&nbsp;&nbsp;&nbsp;&nbsp;&nbsp;&nbsp;&nbsp;&nbsp;&nbsp;&nbsp;&nbsp;&nbsp;&nbsp;&nbsp;&nbsp;&nbsp;&nbsp;&nbsp;&nbsp;&nbsp;&nbsp;&nbsp;&nbsp;&nbsp;&nbsp; &nbsp;&nbsp;&nbsp;&nbsp;&nbsp;&nbsp;&nbsp;&nbsp;&nbsp;&nbsp;&nbsp;&nbsp;[Kashan, Isfahan, Iran]</p>\r\n\r\n<p dir="ltr" style="text-align:justify">&nbsp;&nbsp;&nbsp;&nbsp;&nbsp;&nbsp;&nbsp;&nbsp;&nbsp;&nbsp;&nbsp;&nbsp;&nbsp;&nbsp;&nbsp;&nbsp;&nbsp;&nbsp;&nbsp;&nbsp;&nbsp;&nbsp;&nbsp;&nbsp;&nbsp;&nbsp;&nbsp;&nbsp;&nbsp;&nbsp;&nbsp;&nbsp;&nbsp;&nbsp;&nbsp;&nbsp;&nbsp;&nbsp;&nbsp;&nbsp;&nbsp;&nbsp;&nbsp;&nbsp;&nbsp;&nbsp; &nbsp;&nbsp;&nbsp;&nbsp;&nbsp;&nbsp;&nbsp;&nbsp;&nbsp;&nbsp;&nbsp;&nbsp;&nbsp;&nbsp;&nbsp;&nbsp;&nbsp;&nbsp;&nbsp;&nbsp;&nbsp;&nbsp;&nbsp;&nbsp;&nbsp;B.A English &lt;&gt; Farsi / Persian Translation</p>\r\n\r\n<p dir="ltr" style="text-align:justify">&nbsp;</p>\r\n\r\n<p dir="ltr" style="text-align:justify">1994 &ndash; 1997&nbsp;&nbsp;&nbsp;&nbsp;&nbsp;&nbsp;&nbsp;&nbsp;&nbsp;&nbsp;&nbsp;&nbsp;&nbsp;&nbsp;&nbsp;&nbsp;&nbsp;&nbsp;&nbsp;&nbsp;&nbsp;&nbsp;&nbsp;&nbsp;&nbsp;&nbsp;&nbsp;&nbsp;&nbsp;&nbsp;&nbsp;&nbsp;&nbsp;&nbsp;&nbsp;&nbsp;&nbsp;&nbsp;&nbsp;&nbsp;&nbsp;&nbsp;&nbsp;&nbsp;&nbsp;&nbsp;&nbsp;&nbsp;&nbsp;&nbsp;&nbsp;&nbsp; Shahid Rajaee University</p>\r\n\r\n<p dir="ltr" style="text-align:justify">&nbsp;&nbsp;&nbsp;&nbsp;&nbsp;&nbsp;&nbsp;&nbsp;&nbsp;&nbsp;&nbsp;&nbsp;&nbsp;&nbsp;&nbsp;&nbsp;&nbsp;&nbsp;&nbsp;&nbsp;&nbsp;&nbsp;&nbsp;&nbsp;&nbsp;&nbsp;&nbsp;&nbsp;&nbsp;&nbsp;&nbsp;&nbsp;&nbsp;&nbsp;&nbsp;&nbsp;&nbsp;&nbsp;&nbsp;&nbsp;&nbsp;&nbsp;&nbsp;&nbsp;&nbsp;&nbsp;&nbsp;&nbsp;&nbsp;&nbsp;&nbsp;&nbsp;&nbsp;&nbsp;&nbsp;&nbsp;&nbsp;&nbsp;&nbsp;&nbsp;&nbsp;&nbsp;&nbsp;&nbsp;&nbsp;&nbsp;&nbsp;&nbsp;&nbsp;&nbsp;&nbsp;&nbsp; [Tehran, Iran]</p>\r\n\r\n<p dir="ltr" style="text-align:justify">&nbsp; &nbsp; &nbsp; &nbsp; &nbsp; &nbsp; &nbsp; &nbsp; &nbsp; &nbsp; &nbsp; &nbsp; &nbsp; &nbsp; &nbsp; &nbsp; &nbsp; &nbsp; &nbsp; &nbsp; &nbsp; &nbsp; &nbsp; &nbsp; &nbsp; &nbsp; &nbsp; &nbsp; &nbsp; &nbsp; &nbsp; &nbsp; &nbsp; &nbsp; &nbsp; &nbsp; &nbsp; Associate Diploma in Auto mechanics</p>\r\n\r\n<p dir="ltr" style="text-align:justify">&nbsp;</p>\r\n\r\n<p dir="ltr" style="text-align:justify">1989 &ndash; 1994&nbsp;&nbsp;&nbsp;&nbsp;&nbsp;&nbsp;&nbsp;&nbsp;&nbsp;&nbsp;&nbsp;&nbsp;&nbsp;&nbsp;&nbsp;&nbsp;&nbsp;&nbsp;&nbsp;&nbsp;&nbsp;&nbsp;&nbsp;&nbsp;&nbsp;&nbsp;&nbsp;&nbsp;&nbsp;&nbsp;&nbsp;&nbsp;&nbsp;&nbsp;&nbsp;&nbsp;&nbsp;&nbsp;&nbsp;&nbsp;&nbsp;&nbsp;&nbsp;&nbsp;&nbsp;&nbsp;&nbsp;&nbsp;&nbsp;&nbsp;&nbsp;&nbsp; Motahari Technical School</p>\r\n\r\n<p dir="ltr" style="text-align:justify">&nbsp; &nbsp; &nbsp; &nbsp; &nbsp; &nbsp; &nbsp; &nbsp; &nbsp; &nbsp; &nbsp; &nbsp; &nbsp; &nbsp; &nbsp; &nbsp; &nbsp; &nbsp; &nbsp; &nbsp; &nbsp; &nbsp; &nbsp; &nbsp; &nbsp; &nbsp; &nbsp; &nbsp; &nbsp; &nbsp; &nbsp; &nbsp; &nbsp; &nbsp; &nbsp; &nbsp; &nbsp;[Tehran, Iran]</p>\r\n\r\n<p dir="ltr" style="text-align:justify">&nbsp; &nbsp; &nbsp; &nbsp; &nbsp; &nbsp; &nbsp; &nbsp; &nbsp; &nbsp; &nbsp; &nbsp; &nbsp; &nbsp; &nbsp; &nbsp; &nbsp; &nbsp; &nbsp; &nbsp; &nbsp; &nbsp; &nbsp; &nbsp; &nbsp; &nbsp; &nbsp; &nbsp; &nbsp; &nbsp; &nbsp; &nbsp; &nbsp; &nbsp; &nbsp; &nbsp; &nbsp;Diploma in Auto mechanics</p>\r\n\r\n<p dir="ltr" style="text-align:justify"><strong>Job Experiences:</strong></p>\r\n\r\n<ul dir="ltr">\r\n	<li style="text-align:justify">Manager of Pardise Avaye Shahir Institute</li>\r\n	<li style="text-align:justify">Holding 4 Workshops on Writing Research Papers: Sharif University of Technology</li>\r\n	<li style="text-align:justify">Experience of teaching General English, TOEFL iBT, PhD TOEFL, and PBT TOEFL for 9 years at Sharif University of Technology</li>\r\n	<li style="text-align:justify">Experience of teaching TOEFL iBT for 4 years at Amirkabir University</li>\r\n	<li style="text-align:justify">Experience of teaching PhD TOEFL at Tehran University</li>\r\n	<li style="text-align:justify">Experience of teaching Translation at Elmi-Karbordi University for 5 years</li>\r\n	<li style="text-align:justify">Experience of teaching TOEFL, IELTS, and Conversation at Academic Center for Education, Culture, and Research, Allameh Tabatabaei, for 5 years</li>\r\n	<li style="text-align:justify">Experience of teaching English at such English institutes as Sokhan, Shokooh, and Peyman at different levels ranging from basic to advanced courses for 5 years</li>\r\n	<li style="text-align:justify">Translation of articles for such magazines as Cinema and Farabi</li>\r\n	<li style="text-align:justify">Interpreter of Professor Eghbal in a seminar held in Soureh Pictures Company</li>\r\n	<li style="text-align:justify">Translator trainer in Academic Center for Education, Culture, and Research, Allameh Tabatabaei for 5 years</li>\r\n	<li style="text-align:justify">Edition of articles for ISI Journals for 12 years</li>\r\n</ul>\r\n\r\n<p dir="ltr" style="text-align:justify">&nbsp;</p>\r\n\r\n<p dir="ltr" style="text-align:justify"><strong>Summary of Qualifications:</strong></p>\r\n\r\n<ul dir="ltr">\r\n	<li style="text-align:justify">Proficiency in computer skills and Microsoft Word</li>\r\n	<li style="text-align:justify">Skillful in internet-related activities: search engines, emails, and websites, to name but a few</li>\r\n	<li style="text-align:justify">Ability to work effectively as part of a team within the Education Service</li>\r\n	<li style="text-align:justify">Able to work under pressure and remain calm in stressful situations</li>\r\n</ul>\r\n\r\n<p dir="ltr" style="text-align:justify">&nbsp;</p>\r\n\r\n<p dir="ltr" style="text-align:justify"><strong>Publications:</strong></p>\r\n\r\n<ul dir="ltr">\r\n	<li style="text-align:justify">Khademolmelle, A. (2011), TOEFL Writing Success: Integrated and Independent. Tehran: Nask Publications.</li>\r\n	<li style="text-align:justify">Khademolmelle, A. (2012), TOEFL Writing Success 2<sup>nd</sup> Edition. Tehran: Nask Publications.</li>\r\n	<li style="text-align:justify">Khademolmelle, A. (2013), TOEFL Writing Success 3<sup>rd</sup> Edition. Tehran: Jangal Publications.</li>\r\n	<li style="text-align:justify">Khademolmelle, A. (2015), TOEFL Writing Success 4<sup>th</sup> Edition. Tehran: Jangal Publications.</li>\r\n</ul>\r\n\r\n<p dir="ltr" style="text-align:justify">&nbsp;</p>\r\n\r\n<p dir="ltr" style="text-align:justify"><strong>Compiled Pamphlets:</strong></p>\r\n\r\n<ul dir="ltr">\r\n	<li style="text-align:justify">Pamphlet for Translation English &lt;&gt; Farsi / Persian</li>\r\n	<li style="text-align:justify">Pamphlet for TOEFL iBT Writing</li>\r\n	<li style="text-align:justify">Pamphlet for TOEFL PBT</li>\r\n	<li style="text-align:justify">Pamphlet for Phd TOEFL</li>\r\n	<li style="text-align:justify">Pamphlet for General IELTS Writing</li>\r\n	<li style="text-align:justify">Pamphlet for Academic IELTS Writing</li>\r\n	<li style="text-align:justify">Pamphlet for TOEFL Reading</li>\r\n</ul>\r\n\r\n<p dir="ltr" style="text-align:justify">&nbsp;</p>\r\n\r\n<p dir="ltr" style="text-align:justify"><strong>Hobbies:</strong></p>\r\n\r\n<ul>\r\n	<li dir="ltr" style="text-align:justify">Sports: Soccer, chess, table tennis, swimming</li>\r\n	<li dir="ltr" style="text-align:justify">Leisure: Reading novels, listening to music, watching movies</li>\r\n</ul>\r\n', '{"0":{"value":"http:\\/\\/facebook.com\\/amir.khadem.18"},"1":{"value":"http:\\/\\/twitter.com\\/khadem8234a"},"3":{"title":"academia.edu","value":"https:\\/\\/atu-ir.academia.edu\\/amirkhademolmele"},"4":{"title":"\\u0644\\u06cc\\u0646\\u06a9\\u062f \\u0627\\u06cc\\u0646","value":"https:\\/\\/www.linkedin.com\\/in\\/amir-khadem-23b88333"}}', '09122341201', 'خیابان شهید بهشتی، خیابان قائم مقام فراهانی (سرافراز)، کوچه دهم، پلاک 9، واحد 1\r\nتلفن: 88736668، 88730902، 88730902.\r\n', 'mxF6B1461063217.pdf'),
(34, 'YmXYA1461257443.jpg', 'حمید', 'شهیری', 'کارشناسی ارشد', '<p>ی</p>\r\n', NULL, '09123493375', 'تهران - خیابان مفتح جنوبی - خیابان سمیه شرقی - ساختمان خاقانی - پ. 83 - بلوک شرقی - ط. دوم', NULL),
(41, 'fLzep1463429585.jpg', 'حسین', 'خضرلو', 'کارشناسی ارشد', '<p dir="ltr" style="text-align:center"><strong>Hossein Khezerlou</strong></p>\r\n\r\n<p dir="ltr" style="text-align:center">&nbsp;Curriculum Vitae: May 2016</p>\r\n\r\n<table align="left" border="1" cellpadding="1" cellspacing="1" style="width:500px">\r\n	<tbody>\r\n		<tr>\r\n			<td>\r\n			<p dir="ltr"><strong>Phone:</strong>&nbsp;</p>\r\n			</td>\r\n			<td>\r\n			<p dir="ltr"><strong>E-mail: </strong>&nbsp;&nbsp;&nbsp;&nbsp;<a href="mailto:amirhosseinkhezerlou@gmail.com">amirhosseinkhezerlou@gmail.com</a></p>\r\n\r\n			<p dir="ltr">&nbsp;&nbsp;&nbsp;&nbsp;&nbsp;&nbsp;&nbsp;&nbsp;&nbsp;&nbsp;&nbsp;&nbsp;&nbsp;&nbsp;&nbsp;&nbsp;&nbsp;<u>ibr@livealiveu.com</u></p>\r\n			</td>\r\n		</tr>\r\n	</tbody>\r\n</table>\r\n\r\n<p>&nbsp;</p>\r\n\r\n<p dir="ltr" style="text-align:center">&nbsp;</p>\r\n\r\n<p dir="ltr" style="text-align:center">&nbsp;</p>\r\n\r\n<p dir="ltr" style="text-align:justify">&nbsp;</p>\r\n\r\n<p dir="ltr" style="text-align:justify"><strong>Teaching Objective </strong>&hellip;&hellip;&hellip;&hellip;.&hellip;&hellip;&hellip;&hellip;&hellip;&hellip;&hellip;&hellip;&hellip;&hellip;&hellip;&hellip;&hellip;&hellip;&hellip;&hellip;&hellip;&hellip;&hellip;&hellip;&hellip;&hellip;&hellip;&hellip;&hellip;&hellip;&hellip;&hellip;&hellip;&hellip;&hellip;&hellip;&hellip;&hellip;</p>\r\n\r\n<p dir="ltr" style="margin-left:14.2pt; text-align:justify">Teaching is the best way of learning. I always enjoy learning. Moreover, teaching is a way to have a connection with the society in an academic and friendly manner, I think. I am interested in social improvement. Being a teacher, I can effect this improvement, I hope.</p>\r\n\r\n<p dir="ltr" style="text-align:justify">&nbsp;</p>\r\n\r\n<p dir="ltr" style="text-align:justify"><strong>Education</strong> &hellip;&hellip;&hellip;&hellip;&hellip;&hellip;&hellip;&hellip;&hellip;&hellip;&hellip;&hellip;&hellip;&hellip;&hellip;&hellip;&hellip;&hellip;&hellip;&hellip;&hellip;&hellip;&hellip;&hellip;&hellip;&hellip;&hellip;&hellip;&hellip;&hellip;&hellip;&hellip;&hellip;&hellip;&hellip;&hellip;&hellip;&hellip;&hellip;&hellip;&hellip;&hellip;&hellip;&hellip;&hellip;&hellip;&hellip;&hellip;&hellip;&hellip;&hellip;............................</p>\r\n\r\n<table border="0" cellpadding="0" cellspacing="0" dir="ltr">\r\n	<tbody>\r\n		<tr>\r\n			<td style="width:133px">\r\n			<p style="text-align:justify"><strong>Master of Arts</strong></p>\r\n			</td>\r\n			<td style="width:95px">\r\n			<p style="text-align:justify">2008 &ndash; 2010</p>\r\n			</td>\r\n			<td style="width:492px">\r\n			<p style="text-align:justify">Applied Linguistics (TEFL), The University of Zanjan, Zanjan, Iran.</p>\r\n\r\n			<p style="text-align:justify">Thesis:<em> Politeness In Iran: Refusal Strategies Among Male Speakers Of Farsi. </em>Supervisor:<em> Dr. Ataolla Maleki</em></p>\r\n\r\n			<p style="text-align:justify">&nbsp;</p>\r\n			</td>\r\n		</tr>\r\n		<tr>\r\n			<td style="width:133px">\r\n			<p style="text-align:justify"><strong>Bachelor of Arts</strong></p>\r\n			</td>\r\n			<td style="width:95px">\r\n			<p style="text-align:justify">2001 &ndash; 2006</p>\r\n			</td>\r\n			<td style="width:492px">\r\n			<p style="text-align:justify">English Translation, The University of Payame-Noor, Shahriar Branch, Tehran, Iran.</p>\r\n			</td>\r\n		</tr>\r\n	</tbody>\r\n</table>\r\n\r\n<p dir="ltr" style="text-align:justify">&nbsp;</p>\r\n\r\n<p dir="ltr" style="text-align:justify"><strong>Community Service</strong> &hellip;&hellip;&hellip;&hellip;&hellip;&hellip;&hellip;&hellip;&hellip;&hellip;&hellip;&hellip;&hellip;&hellip;&hellip;&hellip;&hellip;&hellip;&hellip;&hellip;&hellip;&hellip;&hellip;&hellip;&hellip;&hellip;&hellip;&hellip;&hellip;&hellip;&hellip;&hellip;&hellip;&hellip;&hellip;&hellip;&hellip;&hellip;&hellip;&hellip;&hellip;&hellip;&hellip;&hellip;&hellip;&hellip;&hellip;&hellip;&hellip;&hellip;&hellip;&hellip;...</p>\r\n\r\n<table border="1" cellpadding="0" cellspacing="0" dir="ltr">\r\n	<tbody>\r\n		<tr>\r\n			<td style="width:104px">\r\n			<p style="text-align:justify">1996 &ndash; 2013</p>\r\n			</td>\r\n			<td style="width:596px">\r\n			<p style="text-align:justify">Nasr Factory, Tehran, Iran</p>\r\n\r\n			<ul>\r\n				<li style="text-align:justify"><em>Post: English Translator (2004 &ndash; 2013)</em></li>\r\n				<li style="text-align:justify"><em>Post: Office Worker (1996 &ndash; 2004)</em></li>\r\n			</ul>\r\n\r\n			<p style="text-align:justify">&nbsp;</p>\r\n			</td>\r\n		</tr>\r\n		<tr>\r\n			<td style="width:104px">\r\n			<p style="text-align:justify">2013 &ndash; Present</p>\r\n			</td>\r\n			<td style="width:596px">\r\n			<p style="text-align:justify">Imam Ali University, Tehran, Iran</p>\r\n\r\n			<ul>\r\n				<li style="text-align:justify"><em>Post: University Lecturer (2013 &ndash; Present)</em></li>\r\n			</ul>\r\n\r\n			<p style="text-align:justify">&nbsp;</p>\r\n			</td>\r\n		</tr>\r\n	</tbody>\r\n</table>\r\n\r\n<p dir="ltr" style="text-align:justify">&nbsp;</p>\r\n\r\n<p dir="ltr" style="text-align:justify"><strong>Teaching Experience</strong> &hellip;&hellip;&hellip;&hellip;&hellip;&hellip;&hellip;&hellip;&hellip;&hellip;&hellip;&hellip;&hellip;&hellip;&hellip;&hellip;&hellip;&hellip;&hellip;&hellip;&hellip;&hellip;&hellip;&hellip;&hellip;&hellip;&hellip;&hellip;&hellip;&hellip;&hellip;&hellip;&hellip;&hellip;&hellip;&hellip;&hellip;&hellip;&hellip;&hellip;&hellip;&hellip;&hellip;&hellip;&hellip;&hellip;&hellip;&hellip;&hellip;&hellip;&hellip;&hellip;</p>\r\n\r\n<table border="1" cellpadding="0" cellspacing="0" dir="ltr">\r\n	<tbody>\r\n		<tr>\r\n			<td style="width:104px">\r\n			<p style="text-align:justify">2013 - Present</p>\r\n			</td>\r\n			<td style="width:595px">\r\n			<p style="text-align:justify">Sharif University of Technology, Tehran, Iran</p>\r\n\r\n			<ul>\r\n				<li style="text-align:justify"><em>Post: University Lecturer</em></li>\r\n				<li style="text-align:justify"><em>Courses Taught:</em>\r\n				<ul style="list-style-type:circle">\r\n					<li><em>General English (Active Skills for Reading: Book 4)</em></li>\r\n					<li><em>Technical English for Mechanical Engineering Students (Personal Pamphlet)</em></li>\r\n					<li><em>Technical English for Electrical Engineering Students (Personal Pamphlet)</em></li>\r\n				</ul>\r\n				</li>\r\n			</ul>\r\n\r\n			<p style="text-align:justify">&nbsp;</p>\r\n			</td>\r\n		</tr>\r\n		<tr>\r\n			<td style="width:104px">\r\n			<p style="text-align:justify">2010 - Present</p>\r\n			</td>\r\n			<td style="width:595px">\r\n			<p style="text-align:justify"><em>Private classes:</em></p>\r\n\r\n			<ul>\r\n				<li style="text-align:justify"><em>IELTS (Four Skills); (Personal Pamphlet, Cambridge Practice Tests for IELTS: 4 -10)</em></li>\r\n				<li style="text-align:justify"><em>TOEFL (Four Skills); (Personal Pamphlet, Barron&rsquo;s, Longman&rsquo;s, ETS&rsquo;s)</em></li>\r\n				<li style="text-align:justify"><em>GRE (Verbal, Writing); (Personal Pamphlet, Barron&rsquo;s, ETS&rsquo;s, Manhattan&rsquo;s, Princeton&rsquo;s)</em></li>\r\n				<li style="text-align:justify"><em>MSRT/MCHE English Exam (Personal Pamphlet, Sample Questions)</em></li>\r\n			</ul>\r\n\r\n			<p style="text-align:justify">&nbsp;</p>\r\n			</td>\r\n		</tr>\r\n		<tr>\r\n			<td style="width:104px">\r\n			<p style="text-align:justify">2011 - 2014</p>\r\n			</td>\r\n			<td style="width:595px">\r\n			<p style="text-align:justify">Tehran Oxford Language Center (Diako), Tehran, Iran.</p>\r\n\r\n			<ul>\r\n				<li style="text-align:justify"><em>Post: English Instructor (General English Classes, Free Discussion Classes, Pre-IELTS and IELTS Classes)</em></li>\r\n				<li style="text-align:justify"><em>Books Taught:</em>\r\n				<ul style="list-style-type:circle">\r\n					<li><em>General (Landmarks, English Results, Smart Choices, In Englishes)</em></li>\r\n					<li><em>IELTS (Institute&rsquo;s Pamphlet, Personal Pamphlet, Focus on IELTS, Barron&rsquo;s, New Insights into IELTS, Kaplan, Cambridge Practice Tests for IELTS: 4 - 8)</em></li>\r\n				</ul>\r\n				</li>\r\n			</ul>\r\n\r\n			<p style="text-align:justify">&nbsp;</p>\r\n			</td>\r\n		</tr>\r\n		<tr>\r\n			<td style="width:104px">\r\n			<p style="text-align:justify">2012 - 2013</p>\r\n			</td>\r\n			<td style="width:595px">\r\n			<p style="text-align:justify">Sokhan Language Institute, Tehran, Iran.</p>\r\n\r\n			<ul>\r\n				<li style="text-align:justify"><em>Post: English Instructor (IELTS 1 and 2)</em></li>\r\n				<li style="text-align:justify"><em>Books Taught:</em>\r\n				<ul style="list-style-type:circle">\r\n					<li><em>IELTS (Personal Pamphlet, Focus on IELTS, New Insights into IELTS, Cambridge Practice Tests for IELTS: 4 - 8)</em></li>\r\n				</ul>\r\n				</li>\r\n			</ul>\r\n\r\n			<p style="text-align:justify">&nbsp;</p>\r\n			</td>\r\n		</tr>\r\n		<tr>\r\n			<td style="width:104px">\r\n			<p style="text-align:justify">2012 - 2013</p>\r\n			</td>\r\n			<td style="width:595px">\r\n			<p style="text-align:justify">Silverline Language Institute, Tehran, Iran.</p>\r\n\r\n			<ul>\r\n				<li style="text-align:justify"><em>Post: IELTS and TOEFL Supervisor, English Instructor</em></li>\r\n				<li style="text-align:justify"><em>Books Taught:</em>\r\n				<ul style="list-style-type:circle">\r\n					<li><em>General (Waystages, KET exam pamphlet)</em></li>\r\n					<li><em>IELTS (Institute&rsquo;s Pamphlet, Personal Pamphlet, Focus on IELTS, Barron&rsquo;s, New Insights into IELTS, Kaplan, Cambridge Practice Tests for IELTS: 4 - 7)</em></li>\r\n				</ul>\r\n				</li>\r\n			</ul>\r\n\r\n			<p style="text-align:justify">&nbsp;</p>\r\n			</td>\r\n		</tr>\r\n		<tr>\r\n			<td style="width:104px">\r\n			<p style="text-align:justify">2010 &ndash; 2011</p>\r\n			</td>\r\n			<td style="width:595px">\r\n			<p style="text-align:justify">Iran Canada Language Institute, Tehran, Iran.</p>\r\n\r\n			<ul>\r\n				<li style="text-align:justify"><em>Post: English Instructor</em></li>\r\n				<li style="text-align:justify"><em>Books Taught:</em>\r\n				<ul style="list-style-type:circle">\r\n					<li><em>General (Top Notches, Summits)</em></li>\r\n				</ul>\r\n				</li>\r\n			</ul>\r\n\r\n			<p style="text-align:justify">&nbsp;</p>\r\n			</td>\r\n		</tr>\r\n		<tr>\r\n			<td style="width:104px">\r\n			<p style="text-align:justify">2006 &ndash; 2011</p>\r\n			</td>\r\n			<td style="width:595px">\r\n			<p style="text-align:justify">Danesh Mazid Language Institute, Tehran, Iran.</p>\r\n\r\n			<ul>\r\n				<li style="text-align:justify"><em>Post: English Instructor</em></li>\r\n				<li style="text-align:justify"><em>Books Taught: </em>\r\n				<ul style="list-style-type:circle">\r\n					<li><em>General (Interchanges, Passages, Tactics for Listening)</em></li>\r\n					<li><em>IELTS (Personal Pamphlet, IELTS Masterclass, Barrons, Objective IELTS, Kaplan, Cambridge Practice Tests for IELTS: 4 - 7)</em></li>\r\n					<li><em>TOEFL PBT, iBT (Personal Pamphlet, Longman, Barron&rsquo;s, Delta, Cambridge)</em></li>\r\n				</ul>\r\n				</li>\r\n			</ul>\r\n\r\n			<p style="text-align:justify">&nbsp;</p>\r\n			</td>\r\n		</tr>\r\n	</tbody>\r\n</table>\r\n\r\n<p dir="ltr" style="text-align:justify">&nbsp;</p>\r\n\r\n<p dir="ltr" style="text-align:justify"><strong>Academic Affiliation</strong> &hellip;&hellip;&hellip;&hellip;&hellip;&hellip;&hellip;&hellip;&hellip;&hellip;&hellip;&hellip;&hellip;&hellip;&hellip;&hellip;&hellip;&hellip;&hellip;&hellip;&hellip;&hellip;&hellip;&hellip;&hellip;&hellip;&hellip;&hellip;&hellip;&hellip;&hellip;&hellip;&hellip;&hellip;&hellip;&hellip;&hellip;&hellip;&hellip;&hellip;&hellip;&hellip;&hellip;&hellip;&hellip;&hellip;&hellip;&hellip;&hellip;&hellip;&hellip;&hellip;.</p>\r\n\r\n<table border="1" cellpadding="0" cellspacing="0" dir="ltr">\r\n	<tbody>\r\n		<tr>\r\n			<td style="width:133px">\r\n			<p style="text-align:justify">2010 &ndash; Present</p>\r\n			</td>\r\n			<td style="width:567px">\r\n			<p style="text-align:justify">Teaching English Language and Literature Society&nbsp; of Iran (TELLSI)</p>\r\n\r\n			<p style="text-align:justify">&nbsp;</p>\r\n			</td>\r\n		</tr>\r\n		<tr>\r\n			<td style="width:133px">\r\n			<p style="text-align:justify">2010 &ndash; Present</p>\r\n			</td>\r\n			<td style="width:567px">\r\n			<p style="text-align:justify">Linguistics Society of Iran (ISI)</p>\r\n\r\n			<p style="text-align:justify">&nbsp;</p>\r\n			</td>\r\n		</tr>\r\n	</tbody>\r\n</table>\r\n\r\n<p dir="ltr" style="text-align:justify">&nbsp;</p>\r\n\r\n<p dir="ltr" style="text-align:justify"><strong>Other Working Experiences </strong>&hellip;&hellip;&hellip;&hellip;&hellip;&hellip;&hellip;&hellip;&hellip;&hellip;&hellip;&hellip;&hellip;&hellip;&hellip;&hellip;&hellip;&hellip;&hellip;&hellip;&hellip;&hellip;&hellip;&hellip;&hellip;&hellip;&hellip;&hellip;&hellip;&hellip;&hellip;&hellip;&hellip;&hellip;&hellip;&hellip;&hellip;&hellip;&hellip;&hellip;&hellip;&hellip;&hellip;&hellip;&hellip;&hellip;&hellip;...</p>\r\n\r\n<table border="1" cellpadding="0" cellspacing="0" dir="ltr">\r\n	<tbody>\r\n		<tr>\r\n			<td style="width:133px">\r\n			<p style="text-align:justify">2015 &ndash; Present</p>\r\n			</td>\r\n			<td style="width:567px">\r\n			<p style="text-align:justify"><em>International Business Relations</em> in Samar Ara Qeshm Company.</p>\r\n\r\n			<p style="text-align:justify">&nbsp;</p>\r\n			</td>\r\n		</tr>\r\n		<tr>\r\n			<td style="width:133px">\r\n			<p style="text-align:justify">2015 - Present</p>\r\n			</td>\r\n			<td style="width:567px">\r\n			<p style="text-align:justify"><em>Scientific Article Editing</em></p>\r\n			</td>\r\n		</tr>\r\n	</tbody>\r\n</table>\r\n\r\n<p dir="ltr" style="text-align:justify">&nbsp;</p>\r\n\r\n<p dir="ltr" style="text-align:justify">&nbsp;</p>\r\n', NULL, '', '', '3mSZ81476213775.pdf'),
(73, 'uOn9n1476713225.jpg', 'وحید', 'ایزدی فر', 'کارشناسی ارشد', '<p dir="ltr">Name:&nbsp;&nbsp;&nbsp;&nbsp;&nbsp;&nbsp;&nbsp;&nbsp;&nbsp;&nbsp;&nbsp;&nbsp;&nbsp;&nbsp;&nbsp;&nbsp;&nbsp;&nbsp;&nbsp;&nbsp;&nbsp;&nbsp;&nbsp;&nbsp;&nbsp;&nbsp;&nbsp;&nbsp;&nbsp;&nbsp;&nbsp;&nbsp;&nbsp;&nbsp;&nbsp; &nbsp;&nbsp;&nbsp;&nbsp;&nbsp;&nbsp;&nbsp;&nbsp;&nbsp;&nbsp;&nbsp;&nbsp;&nbsp;&nbsp;&nbsp;&nbsp;&nbsp;&nbsp;&nbsp;&nbsp; Vahid Izadifar</p>\r\n\r\n<p dir="ltr">Date of birth:&nbsp;&nbsp;&nbsp;&nbsp;&nbsp;&nbsp;&nbsp;&nbsp;&nbsp;&nbsp;&nbsp;&nbsp;&nbsp;&nbsp;&nbsp;&nbsp;&nbsp;&nbsp;&nbsp;&nbsp;&nbsp;&nbsp;&nbsp;&nbsp;&nbsp;&nbsp;&nbsp; &nbsp;&nbsp;&nbsp;&nbsp;&nbsp;&nbsp;&nbsp;&nbsp;&nbsp;&nbsp;&nbsp;&nbsp;&nbsp;&nbsp;&nbsp;&nbsp;&nbsp;&nbsp;Jun, 18<sup>th</sup>, 1989</p>\r\n\r\n<p dir="ltr">Nationality:&nbsp;&nbsp;&nbsp;&nbsp;&nbsp;&nbsp;&nbsp;&nbsp;&nbsp;&nbsp;&nbsp;&nbsp;&nbsp;&nbsp;&nbsp;&nbsp;&nbsp;&nbsp;&nbsp;&nbsp;&nbsp;&nbsp;&nbsp;&nbsp;&nbsp;&nbsp;&nbsp;&nbsp;&nbsp;&nbsp;&nbsp;&nbsp; &nbsp;&nbsp;&nbsp;&nbsp;&nbsp;&nbsp;&nbsp;&nbsp;&nbsp;&nbsp;&nbsp;&nbsp;&nbsp;&nbsp;&nbsp;&nbsp;Iranian</p>\r\n\r\n<p dir="ltr">Marital Status: &nbsp; &nbsp; &nbsp; &nbsp; &nbsp; &nbsp; &nbsp; &nbsp; &nbsp; &nbsp; &nbsp; &nbsp; &nbsp; &nbsp; &nbsp; &nbsp; &nbsp; &nbsp; &nbsp; &nbsp; &nbsp; &nbsp;Married</p>\r\n\r\n<p dir="ltr">Language:&nbsp;&nbsp;&nbsp;&nbsp;&nbsp;&nbsp;&nbsp;&nbsp;&nbsp;&nbsp;&nbsp;&nbsp;&nbsp;&nbsp;&nbsp;&nbsp;&nbsp;&nbsp;&nbsp;&nbsp;&nbsp;&nbsp;&nbsp;&nbsp;&nbsp;&nbsp;&nbsp;&nbsp;&nbsp;&nbsp;&nbsp;&nbsp;&nbsp;&nbsp;&nbsp; &nbsp;&nbsp;&nbsp;&nbsp;&nbsp;&nbsp;&nbsp; &nbsp; &nbsp; &nbsp; Persian, English, Arabic</p>\r\n\r\n<p dir="ltr">Telephone: &nbsp; &nbsp; &nbsp; &nbsp; &nbsp; &nbsp; &nbsp; &nbsp; &nbsp; &nbsp; &nbsp; &nbsp; &nbsp; &nbsp; &nbsp; &nbsp; &nbsp; &nbsp; &nbsp; &nbsp; &nbsp; &nbsp; &nbsp; &nbsp;&nbsp;</p>\r\n\r\n<p dir="ltr">E-mail:&nbsp;&nbsp;&nbsp;&nbsp;&nbsp;&nbsp;&nbsp;&nbsp;&nbsp;&nbsp;&nbsp;&nbsp;&nbsp;&nbsp;&nbsp;&nbsp;&nbsp;&nbsp;&nbsp;&nbsp;&nbsp;&nbsp;&nbsp;&nbsp;&nbsp;&nbsp; &nbsp;&nbsp;&nbsp;&nbsp;&nbsp;&nbsp;&nbsp;&nbsp;&nbsp;&nbsp;&nbsp;&nbsp;&nbsp;&nbsp;&nbsp;&nbsp;&nbsp;&nbsp;&nbsp;&nbsp;&nbsp;&nbsp;&nbsp;&nbsp;&nbsp; &nbsp; &nbsp;<a href="mailto:izadifarvahid@gmail.com">izadifarvahid@gmail.com</a></p>\r\n\r\n<p dir="ltr">&nbsp;</p>\r\n\r\n<p dir="ltr"><strong>Education:</strong></p>\r\n\r\n<p dir="ltr">2012-2014&nbsp;&nbsp;&nbsp;&nbsp;&nbsp;&nbsp;&nbsp;&nbsp;&nbsp;&nbsp;&nbsp;&nbsp;&nbsp;&nbsp;&nbsp;&nbsp;&nbsp;&nbsp;&nbsp;&nbsp;&nbsp;&nbsp;&nbsp;&nbsp;&nbsp;&nbsp;&nbsp;&nbsp;&nbsp;&nbsp; &nbsp;&nbsp;&nbsp;&nbsp;&nbsp;&nbsp;&nbsp;&nbsp;&nbsp;&nbsp;&nbsp;&nbsp;&nbsp;&nbsp;&nbsp;&nbsp;&nbsp;&nbsp;Allameh Tabataba&rsquo;i University</p>\r\n\r\n<p dir="ltr">&nbsp;&nbsp;&nbsp;&nbsp;&nbsp;&nbsp;&nbsp;&nbsp;&nbsp;&nbsp;&nbsp;&nbsp;&nbsp;&nbsp;&nbsp;&nbsp;&nbsp;&nbsp;&nbsp;&nbsp;&nbsp;&nbsp;&nbsp;&nbsp;&nbsp;&nbsp;&nbsp;&nbsp;&nbsp;&nbsp;&nbsp;&nbsp;&nbsp;&nbsp;&nbsp;&nbsp;&nbsp;&nbsp;&nbsp;&nbsp;&nbsp;&nbsp;&nbsp;&nbsp;&nbsp;&nbsp;&nbsp;&nbsp;&nbsp;&nbsp;&nbsp;&nbsp;&nbsp;&nbsp; &nbsp;&nbsp;&nbsp;&nbsp;&nbsp;&nbsp;&nbsp;&nbsp;&nbsp;&nbsp;&nbsp;&nbsp;&nbsp;&nbsp;&nbsp;&nbsp;&nbsp;&nbsp;&nbsp;&nbsp;&nbsp;&nbsp;&nbsp;&nbsp;&nbsp;&nbsp;&nbsp;&nbsp;[Tehran, Iran]</p>\r\n\r\n<p dir="ltr">&nbsp;&nbsp;&nbsp;&nbsp;&nbsp;&nbsp;&nbsp;&nbsp;&nbsp;&nbsp;&nbsp;&nbsp;&nbsp;&nbsp;&nbsp;&nbsp;&nbsp;&nbsp;&nbsp;&nbsp;&nbsp;&nbsp;&nbsp;&nbsp;&nbsp;&nbsp;&nbsp;&nbsp;&nbsp;&nbsp;&nbsp;&nbsp;&nbsp;&nbsp;&nbsp;&nbsp;&nbsp;&nbsp;&nbsp;&nbsp;&nbsp;&nbsp;&nbsp;&nbsp;&nbsp;&nbsp;&nbsp;&nbsp;&nbsp;&nbsp;&nbsp;&nbsp;&nbsp;&nbsp;&nbsp; &nbsp;&nbsp;&nbsp;&nbsp;&nbsp;&nbsp;&nbsp;&nbsp;&nbsp;&nbsp;&nbsp;&nbsp;&nbsp;&nbsp;&nbsp;&nbsp;&nbsp;&nbsp;&nbsp;&nbsp;&nbsp;&nbsp;&nbsp;&nbsp;&nbsp;&nbsp;&nbsp;&nbsp;&nbsp;&nbsp;M.A. TEFL</p>\r\n\r\n<p dir="ltr">2008-2012&nbsp;&nbsp;&nbsp;&nbsp;&nbsp;&nbsp;&nbsp;&nbsp;&nbsp;&nbsp;&nbsp;&nbsp;&nbsp;&nbsp;&nbsp;&nbsp;&nbsp;&nbsp;&nbsp;&nbsp;&nbsp;&nbsp;&nbsp;&nbsp;&nbsp;&nbsp;&nbsp;&nbsp;&nbsp;&nbsp; &nbsp;&nbsp;&nbsp;&nbsp;&nbsp;&nbsp;&nbsp;&nbsp;&nbsp;&nbsp;&nbsp;&nbsp;&nbsp;&nbsp;&nbsp;&nbsp;&nbsp;Chabahar Maritime University</p>\r\n\r\n<p dir="ltr">&nbsp;&nbsp;&nbsp;&nbsp;&nbsp;&nbsp;&nbsp;&nbsp;&nbsp;&nbsp;&nbsp;&nbsp;&nbsp;&nbsp;&nbsp;&nbsp;&nbsp;&nbsp;&nbsp;&nbsp;&nbsp;&nbsp;&nbsp;&nbsp;&nbsp;&nbsp;&nbsp;&nbsp;&nbsp;&nbsp; &nbsp;&nbsp;&nbsp;&nbsp;&nbsp;&nbsp;&nbsp;&nbsp;&nbsp;&nbsp;&nbsp;&nbsp;&nbsp;&nbsp;&nbsp;&nbsp;&nbsp;&nbsp;&nbsp;&nbsp;&nbsp;&nbsp;&nbsp;&nbsp;&nbsp;&nbsp;&nbsp;&nbsp;&nbsp;&nbsp;&nbsp;&nbsp;&nbsp;&nbsp;&nbsp;&nbsp;&nbsp;&nbsp;&nbsp;&nbsp;&nbsp;&nbsp;&nbsp;&nbsp;&nbsp;&nbsp;&nbsp;&nbsp;&nbsp;&nbsp;&nbsp;[Chabahar, Iran]</p>\r\n\r\n<p dir="ltr">&nbsp;&nbsp;&nbsp;&nbsp;&nbsp;&nbsp;&nbsp;&nbsp;&nbsp;&nbsp;&nbsp;&nbsp;&nbsp;&nbsp;&nbsp;&nbsp;&nbsp;&nbsp;&nbsp;&nbsp;&nbsp;&nbsp;&nbsp;&nbsp;&nbsp;&nbsp;&nbsp;&nbsp;&nbsp;&nbsp;&nbsp;&nbsp;&nbsp;&nbsp;&nbsp;&nbsp;&nbsp;&nbsp;&nbsp;&nbsp;&nbsp;&nbsp;&nbsp;&nbsp;&nbsp;&nbsp;&nbsp;&nbsp;&nbsp;&nbsp;&nbsp;&nbsp;&nbsp;&nbsp;&nbsp;&nbsp; &nbsp;&nbsp;&nbsp;&nbsp;&nbsp;&nbsp;&nbsp;&nbsp;&nbsp;&nbsp;&nbsp;&nbsp;&nbsp;&nbsp;&nbsp;&nbsp;&nbsp;&nbsp;&nbsp;B.A Translation Studies</p>\r\n\r\n<p dir="ltr">&nbsp;</p>\r\n\r\n<p dir="ltr"><strong>Job Experience:</strong></p>\r\n\r\n<table border="1" cellpadding="0" cellspacing="0" dir="ltr">\r\n	<tbody>\r\n		<tr>\r\n			<td style="width:85px">\r\n			<p>&nbsp;2012-2015</p>\r\n			</td>\r\n			<td style="width:246px">\r\n			<p>&nbsp;Safa Language Center (SLC)</p>\r\n\r\n			<p>&nbsp;&nbsp;&nbsp;&nbsp;&nbsp;&nbsp;&nbsp;&nbsp;&nbsp;&nbsp;&nbsp;&nbsp;&nbsp; [Tehran, Iran]</p>\r\n\r\n			<p>&nbsp;&nbsp;&nbsp;&nbsp;&nbsp;&nbsp;&nbsp;&nbsp;&nbsp;&nbsp;&nbsp;&nbsp;&nbsp;&nbsp;&nbsp; 6 Branches</p>\r\n			</td>\r\n			<td style="width:293px">\r\n			<p>&nbsp;Instructor, Teacher trainer, Supervisor</p>\r\n\r\n			<p>&nbsp;</p>\r\n			</td>\r\n		</tr>\r\n		<tr>\r\n			<td style="width:85px">\r\n			<p>&nbsp;2013-2015</p>\r\n			</td>\r\n			<td style="width:246px">\r\n			<p>&nbsp;Nasim Language Center (NLC)</p>\r\n\r\n			<p>&nbsp;&nbsp;&nbsp;&nbsp;&nbsp;&nbsp;&nbsp;&nbsp;&nbsp;&nbsp;&nbsp;&nbsp;&nbsp;&nbsp;&nbsp; [Karaj, Iran]</p>\r\n			</td>\r\n			<td style="width:293px">\r\n			<p>&nbsp;Instructor, Teacher trainer, Supervisor</p>\r\n			</td>\r\n		</tr>\r\n		<tr>\r\n			<td style="width:85px">\r\n			<p>&nbsp;2012-present</p>\r\n			</td>\r\n			<td style="width:246px">\r\n			<p>&nbsp;Marefat Language Academy (MLA)</p>\r\n\r\n			<p>&nbsp;&nbsp;&nbsp;&nbsp;&nbsp;&nbsp;&nbsp;&nbsp;&nbsp;&nbsp;&nbsp;&nbsp;&nbsp;&nbsp;&nbsp; [Karaj, Iran]</p>\r\n			</td>\r\n			<td style="width:293px">\r\n			<p>&nbsp;Instructor, Teacher Trainer, Head of YL &nbsp;Department</p>\r\n			</td>\r\n		</tr>\r\n		<tr>\r\n			<td style="width:85px">\r\n			<p>&nbsp;2012-2013</p>\r\n			</td>\r\n			<td style="width:246px">\r\n			<p>&nbsp;Shokouh-e-Andisheh</p>\r\n\r\n			<p>&nbsp;&nbsp;&nbsp;&nbsp;&nbsp;&nbsp;&nbsp;&nbsp;&nbsp;&nbsp;&nbsp;&nbsp;&nbsp;&nbsp; [Tehran, Iran]</p>\r\n			</td>\r\n			<td style="width:293px">\r\n			<p>&nbsp;Instructor, Head Teacher, Test Administrator</p>\r\n			</td>\r\n		</tr>\r\n		<tr>\r\n			<td style="width:85px">\r\n			<p>&nbsp;2012-2013</p>\r\n			</td>\r\n			<td style="width:246px">\r\n			<p>&nbsp;Ertebatat Language Center</p>\r\n\r\n			<p>&nbsp;&nbsp;&nbsp;&nbsp;&nbsp;&nbsp;&nbsp;&nbsp;&nbsp;&nbsp;&nbsp;&nbsp;&nbsp; [Karaj, Iran]</p>\r\n			</td>\r\n			<td style="width:293px">\r\n			<p>&nbsp;Head Teacher, Test Administrator</p>\r\n			</td>\r\n		</tr>\r\n		<tr>\r\n			<td style="width:85px">\r\n			<p>&nbsp;2012-2013</p>\r\n			</td>\r\n			<td style="width:246px">\r\n			<p>&nbsp;Zaban Negar</p>\r\n\r\n			<p>&nbsp;&nbsp;&nbsp;&nbsp;&nbsp;&nbsp;&nbsp;&nbsp;&nbsp;&nbsp;&nbsp;&nbsp;&nbsp;&nbsp; [Tehran, Iran]</p>\r\n			</td>\r\n			<td style="width:293px">\r\n			<p>&nbsp;Instructor</p>\r\n			</td>\r\n		</tr>\r\n	</tbody>\r\n</table>\r\n\r\n<p dir="ltr">&nbsp;</p>\r\n\r\n<p dir="ltr"><strong>Books Taught:</strong></p>\r\n\r\n<p dir="ltr"><strong>General English:</strong></p>\r\n\r\n<table border="1" cellpadding="0" cellspacing="0" dir="ltr">\r\n	<tbody>\r\n		<tr>\r\n			<td style="width:312px">\r\n			<p>&nbsp;Touchstone (1-4)</p>\r\n			</td>\r\n			<td style="width:312px">\r\n			<p>&nbsp;Landmark (upper intermediate &amp; advanced)</p>\r\n			</td>\r\n		</tr>\r\n		<tr>\r\n			<td style="width:312px">\r\n			<p>&nbsp;English result (upper )</p>\r\n			</td>\r\n			<td style="width:312px">\r\n			<p>&nbsp;Headway (starter-5)</p>\r\n			</td>\r\n		</tr>\r\n		<tr>\r\n			<td style="width:312px">\r\n			<p>&nbsp;American English File (1-4)</p>\r\n			</td>\r\n			<td style="width:312px">\r\n			<p>&nbsp;FCE gold</p>\r\n			</td>\r\n		</tr>\r\n		<tr>\r\n			<td style="width:312px">\r\n			<p>&nbsp;Top notch (fundamental- 3B)</p>\r\n			</td>\r\n			<td style="width:312px">\r\n			<p>&nbsp;Connect (1-3)</p>\r\n			</td>\r\n		</tr>\r\n		<tr>\r\n			<td style="width:312px">\r\n			<p>&nbsp;Summit (1&amp;2)</p>\r\n			</td>\r\n			<td style="width:312px">\r\n			<p>&nbsp;CAE result</p>\r\n			</td>\r\n		</tr>\r\n	</tbody>\r\n</table>\r\n\r\n<p dir="ltr">&nbsp;</p>\r\n\r\n<p dir="ltr"><strong>IELTS:</strong></p>\r\n\r\n<table border="1" cellpadding="0" cellspacing="0" dir="ltr">\r\n	<tbody>\r\n		<tr>\r\n			<td style="width:312px">\r\n			<p>&nbsp;Ready for IELTS</p>\r\n			</td>\r\n			<td style="width:312px">\r\n			<p>&nbsp;Writing for IELTS</p>\r\n			</td>\r\n		</tr>\r\n		<tr>\r\n			<td style="width:312px">\r\n			<p>&nbsp;Focus on IELTS</p>\r\n			</td>\r\n			<td style="width:312px">\r\n			<p>&nbsp;Focus on IELTS Reading and Writing</p>\r\n			</td>\r\n		</tr>\r\n		<tr>\r\n			<td style="width:312px">\r\n			<p>&nbsp;Reading for IELTS</p>\r\n			</td>\r\n			<td style="width:312px">\r\n			<p>&nbsp;IELTS Trainer</p>\r\n			</td>\r\n		</tr>\r\n		<tr>\r\n			<td style="width:312px">\r\n			<p>&nbsp;IELTS Objective</p>\r\n			</td>\r\n			<td style="width:312px">\r\n			<p>&nbsp;Focus on IELTS Academic Practice Tests</p>\r\n			</td>\r\n		</tr>\r\n		<tr>\r\n			<td style="width:312px">\r\n			<p>&nbsp;IELTS Test Builder 1 &amp;&nbsp;2</p>\r\n			</td>\r\n			<td style="width:312px">\r\n			<p>&nbsp;IELTS 5-10</p>\r\n			</td>\r\n		</tr>\r\n		<tr>\r\n			<td style="width:312px">\r\n			<p>&nbsp;Achieve IELTS (1 &amp; 2)</p>\r\n			</td>\r\n			<td style="width:312px">\r\n			<p>&nbsp;National Geographic IELTS 1</p>\r\n			</td>\r\n		</tr>\r\n		<tr>\r\n			<td style="width:312px">\r\n			<p>&nbsp;McGraw Hill IELTS 5</p>\r\n			</td>\r\n			<td style="width:312px">\r\n			<p>&nbsp;New Insight into IELTS</p>\r\n			</td>\r\n		</tr>\r\n		<tr>\r\n			<td style="width:312px">\r\n			<p>&nbsp;Barron&rsquo;s Practice Test</p>\r\n			</td>\r\n			<td style="width:312px">\r\n			<p>&nbsp;Improve your IELTS Reading Skills</p>\r\n			</td>\r\n		</tr>\r\n		<tr>\r\n			<td style="width:312px">\r\n			<p>&nbsp;Vocabulary for IELTS</p>\r\n			</td>\r\n			<td style="width:312px">\r\n			<p>&nbsp;Check your English Vocabulary for IELTS</p>\r\n			</td>\r\n		</tr>\r\n		<tr>\r\n			<td style="width:312px">\r\n			<p>&nbsp;Grammar for IELTS</p>\r\n			</td>\r\n			<td style="width:312px">\r\n			<p>&nbsp;IELTS Introduction</p>\r\n			</td>\r\n		</tr>\r\n	</tbody>\r\n</table>\r\n\r\n<p dir="ltr">&nbsp;</p>\r\n\r\n<p dir="ltr"><strong>Under my Supervision:</strong></p>\r\n\r\n<table border="1" cellpadding="0" cellspacing="0" dir="ltr">\r\n	<tbody>\r\n		<tr>\r\n			<td style="width:312px">\r\n			<p>&nbsp;Tiny talk &nbsp;(1-3)</p>\r\n			</td>\r\n			<td style="width:312px">\r\n			<p>&nbsp;Back Pack (Starter-5)</p>\r\n			</td>\r\n		</tr>\r\n		<tr>\r\n			<td style="width:312px">\r\n			<p>&nbsp;Phonics for Kids (1-6)</p>\r\n			</td>\r\n			<td style="width:312px">\r\n			<p>&nbsp;American File (Starter-4)</p>\r\n			</td>\r\n		</tr>\r\n		<tr>\r\n			<td style="width:312px">\r\n			<p>&nbsp;Oxford Phonics</p>\r\n			</td>\r\n			<td style="width:312px">\r\n			<p>&nbsp;Head Way (Starter-5)</p>\r\n			</td>\r\n		</tr>\r\n		<tr>\r\n			<td style="width:312px">\r\n			<p>&nbsp;Magic Time (1&amp;2)</p>\r\n			</td>\r\n			<td style="width:312px">\r\n			<p>&nbsp;Pocket (Little-3)</p>\r\n			</td>\r\n		</tr>\r\n		<tr>\r\n			<td style="width:312px">\r\n			<p>&nbsp;Touch Stone&nbsp; (1-4)</p>\r\n			</td>\r\n			<td style="width:312px">\r\n			<p>&nbsp;Top Notch (Fundamental-3)</p>\r\n			</td>\r\n		</tr>\r\n		<tr>\r\n			<td style="width:312px">\r\n			<p>&nbsp;Get Ready (1 &amp; 2)</p>\r\n			</td>\r\n			<td style="width:312px">\r\n			<p>&nbsp;Happy (House/Street/World/Earth)</p>\r\n			</td>\r\n		</tr>\r\n		<tr>\r\n			<td style="width:312px">\r\n			<p>&nbsp;Summit (1 &amp; 2)</p>\r\n			</td>\r\n			<td style="width:312px">\r\n			<p>&nbsp;Hey There (1-3)</p>\r\n			</td>\r\n		</tr>\r\n		<tr>\r\n			<td style="width:312px">\r\n			<p>&nbsp;Family and Friends (First- 5)</p>\r\n			</td>\r\n			<td style="width:312px">\r\n			<p>&nbsp;</p>\r\n			</td>\r\n		</tr>\r\n	</tbody>\r\n</table>\r\n\r\n<p dir="ltr">&nbsp;</p>\r\n\r\n<p dir="ltr">&nbsp;</p>\r\n', NULL, '', 'خیابان شهید بهشتی، خیابان قائم مقام فراهانی (سرافراز)، کوچه دهم، پلاک 9، واحد 1', NULL),
(212, 'Vlpjs1468169245.jpg', 'خشایار', 'یزدان بخش', 'کارشناسی ارشد مهندسی مواد', '<div>\r\n<p dir="ltr">&nbsp;</p>\r\n</div>\r\n', NULL, '09122265512', 'خیابان شهید بهشتی، خیابان قائم مقام فراهانی (سرافراز)، کوچه دهم، پلاک 9، واحد 1', NULL);

-- --------------------------------------------------------

--
-- Table structure for table `ym_towns`
--

CREATE TABLE IF NOT EXISTS `ym_towns` (
  `id` int(10) unsigned NOT NULL AUTO_INCREMENT COMMENT 'شناسه',
  `name` varchar(100) NOT NULL COMMENT 'عنوان',
  PRIMARY KEY (`id`)
) ENGINE=InnoDB  DEFAULT CHARSET=utf8 COMMENT='استان ها' AUTO_INCREMENT=32 ;

--
-- Dumping data for table `ym_towns`
--

INSERT INTO `ym_towns` (`id`, `name`) VALUES
(1, 'آذربايجان شرقی'),
(2, 'آذربايجان غربی'),
(3, 'اردبيل'),
(4, 'اصفهان'),
(5, 'البرز'),
(6, 'ايلام'),
(7, 'بوشهر'),
(8, 'تهران'),
(9, 'چهارمحال بختياری'),
(10, 'خراسان جنوبی'),
(11, 'خراسان رضوی'),
(12, 'خراسان شمالی'),
(13, 'خوزستان'),
(14, 'زنجان'),
(15, 'سمنان'),
(16, 'سيستان و بلوچستان'),
(17, 'فارس'),
(18, 'قزوين'),
(19, 'قم'),
(20, 'كردستان'),
(21, 'كرمان'),
(22, 'كرمانشاه'),
(23, 'كهكيلويه و بويراحمد'),
(24, 'گلستان'),
(25, 'گيلان'),
(26, 'لرستان'),
(27, 'مازندران'),
(28, 'مركزی'),
(29, 'هرمزگان'),
(30, 'همدان'),
(31, 'يزد');

-- --------------------------------------------------------

--
-- Table structure for table `ym_translations`
--

CREATE TABLE IF NOT EXISTS `ym_translations` (
  `id` int(11) NOT NULL AUTO_INCREMENT,
  `table_name` varchar(100) NOT NULL,
  `model_id` int(11) NOT NULL,
  `attribute` varchar(100) NOT NULL,
  `lang` varchar(6) NOT NULL,
  `value` mediumtext NOT NULL,
  PRIMARY KEY (`id`),
  KEY `attribute` (`attribute`),
  KEY `table_name` (`table_name`)
) ENGINE=InnoDB  DEFAULT CHARSET=utf8 AUTO_INCREMENT=4137 ;

--
-- Dumping data for table `ym_translations`
--

INSERT INTO `ym_translations` (`id`, `table_name`, `model_id`, `attribute`, `lang`, `value`) VALUES
(59, 'ym_pages', 5, 'title', 'en', 'Terms and Privacy'),
(60, 'ym_pages', 5, 'summary', 'en', '<p dir="ltr" style="text-align: justify;">Terms and Policies of Avaye Shahir Institute:</p>\r\n\r\n<ol>\r\n	<li dir="ltr" style="text-align: justify;">Observing Islamic principles &ndash; such as Islamic hijab &ndash; as we as the rules set by Avaye Shahir Institute is mandatory.</li>\r\n	<li dir="ltr" style="text-align: justify;">Observing netiquette (Net etiquette) on the cyber space whether on our site or on our Telegram channel is obligatory.</li>\r\n	<li dir="ltr" style="text-align: justify;">No one - including the teachers, employees, and the clients - is supposed to talk politics in the Institute or on the cyber space provided by the Institute.</li>\r\n	<li dir="ltr" style="text-align: justify;">Under no circumstances is the tuition fee refunded.</li>\r\n	<li dir="ltr" style="text-align: justify;">Having enrollment bill is necessary for your first presence in the class.</li>\r\n	<li dir="ltr" style="text-align: justify;">It is not possible to change the time and the day of the classes unless the teacher and the institute agree to do so and all other classmates agree with it in writing.</li>\r\n	<li dir="ltr" style="text-align: justify;">Using mobile phones throughout the time of the class is prohibited.</li>\r\n	<li dir="ltr" style="text-align: justify;">Before enrolling for a course, read the announcements carefully and then enroll.</li>\r\n	<li dir="ltr" style="text-align: justify;">Please follow the announcements and the news sent to you by means of the site or Telegram channel.</li>\r\n	<li dir="ltr" style="text-align: justify;">Avaye Shahir Institute never asks you to provide your personal information on the phone or through text messages. Please inform the management if such a case happens.</li>\r\n	<li dir="ltr" style="text-align: justify;">Please inform the management about any irregularities in the class or in the Institute.</li>\r\n</ol>\r\n'),
(61, 'ym_pages', 3, 'title', 'en', 'Contact Us'),
(62, 'ym_pages', 3, 'summary', 'en', '<p>asdg</p>\r\n'),
(63, 'ym_pages', 2, 'title', 'en', 'Forum'),
(64, 'ym_pages', 2, 'summary', 'en', ''),
(65, 'ym_pages', 12, 'title', 'en', 'About Us - index page'),
(66, 'ym_pages', 12, 'summary', 'en', '<p dir="ltr" style="text-align: justify;">The integration of academic studies and years of translating and teaching at all levels - from 1381 up to now - in prestigious institutions and universities such as University of Applied Science and Technology; Iranian Academic Center for Education, Culture, and Research; and Sharif University of Technology, to name but a few, culminated in the establishment of Avaye Shahir Cultural &amp; Educational Institute in 1394, which is active in such fields as arts, science, and culture in general and different languages in particular. Thanks to the years of academic research and teaching experience of its learned instructors in the field of the English Language, Avaye Shahir tries to offer some innovative and new services to those who want to accompany us.<br />\r\nWish you all the best<br />\r\nManager of Avaye Shahir Institute: Amir Khademolmelleh</p>\r\n'),
(71, '{{class_categories}}', 20, 'title', 'en', 'Reading'),
(72, '{{class_categories}}', 20, 'summary', 'en', ''),
(73, '{{class_categories}}', 21, 'title', 'en', 'Speaking'),
(74, '{{class_categories}}', 21, 'summary', 'en', ''),
(76, '{{class_categories}}', 22, 'title', 'en', 'Writing'),
(77, '{{class_categories}}', 22, 'summary', 'en', ''),
(89, '{{class_categories}}', 23, 'title', 'en', 'Listening'),
(90, '{{class_categories}}', 23, 'summary', 'en', ''),
(105, '{{teacher_details}}', 32, 'name', 'en', 'Alireza'),
(106, '{{teacher_details}}', 32, 'family', 'en', 'Ghaffarian'),
(107, '{{teacher_details}}', 32, 'grade', 'en', 'M.A. in Translation Studies'),
(108, '{{teacher_details}}', 32, 'resume', 'en', '<p dir="ltr" style="text-align:center"><strong>My Resume</strong></p>\r\n\r\n<p dir="ltr"><strong>Name</strong>: &nbsp; &nbsp; &nbsp; &nbsp; &nbsp; &nbsp; &nbsp; &nbsp; &nbsp; &nbsp; &nbsp; &nbsp; &nbsp;Alireza Ghaffarian</p>\r\n\r\n<p dir="ltr"><strong>Date of birth</strong>:&nbsp;&nbsp;&nbsp;&nbsp;&nbsp;&nbsp;&nbsp;&nbsp; &nbsp;&nbsp;&nbsp;&nbsp;&nbsp;14/11/1973</p>\r\n\r\n<p dir="ltr"><strong>Nationality</strong>:&nbsp;&nbsp;&nbsp;&nbsp;&nbsp;&nbsp;&nbsp;&nbsp; &nbsp;&nbsp;&nbsp;&nbsp;&nbsp;&nbsp;&nbsp;&nbsp;Iranian</p>\r\n\r\n<p dir="ltr"><strong>Profession</strong>: &nbsp; &nbsp; &nbsp; &nbsp; &nbsp; &nbsp; &nbsp; &nbsp; &nbsp;English language instructor, interpreter, translator, and tour leader</p>\r\n\r\n<p dir="ltr"><strong>Marital Status</strong>:&nbsp;&nbsp;&nbsp;&nbsp; &nbsp;&nbsp;&nbsp;&nbsp;&nbsp; &nbsp;Married</p>\r\n\r\n<p dir="ltr"><strong>Language</strong>: &nbsp;&nbsp;&nbsp;&nbsp;&nbsp;&nbsp;&nbsp;&nbsp;&nbsp;&nbsp;&nbsp;&nbsp;&nbsp;&nbsp;&nbsp;&nbsp; &nbsp;English, Persian</p>\r\n\r\n<p dir="ltr"><strong>Telephone</strong>: &nbsp; &nbsp; &nbsp; &nbsp; &nbsp; &nbsp; &nbsp; &nbsp; &nbsp;0912-5383080</p>\r\n\r\n<p dir="ltr"><strong>E-mail</strong>:&nbsp;&nbsp;&nbsp;&nbsp;&nbsp;&nbsp;&nbsp;&nbsp;&nbsp;&nbsp;&nbsp;&nbsp;&nbsp;&nbsp;&nbsp;&nbsp; &nbsp;&nbsp;&nbsp;&nbsp;&nbsp;&nbsp;&nbsp;&nbsp;Erfan_ghaffarian@yahoo.com</p>\r\n\r\n<p dir="ltr"><strong>Education</strong>:&nbsp;&nbsp;&nbsp;&nbsp;&nbsp;&nbsp;&nbsp;&nbsp;&nbsp;&nbsp; &nbsp;&nbsp;&nbsp;&nbsp;&nbsp;&nbsp; &nbsp;</p>\r\n\r\n<p dir="ltr">2005-2008&nbsp;&nbsp;&nbsp;&nbsp;&nbsp;&nbsp;&nbsp;&nbsp;&nbsp; &nbsp;&nbsp;&nbsp;&nbsp;&nbsp;&nbsp;&nbsp;&nbsp;&nbsp; Tarbiatmoallem University (Tehran-Iran)</p>\r\n\r\n<p dir="ltr">&nbsp; &nbsp; &nbsp; &nbsp; &nbsp; &nbsp; &nbsp; &nbsp; &nbsp; &nbsp; &nbsp; &nbsp; &nbsp; &nbsp; &nbsp; &nbsp; &nbsp; &nbsp; &nbsp;M. A. in Translation Studies</p>\r\n\r\n<p dir="ltr">&nbsp;&nbsp;&nbsp;&nbsp;&nbsp;&nbsp;&nbsp;&nbsp;&nbsp;&nbsp; &nbsp;&nbsp;&nbsp;&nbsp;&nbsp;&nbsp;&nbsp;&nbsp;&nbsp;&nbsp;&nbsp;&nbsp;&nbsp;&nbsp;&nbsp;&nbsp;&nbsp;&nbsp;&nbsp;&nbsp;</p>\r\n\r\n<p dir="ltr">1995-1999&nbsp;&nbsp;&nbsp;&nbsp;&nbsp;&nbsp;&nbsp;&nbsp;&nbsp; &nbsp;&nbsp;&nbsp;&nbsp;&nbsp;&nbsp;&nbsp;&nbsp;&nbsp; Kashan-University</p>\r\n\r\n<p dir="ltr">&nbsp; &nbsp; &nbsp; &nbsp; &nbsp; &nbsp; &nbsp; &nbsp; &nbsp; &nbsp; &nbsp; &nbsp; &nbsp; &nbsp; &nbsp; &nbsp; &nbsp; &nbsp; &nbsp;B.A. in English&lt;&gt; Persian Translation</p>\r\n\r\n<p dir="ltr">&nbsp;</p>\r\n\r\n<p dir="ltr"><strong>Job &amp; Educational Experiences:</strong></p>\r\n\r\n<p dir="ltr">- Working as a teacher for the ILA (Iran Language Institute) from Basic levels to Advanced levels</p>\r\n\r\n<p dir="ltr">- Teaching conversation at Zaban Negar institute</p>\r\n\r\n<p dir="ltr">- Teaching conversation at Amir Kabir University</p>\r\n\r\n<p dir="ltr">- Teaching CAE and conversation at Ayandeh Sazan institute</p>\r\n\r\n<p dir="ltr">- Teaching conversation at Shokouh institute</p>\r\n\r\n<p dir="ltr">- Working as a supervisor at Shokouh institute</p>\r\n\r\n<p dir="ltr">- Teaching English in Allameh Helli school</p>\r\n\r\n<p dir="ltr">&nbsp;</p>\r\n\r\n<p dir="ltr"><strong>Translation and Interpretation Experiences</strong>:</p>\r\n\r\n<p dir="ltr">- Working for MTN Irancell as a Legislative Translator and interpreter</p>\r\n\r\n<p dir="ltr">- Working for the Federation of the Disabled as a translator and interpreter</p>\r\n\r\n<p dir="ltr">- Working as an interpreter for Atiyeh Sazan in an international meeting</p>\r\n\r\n<p dir="ltr">- Working as an interpreter for sports teams in Japan, Poland, Russia, China, and the Netherlands</p>\r\n\r\n<p dir="ltr">- Experience of translating and editing books, articles, and essays</p>\r\n\r\n<p dir="ltr">&nbsp;</p>\r\n'),
(109, '{{teacher_details}}', 32, 'address', 'en', ''),
(131, '{{class_category_files}}', 39, 'title', 'en', ''),
(132, '{{class_category_files}}', 39, 'summary', 'en', ''),
(143, '{{teacher_details}}', 33, 'name', 'en', 'Amir'),
(144, '{{teacher_details}}', 33, 'family', 'en', 'Khademolmelleh'),
(145, '{{teacher_details}}', 33, 'grade', 'en', 'M.A. in Translation Studies'),
(146, '{{teacher_details}}', 33, 'resume', 'en', '<p dir="ltr" style="text-align:justify">Name:&nbsp;&nbsp;&nbsp;&nbsp;&nbsp;&nbsp;&nbsp;&nbsp;&nbsp;&nbsp;&nbsp;&nbsp;&nbsp;&nbsp;&nbsp;&nbsp;&nbsp;&nbsp;&nbsp;&nbsp;&nbsp;&nbsp;&nbsp;&nbsp;&nbsp;&nbsp;&nbsp;&nbsp;&nbsp;&nbsp;&nbsp;&nbsp;&nbsp;&nbsp;&nbsp;&nbsp;&nbsp;&nbsp;&nbsp;&nbsp;&nbsp;&nbsp;&nbsp;&nbsp;&nbsp;&nbsp;&nbsp;&nbsp;&nbsp;&nbsp;&nbsp;&nbsp;&nbsp;&nbsp;&nbsp;&nbsp; Amir Khademolmelleh</p>\r\n\r\n<p dir="ltr" style="text-align:justify">Date of birth:&nbsp;&nbsp;&nbsp;&nbsp;&nbsp;&nbsp;&nbsp;&nbsp;&nbsp;&nbsp;&nbsp;&nbsp;&nbsp;&nbsp;&nbsp;&nbsp;&nbsp;&nbsp;&nbsp;&nbsp;&nbsp;&nbsp;&nbsp;&nbsp;&nbsp;&nbsp;&nbsp;&nbsp;&nbsp;&nbsp;&nbsp;&nbsp;&nbsp;&nbsp;&nbsp;&nbsp;&nbsp;&nbsp;&nbsp;&nbsp;&nbsp;&nbsp;&nbsp;&nbsp;&nbsp; Jan. 6<sup>th</sup>, 1970</p>\r\n\r\n<p dir="ltr" style="text-align:justify">Nationality:&nbsp;&nbsp;&nbsp;&nbsp;&nbsp;&nbsp;&nbsp;&nbsp;&nbsp;&nbsp;&nbsp;&nbsp;&nbsp;&nbsp;&nbsp;&nbsp;&nbsp;&nbsp;&nbsp;&nbsp;&nbsp;&nbsp;&nbsp;&nbsp;&nbsp;&nbsp;&nbsp;&nbsp;&nbsp;&nbsp;&nbsp;&nbsp;&nbsp;&nbsp;&nbsp;&nbsp;&nbsp;&nbsp; &nbsp;&nbsp;&nbsp;&nbsp;&nbsp;&nbsp;&nbsp;&nbsp;&nbsp; Iranian</p>\r\n\r\n<p dir="ltr" style="text-align:justify">Profession:&nbsp;&nbsp;&nbsp;&nbsp;&nbsp;&nbsp;&nbsp;&nbsp;&nbsp;&nbsp;&nbsp;&nbsp;&nbsp;&nbsp;&nbsp;&nbsp;&nbsp;&nbsp;&nbsp;&nbsp;&nbsp;&nbsp;&nbsp;&nbsp;&nbsp;&nbsp;&nbsp;&nbsp;&nbsp;&nbsp;&nbsp;&nbsp;&nbsp;&nbsp;&nbsp;&nbsp;&nbsp;&nbsp;&nbsp;&nbsp;&nbsp;&nbsp;&nbsp;&nbsp;&nbsp;&nbsp;&nbsp;&nbsp;&nbsp;&nbsp;University Instructor and Freelance Translator</p>\r\n\r\n<p dir="ltr" style="text-align:justify">Marital Status:&nbsp;&nbsp;&nbsp;&nbsp;&nbsp;&nbsp;&nbsp;&nbsp;&nbsp;&nbsp;&nbsp;&nbsp;&nbsp;&nbsp;&nbsp;&nbsp;&nbsp;&nbsp;&nbsp;&nbsp;&nbsp;&nbsp;&nbsp;&nbsp;&nbsp;&nbsp;&nbsp;&nbsp;&nbsp;&nbsp;&nbsp;&nbsp;&nbsp;&nbsp;&nbsp;&nbsp;&nbsp;&nbsp;&nbsp;&nbsp;&nbsp;&nbsp;&nbsp; Married</p>\r\n\r\n<p dir="ltr" style="text-align:justify">Language:&nbsp;&nbsp;&nbsp;&nbsp;&nbsp;&nbsp;&nbsp;&nbsp;&nbsp;&nbsp;&nbsp;&nbsp;&nbsp;&nbsp;&nbsp;&nbsp;&nbsp;&nbsp;&nbsp;&nbsp;&nbsp;&nbsp;&nbsp;&nbsp;&nbsp;&nbsp;&nbsp;&nbsp;&nbsp;&nbsp;&nbsp; &nbsp;&nbsp;&nbsp;&nbsp;&nbsp;&nbsp;&nbsp;&nbsp;&nbsp; &nbsp;&nbsp;&nbsp;&nbsp;&nbsp;&nbsp;&nbsp; Persian, English</p>\r\n\r\n<p dir="ltr" style="text-align:justify">Address: &nbsp;&nbsp;&nbsp;&nbsp;&nbsp;&nbsp;&nbsp;&nbsp;&nbsp;&nbsp;&nbsp;&nbsp;&nbsp;&nbsp;&nbsp;&nbsp;&nbsp;&nbsp;&nbsp;&nbsp;&nbsp;&nbsp;&nbsp;&nbsp;&nbsp;&nbsp;&nbsp;&nbsp;&nbsp;&nbsp;&nbsp;&nbsp;&nbsp;&nbsp;&nbsp;&nbsp;&nbsp;&nbsp;&nbsp;&nbsp;&nbsp;&nbsp;&nbsp;&nbsp;&nbsp;&nbsp;&nbsp;&nbsp;&nbsp;&nbsp;&nbsp; No. 3, Zanbagh 12<sup>th</sup> Street, Razakan, Karaj</p>\r\n\r\n<p dir="ltr" style="text-align:justify">Telephone:&nbsp;&nbsp;&nbsp;&nbsp;&nbsp;&nbsp;&nbsp;&nbsp;&nbsp;&nbsp;&nbsp;&nbsp;&nbsp;&nbsp;&nbsp;&nbsp;&nbsp;&nbsp;&nbsp;&nbsp;&nbsp;&nbsp;&nbsp;&nbsp;&nbsp;&nbsp;&nbsp;&nbsp;&nbsp;&nbsp;&nbsp;&nbsp;&nbsp;&nbsp;&nbsp;&nbsp;&nbsp;&nbsp;&nbsp; &nbsp;&nbsp;&nbsp;&nbsp;&nbsp;&nbsp;&nbsp;&nbsp;&nbsp;0912-2341201</p>\r\n\r\n<p dir="ltr" style="text-align:justify">E-mail:&nbsp;&nbsp;&nbsp;&nbsp;&nbsp;&nbsp;&nbsp;&nbsp;&nbsp;&nbsp;&nbsp;&nbsp;&nbsp;&nbsp;&nbsp;&nbsp;&nbsp;&nbsp;&nbsp;&nbsp;&nbsp;&nbsp;&nbsp;&nbsp;&nbsp;&nbsp;&nbsp;&nbsp;&nbsp;&nbsp;&nbsp;&nbsp;&nbsp;&nbsp;&nbsp;&nbsp;&nbsp;&nbsp;&nbsp;&nbsp;&nbsp;&nbsp;&nbsp;&nbsp;&nbsp;&nbsp;&nbsp;&nbsp;&nbsp;&nbsp;&nbsp;&nbsp;&nbsp;&nbsp;&nbsp; <a href="mailto:khadem@sharif.edu">khadem@sharif.edu</a>;</p>\r\n\r\n<p dir="ltr" style="text-align:justify">&nbsp; &nbsp; &nbsp; &nbsp; &nbsp; &nbsp; &nbsp; &nbsp; &nbsp; &nbsp; &nbsp; &nbsp; &nbsp; &nbsp; &nbsp; &nbsp; &nbsp; &nbsp; &nbsp; &nbsp; &nbsp; &nbsp; &nbsp; &nbsp; &nbsp; &nbsp; &nbsp; &nbsp; &nbsp; &nbsp; &nbsp; &nbsp; &nbsp; &nbsp;<a href="mailto:khadem8234@yahoo.com">khadem8234@yahoo.com</a>;</p>\r\n\r\n<p dir="ltr" style="text-align:justify">&nbsp; &nbsp; &nbsp; &nbsp; &nbsp; &nbsp; &nbsp; &nbsp; &nbsp; &nbsp; &nbsp; &nbsp; &nbsp; &nbsp; &nbsp; &nbsp; &nbsp; &nbsp; &nbsp; &nbsp; &nbsp; &nbsp; &nbsp; &nbsp; &nbsp; &nbsp; &nbsp; &nbsp; &nbsp; &nbsp; &nbsp; &nbsp; &nbsp; &nbsp;<a href="mailto:amir8234@yahoo.com">amir8234@yahoo.com</a>;</p>\r\n\r\n<p dir="ltr" style="text-align:justify">&nbsp;&nbsp;&nbsp;&nbsp;&nbsp;&nbsp;&nbsp;&nbsp;&nbsp;&nbsp;&nbsp;&nbsp;&nbsp;&nbsp;&nbsp;&nbsp;&nbsp;&nbsp;&nbsp;&nbsp;&nbsp;&nbsp;&nbsp;&nbsp;&nbsp;&nbsp;&nbsp;&nbsp;&nbsp;&nbsp;&nbsp;&nbsp;&nbsp;&nbsp;&nbsp;&nbsp;&nbsp;&nbsp;&nbsp;&nbsp;&nbsp;&nbsp;&nbsp;&nbsp;&nbsp;&nbsp;&nbsp;&nbsp;&nbsp;&nbsp;&nbsp;&nbsp;&nbsp;&nbsp;&nbsp;&nbsp;&nbsp;&nbsp;&nbsp;&nbsp;&nbsp;&nbsp;&nbsp;&nbsp;&nbsp;&nbsp;&nbsp;<a href="mailto:amirkhadem8234@gmail.com">amirkhadem8234@gmail.com</a></p>\r\n\r\n<p dir="ltr" style="text-align:justify">&nbsp;&nbsp;&nbsp;&nbsp;&nbsp;&nbsp;&nbsp;&nbsp;&nbsp;</p>\r\n\r\n<p dir="ltr" style="text-align:justify"><strong>Education:</strong></p>\r\n\r\n<p dir="ltr" style="text-align:justify">2004 &ndash; 2007&nbsp;&nbsp;&nbsp;&nbsp;&nbsp;&nbsp;&nbsp;&nbsp;&nbsp;&nbsp;&nbsp;&nbsp; &nbsp;&nbsp;&nbsp;&nbsp;&nbsp;&nbsp;&nbsp;&nbsp;&nbsp;&nbsp;&nbsp;&nbsp;&nbsp;&nbsp;&nbsp;&nbsp;&nbsp;&nbsp;&nbsp;&nbsp;&nbsp;&nbsp;&nbsp;&nbsp;&nbsp;&nbsp;&nbsp;&nbsp;&nbsp;&nbsp;&nbsp;&nbsp;&nbsp;&nbsp;&nbsp;&nbsp;&nbsp;&nbsp;&nbsp;Allameh Tabataba&#39;i University</p>\r\n\r\n<p dir="ltr" style="text-align:justify">&nbsp;&nbsp;&nbsp;&nbsp;&nbsp;&nbsp;&nbsp;&nbsp;&nbsp;&nbsp;&nbsp;&nbsp;&nbsp;&nbsp;&nbsp;&nbsp;&nbsp;&nbsp;&nbsp;&nbsp;&nbsp;&nbsp;&nbsp;&nbsp;&nbsp;&nbsp;&nbsp;&nbsp;&nbsp;&nbsp;&nbsp;&nbsp;&nbsp;&nbsp;&nbsp;&nbsp;&nbsp;&nbsp;&nbsp;&nbsp;&nbsp;&nbsp;&nbsp;&nbsp;&nbsp;&nbsp;&nbsp;&nbsp;&nbsp;&nbsp;&nbsp;&nbsp;&nbsp;&nbsp;&nbsp;&nbsp;&nbsp;&nbsp;&nbsp;&nbsp;&nbsp;&nbsp;&nbsp;&nbsp;&nbsp;&nbsp;&nbsp;&nbsp;&nbsp;&nbsp;&nbsp; [Tehran, Iran]</p>\r\n\r\n<p dir="ltr" style="text-align:justify">&nbsp;&nbsp;&nbsp;&nbsp;&nbsp;&nbsp;&nbsp;&nbsp;&nbsp;&nbsp;&nbsp;&nbsp;&nbsp;&nbsp;&nbsp;&nbsp;&nbsp;&nbsp;&nbsp;&nbsp;&nbsp;&nbsp;&nbsp;&nbsp;&nbsp;&nbsp;&nbsp;&nbsp;&nbsp;&nbsp;&nbsp;&nbsp;&nbsp;&nbsp;&nbsp;&nbsp;&nbsp;&nbsp;&nbsp;&nbsp;&nbsp;&nbsp;&nbsp; &nbsp;&nbsp;&nbsp;&nbsp;&nbsp;&nbsp;&nbsp;&nbsp;&nbsp;&nbsp;&nbsp;&nbsp;&nbsp;&nbsp;&nbsp;&nbsp;&nbsp;&nbsp;&nbsp;&nbsp;&nbsp;&nbsp;&nbsp;&nbsp;&nbsp;&nbsp;&nbsp;&nbsp;M.A.Translation Studies</p>\r\n\r\n<p dir="ltr" style="text-align:justify">&nbsp;</p>\r\n\r\n<p dir="ltr" style="text-align:justify">1995 &ndash; 1999&nbsp;&nbsp;&nbsp;&nbsp;&nbsp;&nbsp;&nbsp;&nbsp;&nbsp;&nbsp;&nbsp;&nbsp;&nbsp;&nbsp;&nbsp;&nbsp;&nbsp;&nbsp;&nbsp;&nbsp;&nbsp;&nbsp;&nbsp;&nbsp;&nbsp;&nbsp;&nbsp;&nbsp;&nbsp;&nbsp;&nbsp;&nbsp;&nbsp;&nbsp;&nbsp;&nbsp;&nbsp;&nbsp;&nbsp;&nbsp;&nbsp;&nbsp;&nbsp;&nbsp;&nbsp;&nbsp;&nbsp;&nbsp;&nbsp;&nbsp;&nbsp; University of Kashan</p>\r\n\r\n<p dir="ltr" style="text-align:justify">&nbsp;&nbsp;&nbsp;&nbsp;&nbsp;&nbsp;&nbsp;&nbsp;&nbsp;&nbsp;&nbsp;&nbsp;&nbsp;&nbsp;&nbsp;&nbsp;&nbsp;&nbsp;&nbsp;&nbsp;&nbsp;&nbsp;&nbsp;&nbsp;&nbsp;&nbsp;&nbsp;&nbsp;&nbsp;&nbsp;&nbsp;&nbsp;&nbsp;&nbsp;&nbsp;&nbsp;&nbsp;&nbsp;&nbsp;&nbsp;&nbsp;&nbsp;&nbsp;&nbsp;&nbsp;&nbsp;&nbsp;&nbsp;&nbsp;&nbsp;&nbsp;&nbsp;&nbsp;&nbsp;&nbsp;&nbsp;&nbsp;&nbsp;&nbsp; &nbsp;&nbsp;&nbsp;&nbsp;&nbsp;&nbsp;&nbsp;&nbsp;&nbsp;&nbsp;&nbsp;&nbsp;[Kashan, Isfahan, Iran]</p>\r\n\r\n<p dir="ltr" style="text-align:justify">&nbsp;&nbsp;&nbsp;&nbsp;&nbsp;&nbsp;&nbsp;&nbsp;&nbsp;&nbsp;&nbsp;&nbsp;&nbsp;&nbsp;&nbsp;&nbsp;&nbsp;&nbsp;&nbsp;&nbsp;&nbsp;&nbsp;&nbsp;&nbsp;&nbsp;&nbsp;&nbsp;&nbsp;&nbsp;&nbsp;&nbsp;&nbsp;&nbsp;&nbsp;&nbsp;&nbsp;&nbsp;&nbsp;&nbsp;&nbsp;&nbsp;&nbsp;&nbsp;&nbsp;&nbsp;&nbsp; &nbsp;&nbsp;&nbsp;&nbsp;&nbsp;&nbsp;&nbsp;&nbsp;&nbsp;&nbsp;&nbsp;&nbsp;&nbsp;&nbsp;&nbsp;&nbsp;&nbsp;&nbsp;&nbsp;&nbsp;&nbsp;&nbsp;&nbsp;&nbsp;&nbsp;B.A English &lt;&gt; Farsi / Persian Translation</p>\r\n\r\n<p dir="ltr" style="text-align:justify">&nbsp;</p>\r\n\r\n<p dir="ltr" style="text-align:justify">1994 &ndash; 1997&nbsp;&nbsp;&nbsp;&nbsp;&nbsp;&nbsp;&nbsp;&nbsp;&nbsp;&nbsp;&nbsp;&nbsp;&nbsp;&nbsp;&nbsp;&nbsp;&nbsp;&nbsp;&nbsp;&nbsp;&nbsp;&nbsp;&nbsp;&nbsp;&nbsp;&nbsp;&nbsp;&nbsp;&nbsp;&nbsp;&nbsp;&nbsp;&nbsp;&nbsp;&nbsp;&nbsp;&nbsp;&nbsp;&nbsp;&nbsp;&nbsp;&nbsp;&nbsp;&nbsp;&nbsp;&nbsp;&nbsp;&nbsp;&nbsp;&nbsp;&nbsp;&nbsp; Shahid Rajaee University</p>\r\n\r\n<p dir="ltr" style="text-align:justify">&nbsp;&nbsp;&nbsp;&nbsp;&nbsp;&nbsp;&nbsp;&nbsp;&nbsp;&nbsp;&nbsp;&nbsp;&nbsp;&nbsp;&nbsp;&nbsp;&nbsp;&nbsp;&nbsp;&nbsp;&nbsp;&nbsp;&nbsp;&nbsp;&nbsp;&nbsp;&nbsp;&nbsp;&nbsp;&nbsp;&nbsp;&nbsp;&nbsp;&nbsp;&nbsp;&nbsp;&nbsp;&nbsp;&nbsp;&nbsp;&nbsp;&nbsp;&nbsp;&nbsp;&nbsp;&nbsp;&nbsp;&nbsp;&nbsp;&nbsp;&nbsp;&nbsp;&nbsp;&nbsp;&nbsp;&nbsp;&nbsp;&nbsp;&nbsp;&nbsp;&nbsp;&nbsp;&nbsp;&nbsp;&nbsp;&nbsp;&nbsp;&nbsp;&nbsp;&nbsp;&nbsp;&nbsp; [Tehran, Iran]</p>\r\n\r\n<p dir="ltr" style="text-align:justify">&nbsp; &nbsp; &nbsp; &nbsp; &nbsp; &nbsp; &nbsp; &nbsp; &nbsp; &nbsp; &nbsp; &nbsp; &nbsp; &nbsp; &nbsp; &nbsp; &nbsp; &nbsp; &nbsp; &nbsp; &nbsp; &nbsp; &nbsp; &nbsp; &nbsp; &nbsp; &nbsp; &nbsp; &nbsp; &nbsp; &nbsp; &nbsp; &nbsp; &nbsp; &nbsp; &nbsp; &nbsp; Associate Diploma in Auto mechanics</p>\r\n\r\n<p dir="ltr" style="text-align:justify">&nbsp;</p>\r\n\r\n<p dir="ltr" style="text-align:justify">1989 &ndash; 1994&nbsp;&nbsp;&nbsp;&nbsp;&nbsp;&nbsp;&nbsp;&nbsp;&nbsp;&nbsp;&nbsp;&nbsp;&nbsp;&nbsp;&nbsp;&nbsp;&nbsp;&nbsp;&nbsp;&nbsp;&nbsp;&nbsp;&nbsp;&nbsp;&nbsp;&nbsp;&nbsp;&nbsp;&nbsp;&nbsp;&nbsp;&nbsp;&nbsp;&nbsp;&nbsp;&nbsp;&nbsp;&nbsp;&nbsp;&nbsp;&nbsp;&nbsp;&nbsp;&nbsp;&nbsp;&nbsp;&nbsp;&nbsp;&nbsp;&nbsp;&nbsp;&nbsp; Motahari Technical School</p>\r\n\r\n<p dir="ltr" style="text-align:justify">&nbsp; &nbsp; &nbsp; &nbsp; &nbsp; &nbsp; &nbsp; &nbsp; &nbsp; &nbsp; &nbsp; &nbsp; &nbsp; &nbsp; &nbsp; &nbsp; &nbsp; &nbsp; &nbsp; &nbsp; &nbsp; &nbsp; &nbsp; &nbsp; &nbsp; &nbsp; &nbsp; &nbsp; &nbsp; &nbsp; &nbsp; &nbsp; &nbsp; &nbsp; &nbsp; &nbsp; &nbsp;[Tehran, Iran]</p>\r\n\r\n<p dir="ltr" style="text-align:justify">&nbsp; &nbsp; &nbsp; &nbsp; &nbsp; &nbsp; &nbsp; &nbsp; &nbsp; &nbsp; &nbsp; &nbsp; &nbsp; &nbsp; &nbsp; &nbsp; &nbsp; &nbsp; &nbsp; &nbsp; &nbsp; &nbsp; &nbsp; &nbsp; &nbsp; &nbsp; &nbsp; &nbsp; &nbsp; &nbsp; &nbsp; &nbsp; &nbsp; &nbsp; &nbsp; &nbsp; &nbsp;Diploma in Auto mechanics</p>\r\n\r\n<p dir="ltr" style="text-align:justify"><strong>Job Experiences:</strong></p>\r\n\r\n<ul dir="ltr">\r\n	<li style="text-align:justify">Manager of Pardise Avaye Shahir Institute</li>\r\n	<li style="text-align:justify">Holding 4 Workshops on Writing Research Papers: Sharif University of Technology</li>\r\n	<li style="text-align:justify">Experience of teaching General English, TOEFL iBT, PhD TOEFL, and PBT TOEFL for 9 years at Sharif University of Technology</li>\r\n	<li style="text-align:justify">Experience of teaching TOEFL iBT for 4 years at Amirkabir University</li>\r\n	<li style="text-align:justify">Experience of teaching PhD TOEFL at Tehran University</li>\r\n	<li style="text-align:justify">Experience of teaching Translation at Elmi-Karbordi University for 5 years</li>\r\n	<li style="text-align:justify">Experience of teaching TOEFL, IELTS, and Conversation at Academic Center for Education, Culture, and Research, Allameh Tabatabaei, for 5 years</li>\r\n	<li style="text-align:justify">Experience of teaching English at such English institutes as Sokhan, Shokooh, and Peyman at different levels ranging from basic to advanced courses for 5 years</li>\r\n	<li style="text-align:justify">Translation of articles for such magazines as Cinema and Farabi</li>\r\n	<li style="text-align:justify">Interpreter of Professor Eghbal in a seminar held in Soureh Pictures Company</li>\r\n	<li style="text-align:justify">Translator trainer in Academic Center for Education, Culture, and Research, Allameh Tabatabaei for 5 years</li>\r\n	<li style="text-align:justify">Edition of articles for ISI Journals for 12 years</li>\r\n</ul>\r\n\r\n<p dir="ltr" style="text-align:justify">&nbsp;</p>\r\n\r\n<p dir="ltr" style="text-align:justify"><strong>Summary of Qualifications:</strong></p>\r\n\r\n<ul dir="ltr">\r\n	<li style="text-align:justify">Proficiency in computer skills and Microsoft Word</li>\r\n	<li style="text-align:justify">Skillful in internet-related activities: search engines, emails, and websites, to name but a few</li>\r\n	<li style="text-align:justify">Ability to work effectively as part of a team within the Education Service</li>\r\n	<li style="text-align:justify">Able to work under pressure and remain calm in stressful situations</li>\r\n</ul>\r\n\r\n<p dir="ltr" style="text-align:justify">&nbsp;</p>\r\n\r\n<p dir="ltr" style="text-align:justify"><strong>Publications:</strong></p>\r\n\r\n<ul dir="ltr">\r\n	<li style="text-align:justify">Khademolmelle, A. (2011), TOEFL Writing Success: Integrated and Independent. Tehran: Nask Publications.</li>\r\n	<li style="text-align:justify">Khademolmelle, A. (2012), TOEFL Writing Success 2<sup>nd</sup> Edition. Tehran: Nask Publications.</li>\r\n	<li style="text-align:justify">Khademolmelle, A. (2013), TOEFL Writing Success 3<sup>rd</sup> Edition. Tehran: Jangal Publications.</li>\r\n	<li style="text-align:justify">Khademolmelle, A. (2015), TOEFL Writing Success 4<sup>th</sup> Edition. Tehran: Jangal Publications.</li>\r\n</ul>\r\n\r\n<p dir="ltr" style="text-align:justify">&nbsp;</p>\r\n\r\n<p dir="ltr" style="text-align:justify"><strong>Compiled Pamphlets:</strong></p>\r\n\r\n<ul dir="ltr">\r\n	<li style="text-align:justify">Pamphlet for Translation English &lt;&gt; Farsi / Persian</li>\r\n	<li style="text-align:justify">Pamphlet for TOEFL iBT Writing</li>\r\n	<li style="text-align:justify">Pamphlet for TOEFL PBT</li>\r\n	<li style="text-align:justify">Pamphlet for Phd TOEFL</li>\r\n	<li style="text-align:justify">Pamphlet for General IELTS Writing</li>\r\n	<li style="text-align:justify">Pamphlet for Academic IELTS Writing</li>\r\n	<li style="text-align:justify">Pamphlet for TOEFL Reading</li>\r\n</ul>\r\n\r\n<p dir="ltr" style="text-align:justify">&nbsp;</p>\r\n\r\n<p dir="ltr" style="text-align:justify"><strong>Hobbies:</strong></p>\r\n\r\n<ul>\r\n	<li dir="ltr" style="text-align:justify">Sports: Soccer, chess, table tennis, swimming</li>\r\n	<li dir="ltr" style="text-align:justify">Leisure: Reading novels, listening to music, watching movies</li>\r\n</ul>\r\n'),
(147, '{{teacher_details}}', 33, 'address', 'en', ''),
(176, '{{courses}}', 13, 'title', 'en', 'TOEFL iBT'),
(177, '{{courses}}', 13, 'summary', 'en', '<p dir="ltr">The TOEFL iBT courses will be held under my supervision, Amir Khadem, with a different approach from those in other institutes. Amir Khadem: Manager of Avaye Shahir Institute</p>\r\n'),
(189, '{{teacher_details}}', 34, 'name', 'en', 'Hamid'),
(190, '{{teacher_details}}', 34, 'family', 'en', 'Shahiri'),
(191, '{{teacher_details}}', 34, 'grade', 'en', 'M.A. in Dramatic Literature'),
(192, '{{teacher_details}}', 34, 'resume', 'en', ''),
(193, '{{teacher_details}}', 34, 'address', 'en', ''),
(200, '{{courses}}', 17, 'title', 'en', 'GMAT '),
(201, '{{courses}}', 17, 'summary', 'en', '<p dir="ltr">These sourses are some of the best ones available to test takers, which I hope are of help for you.</p>\r\n\r\n<p dir="ltr">Amir Khadem</p>\r\n'),
(206, '{{courses}}', 18, 'title', 'en', 'PhD TOEFL'),
(207, '{{courses}}', 18, 'summary', 'en', '<p dir="ltr">The exam PhD TOEFL, which is commonly held in Iran for PhD students, is the very PBT TOEFL&nbsp;(Paper-based TOEFL) with no writing section. Thus, studying these sourses will help you get a high score in this exam.</p>\r\n'),
(210, '{{class_categories}}', 30, 'title', 'en', 'TOEFL Vocabulary Sources'),
(211, '{{class_categories}}', 30, 'summary', 'en', '<p dir="ltr">In order for you to study the vocabulary sources in order, please refer to &quot;TOEFL iBT Syllabus for All Skills&quot;.</p>\r\n'),
(238, '{{class_category_file_links}}', 22, 'title', 'en', 'ETS Videos on Speaking Questions 1 & 2'),
(239, '{{class_category_file_links}}', 22, 'summary', 'en', 'This video from the ETS site provides you with a general understanding of the Speaking Tasks 1 & 2. Nevertheless, it is better for you to read quite a few speaking samples and practice a great deal through the books we have introduced in the site.'),
(240, '{{class_category_file_links}}', 23, 'title', 'en', 'ETS Videos on Speaking Questions 3 & 5'),
(241, '{{class_category_file_links}}', 23, 'summary', 'en', 'This video from the ETS Site provides you with a general understanding of the Speaking Tasks 3 & 5. Nonetheless, you''d better read quite a few speaking samples and practice a great deal through the books we have introduced in this very site.'),
(242, '{{class_category_file_links}}', 24, 'title', 'en', 'ETS Videos on Speaking Questions Task 4 & 6'),
(243, '{{class_category_file_links}}', 24, 'summary', 'en', 'This video from the ETS Site provides you with a general understanding of the Speaking Tasks 4 & 6. Still, you''d better read quite a few speaking samples and practice a great deal through the books we have introduced in this very site.'),
(246, '{{courses}}', 16, 'title', 'en', 'GRE '),
(247, '{{courses}}', 16, 'summary', 'en', '<p dir="ltr">There are many references for different modules of GRE, but the ones introduced here are good enough for a decent score.&nbsp;</p>\r\n\r\n<p dir="ltr">Good Luck&nbsp;</p>\r\n\r\n<p dir="ltr">Amir Khadem: Manager of Avaye Shahir Institute.</p>\r\n'),
(254, '{{class_category_file_links}}', 27, 'title', 'en', 'Building Speaking for Beginners'),
(255, '{{class_category_file_links}}', 27, 'summary', 'en', 'This book and the other two books of this series are great sources for the Speaking Skill of TOEFL iBT.'),
(258, '{{classes}}', 1, 'title', 'en', 'TOEFL Speaking: group 1'),
(259, '{{classes}}', 1, 'summary', 'en', '<p dir="ltr" style="text-align:justify">In the speaking courses of TOEFL iBT, apart from introducing the 6 Tasks of this module, we try to improve the English knowledge of the learners. Moreover, Note-taking Skill, which is of great importance in the TOEFL iBT Test, will be taught in an elegant and detailed manner.&nbsp;Through holding such courses, I hope we will be able to make a small but positive contribution to our society in general and to our dear students in particular.</p>\r\n\r\n<p dir="ltr">Wish you all the best</p>\r\n\r\n<p dir="ltr">TOEFL Instructor at&nbsp;Avaye Shahir Institute: Amir Khadem</p>\r\n'),
(260, '{{class_category_file_links}}', 29, 'title', 'en', 'Mastering Speaking for TOEFL iBT'),
(261, '{{class_category_file_links}}', 29, 'summary', 'en', 'This book and the previous two books of this series are great sources for the Speaking Skill of TOEFL iBT.'),
(262, '{{class_category_file_links}}', 28, 'title', 'en', 'Developing Speaking for the Intermediate Level'),
(263, '{{class_category_file_links}}', 28, 'summary', 'en', 'This book and the other two books of this series are great sources for the Speaking Skill of TOEFL iBT.'),
(340, '{{class_category_file_links}}', 34, 'title', 'en', '4000 Essential English Words Book 2'),
(341, '{{class_category_file_links}}', 34, 'summary', 'en', ''),
(342, '{{class_category_file_links}}', 35, 'title', 'en', '4000 Essential English Words Book 3'),
(343, '{{class_category_file_links}}', 35, 'summary', 'en', ''),
(344, '{{class_category_file_links}}', 36, 'title', 'en', '4000 Essential English Words Book 4'),
(345, '{{class_category_file_links}}', 36, 'summary', 'en', ''),
(346, '{{class_category_file_links}}', 37, 'title', 'en', '4000 Essential English Words Book 5'),
(347, '{{class_category_file_links}}', 37, 'summary', 'en', ''),
(348, '{{class_category_file_links}}', 38, 'title', 'en', '4000 Essential English Words Book 6'),
(352, '{{class_category_file_links}}', 39, 'title', 'en', 'DELTA''s Key to the Next Generation TOEFL Test (PDF)'),
(353, '{{class_category_file_links}}', 39, 'summary', 'en', 'This book is a great source for you to acquire Reading and Listening Skills for TOEFL iBT. However, it is not enough whatsoever. You should also study other sources, which are mentioned in “TOEFL iBT Syllabus for All Skills” to master these skills.'),
(373, '{{class_category_file_links}}', 32, 'title', 'en', '4000 Essential English Words Book 1'),
(374, '{{class_category_file_links}}', 32, 'summary', 'en', 'This book which is from a 6-volume series is an invaluable source for learning vocabulary. All the words, their definition, and the examples are all read by an American native speaker, which lets you learn the words professionally. It has a story at the end of each chapter in which all the new words are used. '),
(401, '{{teacher_details}}', 41, 'name', 'en', 'Hossein'),
(402, '{{teacher_details}}', 41, 'family', 'en', 'Khezerlou'),
(403, '{{teacher_details}}', 41, 'grade', 'en', 'M.A. in Applied Linguistics (TEFL)'),
(404, '{{teacher_details}}', 41, 'resume', 'en', ''),
(405, '{{teacher_details}}', 41, 'address', 'en', ''),
(440, '{{class_category_file_links}}', 54, 'title', 'en', 'GRE Argument Topics'),
(441, '{{class_category_file_links}}', 54, 'summary', 'en', 'This PDF file contains all the GRE Argument Topics, which should be studied before the GRE exam.'),
(442, '{{class_category_file_links}}', 55, 'title', 'en', 'GRE Issue Topics'),
(443, '{{class_category_file_links}}', 55, 'summary', 'en', 'This PDF file contains all the GRE Issue Topics, which should be studied before the GRE exam.'),
(944, '{{class_category_file_links}}', 56, 'title', 'en', 'Essential Words for the TOEFL'),
(945, '{{class_category_file_links}}', 56, 'summary', 'en', 'This book is only suitable for the PhD TOEFL that is held in Iran. However, for the TOEFL iBT, it is better for you to study the other books introduced in this site.'),
(1067, '{{class_category_file_links}}', 38, 'summary', 'en', ''),
(1070, '{{class_categories}}', 24, 'title', 'en', 'About the TOEFL iBT Courses in Avaye Shahir'),
(1071, '{{class_categories}}', 24, 'summary', 'en', '<p dir="ltr" style="text-align:justify">The TOEFL iBT courses to be held in Avaye Shahir are quite different from those held in Sharif University of Technology. First, for these courses, some discount will be offered to university students, a part of which will be through Netbarg site and its mobile application, making the enrolment ideal for them. Second, unlike other institutes, one writing samples of each student in any course will be edited by the instructors, which has a great influence on their Writing TOEFL score. Third, at the end of any course, at the request of the students, a workshop will be held in which students&rsquo; writing samples will be discussed in detail, and final key points will be elaborated upon in the workshop. Through holding such courses, I hope we are able to make a small but positive contribution to society in general and our dear students in particular.</p>\r\n\r\n<p dir="ltr" style="text-align:justify">Wish you all the best</p>\r\n\r\n<p dir="ltr" style="text-align:justify">Manager of Avaye Shahir Institute: Amir Khadem</p>\r\n'),
(1074, '{{class_categories}}', 26, 'title', 'en', 'Some Points about the TOEFL iBT Test'),
(1075, '{{class_categories}}', 26, 'summary', 'en', '<p dir="ltr">Knowing these points is essential for all TOEFL iBT test takers.&nbsp;</p>\r\n'),
(1100, '{{class_category_file_links}}', 25, 'title', 'en', 'Familiarity with the Test Center Procedures'),
(1101, '{{class_category_file_links}}', 25, 'summary', 'en', 'This video from the ETS Site provides you with a general understanding of the Test Center Procedures, which is  quite useful for the test takers.'),
(1102, '{{class_category_file_links}}', 26, 'title', 'en', 'Why TOEFL iBT?'),
(1103, '{{class_category_file_links}}', 26, 'summary', 'en', 'This video from the ETS Site shows which countries accept TOEFL iBT.'),
(1422, '{{class_categories}}', 27, 'title', 'en', 'TOEFL Course Syllabus Compiled by Amir Khadem'),
(1423, '{{class_categories}}', 27, 'summary', 'en', '<p dir="ltr">Please follow this syllabus based on your level. You&nbsp;are not supposed to cover&nbsp;all the items.</p>\r\n'),
(1454, '{{class_category_file_links}}', 31, 'title', 'en', 'Rapid Typing Software'),
(1455, '{{class_category_file_links}}', 31, 'summary', 'en', 'This software, in a short period of time, helps you learn how to type fast.'),
(1456, '{{class_category_file_links}}', 21, 'title', 'en', 'ETS Video about Independent Writing Task'),
(1457, '{{class_category_file_links}}', 21, 'summary', 'en', 'This video is offered by ETS about Writing Task 2 (Independent), which familiarize you with this task. However, in order to master the task, read professional samples in the book TOEFL Writing Success.'),
(1458, '{{class_category_file_links}}', 20, 'title', 'en', 'ETS Video about Integrated Writing Task'),
(1459, '{{class_category_file_links}}', 20, 'summary', 'en', 'This is a video offered by ETS about Writing Task 1 (Integrated), which is good enough for being familiar with this task. However, in order to master the task, read professional samples in the book TOEFL Writing Success 4th Edition.'),
(1460, '{{class_category_file_links}}', 41, 'title', 'en', 'Audio Files of the Book TOEFL Writing Success 4th Edition by Amir Khadem'),
(1461, '{{class_category_file_links}}', 41, 'summary', 'en', ''),
(1526, '{{class_category_file_links}}', 40, 'title', 'en', 'DELTA''s Key to the Next Generation TOEFL Test (PDF)'),
(1527, '{{class_category_file_links}}', 40, 'summary', 'en', 'This book is a great source for you to acquire Reading and Listening Skills for TOEFL iBT. However, it is not enough whatsoever. You should also study other sources, which are mentioned in “TOEFL iBT Syllabus for All Skills” to master these skills.'),
(1528, '{{class_category_file_links}}', 42, 'title', 'en', 'DELTA''s Key to the Next Generation TOEFL Test (Audio Files)'),
(1529, '{{class_category_file_links}}', 42, 'summary', 'en', ''),
(1530, '{{courses}}', 15, 'title', 'en', 'IELTS '),
(1531, '{{courses}}', 15, 'summary', 'en', '<p dir="ltr" style="text-align:justify">Similar to the TOEFL iBT courses to be held in Avaye Shahir Institute, IELTS course&nbsp;are supposed to be quite different from those held in other institutes. First, for these courses, some discount will be offered to university students, a part of which will be through Netbarg Site and its mobile application, making the enrolment ideal for the students. Second, unlike other institutes, two writing samples of each student in any course will be edited by the instructors, which has a great influence on their IELTS Writing score. Third, at the end of any course, at the request of the students, a workshop will be held in which students&rsquo; writing samples will be discussed in detail, and final key points will be elaborated upon in this&nbsp;workshop. Through holding such courses, I hope we will be able to make a small but positive contribution to society in general and our dear students in particular.</p>\r\n\r\n<p dir="ltr" style="text-align:justify">Wish you all the best</p>\r\n\r\n<p dir="ltr" style="text-align:justify">Amir Khadem:&nbsp;Manager of Avaye Shahir Institute</p>\r\n'),
(1576, '{{class_category_files}}', 55, 'title', 'en', 'Pre-TOEFL  Pamphlet Compiled by Amir Khadem PDF'),
(1577, '{{class_category_files}}', 55, 'summary', 'en', 'This pamphlet and the other one "Grammar Pamphlet for PhD TOEFL" have been taught by me, Amir Khadem, for almost 15 years in quite a few institutes and universities such as Sharif University of Technology, by the help of which many students have been able to successfully pass the PhD TOEFL that is held in Iran. '),
(1584, '{{class_categories}}', 31, 'title', 'en', 'Grammar References for PhD TOEFL'),
(1585, '{{class_categories}}', 31, 'summary', 'en', '<p dir="ltr" style="text-align:justify">If you read the grammar pamphlets and other test sources&nbsp;provided here and do their exercises, you can receive a very good score in the PhD TOEFL that is held in Iran.</p>\r\n'),
(1586, '{{class_categories}}', 29, 'title', 'en', 'IELTS Academic'),
(1587, '{{class_categories}}', 29, 'summary', 'en', ''),
(1588, '{{class_categories}}', 28, 'title', 'en', 'IELTS General'),
(1589, '{{class_categories}}', 28, 'summary', 'en', ''),
(1590, '{{class_categories}}', 33, 'title', 'en', 'Vocabulary Sources for the PhD TOEFL Test'),
(1591, '{{class_categories}}', 33, 'summary', 'en', ''),
(1648, '{{class_category_file_links}}', 53, 'title', 'en', 'An Introduction to GRE Analytical Writing (PDF)'),
(1649, '{{class_category_file_links}}', 53, 'summary', 'en', 'This 29-page PDF file explains the GRE Analytical Writing in a brief but practical way, the last 3 pages of which beautifully shows how these writing modules are scored.'),
(1650, '{{class_categories}}', 32, 'title', 'en', 'Verbal Reasoning + Analytical Writing'),
(1651, '{{class_categories}}', 32, 'summary', 'en', '<p dir="ltr">There are many references for different modules of GRE, but the ones introduced here are good enough for a decent score.&nbsp;</p>\r\n\r\n<p dir="ltr">Good Luck&nbsp;</p>\r\n\r\n<p dir="ltr">Amir Khadem: Manager of Avaye Shahir Institute.</p>\r\n'),
(1652, '{{class_category_file_links}}', 57, 'title', 'en', 'Mark Alan Stewart Gre Answers to the Real Essay Questions'),
(1653, '{{class_category_file_links}}', 57, 'summary', 'en', 'This book contains great samples for both the Argument Task and the Issue Task, which provide the test taker with innovative ideas as well as good words and phrases.'),
(1656, '{{class_category_file_links}}', 59, 'title', 'en', 'Barron''s New GRE 19th Eddition'),
(1657, '{{class_category_file_links}}', 59, 'summary', 'en', 'This book, too,  is a great source for all GRE modules.'),
(1662, '{{class_category_file_links}}', 62, 'title', 'en', 'Essential English Idioms Elementary, Intermediate, and Advanced'),
(1663, '{{class_category_file_links}}', 62, 'summary', 'en', 'The book Essential English Idioms is a very important vocabulary source for all 4 skills of TOEFL iBT.'),
(1668, '{{class_categories}}', 34, 'title', 'en', 'Vocabulary References for IELTS Academic'),
(1669, '{{class_categories}}', 34, 'summary', 'en', '<p dir="ltr">For you to study the vocabulary sources in order, please refer to the explanations provided.</p>\r\n'),
(1670, '{{class_category_file_links}}', 64, 'title', 'en', 'Essential English Idioms Elementary, Intermediate, and Advanced'),
(1671, '{{class_category_file_links}}', 64, 'summary', 'en', 'This book is a great source for those who want to improve their Listening, Speaking, and Writing abilities.'),
(1672, '{{class_category_file_links}}', 65, 'title', 'en', 'American Accent Training Program (Pronunciation Workshop) (Video)'),
(1673, '{{class_category_file_links}}', 65, 'summary', 'en', 'These video files beautifully teach how to pronounce English words, which improves your Listening and Speaking skills for the exam.'),
(1674, '{{class_category_file_links}}', 66, 'title', 'en', 'American Accent Training 2 (PDF & Audio)'),
(1675, '{{class_category_file_links}}', 66, 'summary', 'en', 'This is one of the best sources of learning American accent and pronunciation on the word level and sentence level. It is strongly recommended that you read all the book, but in case you are short of time, listen to the audio files of chapter “reduced sounds: page 57 and repeat after it, which is very important for the Listening and Speaking skills.'),
(1676, '{{class_category_file_links}}', 67, 'title', 'en', 'Just Listening and Speaking'),
(1677, '{{class_category_file_links}}', 67, 'summary', 'en', 'This book teaches you the British accent, which is used a lot in the TOEFL iBT Test.'),
(1678, '{{class_category_file_links}}', 68, 'title', 'en', 'Toefl ESL Pod'),
(1679, '{{class_category_file_links}}', 68, 'summary', 'en', 'These audio files that are for pre-intermediate students elaborate on the TOEFL and its modules and teaches the words used in the audios. '),
(1680, '{{class_category_file_links}}', 69, 'title', 'en', 'Babylon Glossaries'),
(1681, '{{class_category_file_links}}', 69, 'summary', 'en', 'These glossaries are among the best and the most recent glossaries of Babylon dictionary.'),
(1682, '{{classes}}', 2, 'title', 'en', 'TOEFL iBT Writing: group 1'),
(1683, '{{classes}}', 2, 'summary', 'en', '<p dir="ltr" style="text-align:justify">The TOEFL iBT courses to be held in Avaye Shahir are quite different from those held in Sharif University of Technology. First, unlike other institutes, two writing samples of each student in any course, apart from those which are corrected throughout the course,&nbsp;will be edited by the instructor, which has a great influence on their Writing TOEFL score. Second, at the end of any course, at the request of the students, a workshop will be held in which students&rsquo; writing samples will be discussed in detail, and final key points will be elaborated upon in the workshop. Through holding such courses, I hope we will be able to make a small but positive contribution to our society in general and to our dear students in particular.</p>\r\n\r\n<p dir="ltr" style="text-align:justify">Wish you all the best</p>\r\n\r\n<p dir="ltr" style="text-align:justify">TOEFL Instructor at&nbsp;Avaye Shahir Institute: Amir Khadem</p>\r\n'),
(1684, '{{classes}}', 3, 'title', 'en', 'TOEFL iBT Writing: group 2'),
(1685, '{{classes}}', 3, 'summary', 'en', '<p dir="ltr" style="text-align:justify">The TOEFL iBT courses to be held in Avaye Shahir are quite different from those held in Sharif University of Technology. First, unlike other institutes, two writing samples of each student in any course, apart from those which are corrected throughout the course,&nbsp;will be edited by the instructor, which has a great influence on their Writing TOEFL score. Second, at the end of any course, at the request of the students, a workshop will be held in which students&rsquo; writing samples will be discussed in detail, and final key points will be elaborated upon in the workshop. Through holding such courses, I hope we will be able to make a small but positive contribution to our society in general and to our dear students in particular.</p>\r\n\r\n<p dir="ltr" style="text-align:justify">Wish you all the best</p>\r\n\r\n<p dir="ltr" style="text-align:justify">TOEFL Instructor at&nbsp;Avaye Shahir Institute: Amir Khadem</p>\r\n'),
(1686, '{{classes}}', 4, 'title', 'en', 'TOEFL Speaking: group 2'),
(1687, '{{classes}}', 4, 'summary', 'en', '<p dir="ltr" style="text-align:justify">In the speaking courses of TOEFL iBT, apart from introducing the 6 Tasks of this module, we try to improve the English knowledge of the learners. Moreover, Note-taking Skill, which is of great importance in the TOEFL iBT Test, will be taught in an elegant and detailed manner.&nbsp;Through holding such courses, I hope we will be able to make a small but positive contribution to our society in general and to our dear students in particular.</p>\r\n\r\n<p dir="ltr">Wish you all the best</p>\r\n\r\n<p dir="ltr" style="text-align:justify">TOEFL Instructor at&nbsp;Avaye Shahir Institute: Amir Khadem</p>\r\n'),
(1688, '{{class_category_file_links}}', 70, 'title', 'en', 'Longman Essay Activator'),
(1689, '{{class_category_file_links}}', 70, 'summary', 'en', 'This is one of the best resources for the Speaking and Writing Skills of TOEFL iBT, in which quite a few practical transitions and phrases are categorized. Having this book next to you while practicing for speaking and writing is strongly recommended.'),
(1693, '{{courses}}', 20, 'title', 'en', 'Grammar Course'),
(1694, '{{courses}}', 20, 'summary', 'en', '<p dir="ltr" style="text-align:justify">This course has been offered for those students whose level of English is lower than Intermediate so that they will be prepared for such courses as TOEFL iBT, General and Academic IELTS, GRE, GMAT, and PhD TOEFL.&nbsp;</p>\r\n'),
(1697, '{{class_category_file_links}}', 71, 'title', 'en', 'Longman Complete Course for the Paper-based TOEFL Test'),
(1698, '{{class_category_file_links}}', 71, 'summary', 'en', 'This book is a great source of grammar and reading exercises for those who want to pass the PhD TOEFL held in Iran. However, since the grammar questions in this book are for upper-intermediate level, they should be done after passing both the pre-TOEFL and PhD TOEFL courses.'),
(1699, '{{class_categories}}', 35, 'title', 'en', 'Pre-intermediate Grammar Course'),
(1700, '{{class_categories}}', 35, 'summary', 'en', ''),
(1701, '{{class_category_file_links}}', 72, 'title', 'en', 'Pre-TOEFL  and Pre-IELTS Grammar'),
(1702, '{{class_category_file_links}}', 72, 'summary', 'en', 'This pamphlet and the other one "Grammar Pamphlet for PhD TOEFL" have been taught by me, Amir Khadem, for almost 15 years in quite a few institutes and universities such as Sharif University of Technology, by the help of which many students have been able to successfully pass the PhD TOEFL that is held in Iran.'),
(1705, '{{class_categories}}', 36, 'title', 'en', 'Reading Comprehension for PhD TOEFL'),
(1706, '{{class_categories}}', 36, 'summary', 'en', ''),
(1707, '{{class_category_file_links}}', 73, 'title', 'en', 'Longman Complete Course for the Paper-based TOEFL Test'),
(1708, '{{class_category_file_links}}', 73, 'summary', 'en', 'This book is a great source of Reading Comprehension and suits those who want to pass the PhD TOEFL held in Iran. '),
(1709, '{{class_category_files}}', 56, 'title', 'en', 'PhD TOEFL Grammar Pamphlet'),
(1710, '{{class_category_files}}', 56, 'summary', 'en', 'This pamphlet and the other one "Pre-TOEFL Pamphlet" have been taught by me, Amir Khadem, for almost 15 years in quite a few institutes and universities such as Sharif University of Technology, by the help of which many students have been able to successfully pass TOEFL, PhD TOEFL, IELTS, GRE, and GMAT. I hope you the next ones. Amir Khadem'),
(1715, '{{user_details}}', 42, 'name', 'en', ''),
(1716, '{{user_details}}', 42, 'family', 'en', ''),
(1717, '{{user_details}}', 43, 'name', 'en', ''),
(1718, '{{user_details}}', 43, 'family', 'en', ''),
(1719, '{{user_details}}', 44, 'name', 'en', ''),
(1720, '{{user_details}}', 44, 'family', 'en', ''),
(1721, '{{user_details}}', 45, 'name', 'en', ''),
(1722, '{{user_details}}', 45, 'family', 'en', ''),
(1723, '{{user_details}}', 46, 'name', 'en', ''),
(1724, '{{user_details}}', 46, 'family', 'en', ''),
(1725, '{{user_details}}', 47, 'name', 'en', ''),
(1726, '{{user_details}}', 47, 'family', 'en', ''),
(1727, '{{user_details}}', 48, 'name', 'en', ''),
(1728, '{{user_details}}', 48, 'family', 'en', ''),
(1729, '{{user_details}}', 49, 'name', 'en', ''),
(1730, '{{user_details}}', 49, 'family', 'en', ''),
(1731, '{{user_details}}', 50, 'name', 'en', ''),
(1732, '{{user_details}}', 50, 'family', 'en', ''),
(1733, '{{user_details}}', 51, 'name', 'en', ''),
(1734, '{{user_details}}', 51, 'family', 'en', ''),
(1737, '{{user_details}}', 52, 'name', 'en', ''),
(1738, '{{user_details}}', 52, 'family', 'en', ''),
(1739, '{{user_details}}', 53, 'name', 'en', ''),
(1740, '{{user_details}}', 53, 'family', 'en', ''),
(1741, '{{user_details}}', 54, 'name', 'en', ''),
(1742, '{{user_details}}', 54, 'family', 'en', ''),
(1743, '{{user_details}}', 55, 'name', 'en', ''),
(1744, '{{user_details}}', 55, 'family', 'en', ''),
(1745, '{{user_details}}', 56, 'name', 'en', ''),
(1746, '{{user_details}}', 56, 'family', 'en', ''),
(1747, '{{user_details}}', 57, 'name', 'en', ''),
(1748, '{{user_details}}', 57, 'family', 'en', ''),
(1749, '{{user_details}}', 58, 'name', 'en', ''),
(1750, '{{user_details}}', 58, 'family', 'en', ''),
(1751, '{{user_details}}', 59, 'name', 'en', ''),
(1752, '{{user_details}}', 59, 'family', 'en', ''),
(1753, '{{user_details}}', 60, 'name', 'en', ''),
(1754, '{{user_details}}', 60, 'family', 'en', ''),
(1755, '{{user_details}}', 61, 'name', 'en', ''),
(1756, '{{user_details}}', 61, 'family', 'en', ''),
(1757, '{{user_details}}', 62, 'name', 'en', ''),
(1758, '{{user_details}}', 62, 'family', 'en', ''),
(1759, '{{user_details}}', 63, 'name', 'en', ''),
(1760, '{{user_details}}', 63, 'family', 'en', ''),
(1761, '{{user_details}}', 64, 'name', 'en', ''),
(1762, '{{user_details}}', 64, 'family', 'en', ''),
(1763, '{{user_details}}', 65, 'name', 'en', ''),
(1764, '{{user_details}}', 65, 'family', 'en', ''),
(1765, '{{user_details}}', 66, 'name', 'en', ''),
(1766, '{{user_details}}', 66, 'family', 'en', ''),
(1767, '{{user_details}}', 67, 'name', 'en', ''),
(1768, '{{user_details}}', 67, 'family', 'en', ''),
(1769, '{{user_details}}', 68, 'name', 'en', ''),
(1770, '{{user_details}}', 68, 'family', 'en', ''),
(1771, '{{user_details}}', 69, 'name', 'en', ''),
(1772, '{{user_details}}', 69, 'family', 'en', ''),
(1773, '{{class_category_file_links}}', 75, 'title', 'en', 'Cambridge CBT Multimedia'),
(1774, '{{class_category_file_links}}', 75, 'summary', 'en', 'This multimedia software that was offered by Cambridge for the Computer-based TOEFL is a very helpful source for TOEFL iBT Listening Skill.'),
(1775, '{{user_details}}', 70, 'name', 'en', ''),
(1776, '{{user_details}}', 70, 'family', 'en', ''),
(1781, '{{class_categories}}', 38, 'title', 'en', 'Reading and Listening Resources: IELTS Academic'),
(1782, '{{class_categories}}', 38, 'summary', 'en', '<p dir="ltr">These are the best IELTS Academic resources that are listed in order of difficulty.</p>\r\n'),
(1783, '{{class_category_file_links}}', 78, 'title', 'en', ''),
(1784, '{{class_category_file_links}}', 78, 'summary', 'en', 'This a good source of Reading and Listening for a band score of 8 to 9 in IELTS Academic.'),
(1785, '{{class_category_file_links}}', 79, 'title', 'en', 'IELTS Practice Test Plus 1'),
(1786, '{{class_category_file_links}}', 79, 'summary', 'en', 'This a good source of Reading and Listening for a band score of 8 to 9 in IELTS Academic.'),
(1787, '{{class_category_file_links}}', 80, 'title', 'en', ''),
(1788, '{{class_category_file_links}}', 80, 'summary', 'en', ''),
(1789, '{{class_category_file_links}}', 81, 'title', 'en', ''),
(1790, '{{class_category_file_links}}', 81, 'summary', 'en', ''),
(1791, '{{class_category_file_links}}', 82, 'title', 'en', ''),
(1792, '{{class_category_file_links}}', 82, 'summary', 'en', '');
INSERT INTO `ym_translations` (`id`, `table_name`, `model_id`, `attribute`, `lang`, `value`) VALUES
(1793, '{{class_category_file_links}}', 83, 'title', 'en', ''),
(1794, '{{class_category_file_links}}', 83, 'summary', 'en', ''),
(1795, '{{class_category_file_links}}', 84, 'title', 'en', ''),
(1796, '{{class_category_file_links}}', 84, 'summary', 'en', ''),
(1797, '{{class_category_file_links}}', 85, 'title', 'en', ''),
(1798, '{{class_category_file_links}}', 85, 'summary', 'en', ''),
(1799, '{{class_category_file_links}}', 86, 'title', 'en', ''),
(1800, '{{class_category_file_links}}', 86, 'summary', 'en', ''),
(1801, '{{class_category_file_links}}', 87, 'title', 'en', ''),
(1802, '{{class_category_file_links}}', 87, 'summary', 'en', ''),
(1803, '{{class_category_file_links}}', 88, 'title', 'en', ''),
(1804, '{{class_category_file_links}}', 88, 'summary', 'en', ''),
(1811, '{{class_categories}}', 39, 'title', 'en', 'GMAT Writing'),
(1812, '{{class_categories}}', 39, 'summary', 'en', ''),
(1813, '{{class_categories}}', 40, 'title', 'en', 'GMAT Reading Comprehension & Vocabulary'),
(1814, '{{class_categories}}', 40, 'summary', 'en', ''),
(1815, '{{class_category_file_links}}', 92, 'title', 'en', 'GMAT Reading Comprehension (QuickTime Format)'),
(1816, '{{class_category_file_links}}', 92, 'summary', 'en', 'This video and the ones that follow have been prepared by Thomson Corporation and contain some practical points about GMAT modules. '),
(1821, '{{class_category_file_links}}', 95, 'title', 'en', 'GMAT Antonyms, Sentence Completion, and Analogies'),
(1822, '{{class_category_file_links}}', 95, 'summary', 'en', ''),
(1823, '{{class_categories}}', 41, 'title', 'en', 'GMAT Math Section'),
(1824, '{{class_categories}}', 41, 'summary', 'en', ''),
(1825, '{{class_category_file_links}}', 96, 'title', 'en', 'GMAT Math Quantitative Comparison 1'),
(1826, '{{class_category_file_links}}', 96, 'summary', 'en', ''),
(1827, '{{class_category_file_links}}', 97, 'title', 'en', 'GMAT Math Problem Solving 2'),
(1828, '{{class_category_file_links}}', 97, 'summary', 'en', ''),
(1831, '{{class_category_files}}', 62, 'title', 'en', 'A Free TOEFL iBT Workshop'),
(1832, '{{class_category_files}}', 62, 'summary', 'en', ''),
(1833, '{{class_categories}}', 42, 'title', 'en', 'GMAT Sentence Correction Files'),
(1834, '{{class_categories}}', 42, 'summary', 'en', ''),
(1835, '{{class_category_file_links}}', 98, 'title', 'en', 'Manhattan Sentence Correction Guide'),
(1836, '{{class_category_file_links}}', 98, 'summary', 'en', 'Manhattan Sentence Correction Guide is a good source for the GMAT grammar tests. However, it is strongly recommended that you first read the Pre-intermediate and advanced level grammar pamphlets put in this very page.'),
(1837, '{{class_category_file_links}}', 99, 'title', 'en', 'Pre-intermediate  Grammar Pamphlet by Amir Khadem'),
(1838, '{{class_category_file_links}}', 99, 'summary', 'en', 'This pamphlet and the other one "Advanced Grammar Pamphlet" have been taught by me, Amir Khadem, for almost 15 years in quite a few institutes and universities such as Sharif University of Technology, by the help of which many students have been able to successfully pass TOEFL, PhD TOEFL, IELTS, GRE, and GMAT. I hope you the next ones. Amir Khadem.'),
(1839, '{{user_details}}', 71, 'name', 'en', ''),
(1840, '{{user_details}}', 71, 'family', 'en', ''),
(1841, '{{class_category_file_links}}', 100, 'title', 'en', 'Advanced Grammar Pamphlet by Amir Khadem'),
(1842, '{{class_category_file_links}}', 100, 'summary', 'en', 'This pamphlet and the other one "Pre-intermediate Grammar Pamphlet" have been taught by me, Amir Khadem, for almost 15 years in quite a few institutes and universities such as Sharif University of Technology, by the help of which many students have been able to successfully pass TOEFL, PhD TOEFL, IELTS, GRE, and GMAT. I hope you the next ones. Amir Khadem.'),
(1843, '{{class_category_file_links}}', 101, 'title', 'en', 'GMAT Composition Guidance for the Issue and Argument tasks'),
(1844, '{{class_category_file_links}}', 101, 'summary', 'en', 'This book elegantly explains both the Issue and Argument Tasks of GMAT Exam.'),
(1845, '{{class_category_file_links}}', 102, 'title', 'en', 'GMAT Writing Questions with Answers'),
(1846, '{{class_category_file_links}}', 102, 'summary', 'en', 'Reading these questions and the samples provided can increase your GMAT Score for Writing.'),
(1847, '{{user_details}}', 72, 'name', 'en', ''),
(1848, '{{user_details}}', 72, 'family', 'en', ''),
(1849, '{{teacher_details}}', 73, 'name', 'en', 'Vahid '),
(1850, '{{teacher_details}}', 73, 'family', 'en', 'Izadifar'),
(1851, '{{teacher_details}}', 73, 'grade', 'en', 'M.A. in TEFL'),
(1852, '{{teacher_details}}', 73, 'resume', 'en', ''),
(1853, '{{teacher_details}}', 73, 'address', 'en', ''),
(1854, '{{class_categories}}', 43, 'title', 'en', 'General IELTS Writing'),
(1855, '{{class_categories}}', 43, 'summary', 'en', ''),
(1856, '{{class_category_file_links}}', 103, 'title', 'en', 'Bussiness Letters for Busy People'),
(1857, '{{class_category_file_links}}', 103, 'summary', 'en', 'This book contains many business letters that provide IELTS General test takers with practical phrases and vocabularies.'),
(1858, '{{class_categories}}', 44, 'title', 'en', 'Grammar References for Academic IELTS'),
(1859, '{{class_categories}}', 44, 'summary', 'en', ''),
(1860, '{{class_category_file_links}}', 104, 'title', 'en', 'BBC 6 Minute English (Audio & PDF)-2016'),
(1861, '{{class_category_file_links}}', 104, 'summary', 'en', 'These files from BBC are good sources for the British accent, which is very much used in the TOEFL iBT Exam.'),
(1862, '{{user_details}}', 74, 'name', 'en', ''),
(1863, '{{user_details}}', 74, 'family', 'en', ''),
(1864, '{{class_category_file_links}}', 105, 'title', 'en', 'BBC 6 Minute English (Audio & PDF)-2015'),
(1865, '{{class_category_file_links}}', 105, 'summary', 'en', 'These files from BBC are also good sources for the British accent, which is very much used in the TOEFL iBT Exam.'),
(1866, '{{user_details}}', 75, 'name', 'en', ''),
(1867, '{{user_details}}', 75, 'family', 'en', ''),
(1868, '{{user_details}}', 76, 'name', 'en', ''),
(1869, '{{user_details}}', 76, 'family', 'en', ''),
(1870, '{{user_details}}', 77, 'name', 'en', ''),
(1871, '{{user_details}}', 77, 'family', 'en', ''),
(1872, '{{user_details}}', 78, 'name', 'en', ''),
(1873, '{{user_details}}', 78, 'family', 'en', ''),
(1874, '{{user_details}}', 79, 'name', 'en', ''),
(1875, '{{user_details}}', 79, 'family', 'en', ''),
(1884, '{{user_details}}', 80, 'name', 'en', ''),
(1885, '{{user_details}}', 80, 'family', 'en', ''),
(1886, '{{class_category_file_links}}', 106, 'title', 'en', 'TPO 40 to 48'),
(1887, '{{class_category_file_links}}', 106, 'summary', 'en', ''),
(1888, '{{class_category_file_links}}', 107, 'title', 'en', 'TPO 40 to 48'),
(1889, '{{class_category_file_links}}', 107, 'summary', 'en', ''),
(1890, '{{class_category_file_links}}', 108, 'title', 'en', 'TPO Software 1 to 36'),
(1891, '{{class_category_file_links}}', 108, 'summary', 'en', ''),
(1892, '{{class_category_file_links}}', 109, 'title', 'en', 'TPO Software 1 to 36'),
(1893, '{{class_category_file_links}}', 109, 'summary', 'en', ''),
(1894, '{{class_category_file_links}}', 110, 'title', 'en', 'Cambridge Preparation for the TOEFL 4th Edition (Multimedia)'),
(1895, '{{class_category_file_links}}', 110, 'summary', 'en', ''),
(1896, '{{class_category_file_links}}', 111, 'title', 'en', 'Cambridge Preparation for the TOEFL 4th Edition (Multimedia)'),
(1897, '{{class_category_file_links}}', 111, 'summary', 'en', ''),
(1898, '{{class_category_file_links}}', 112, 'title', 'en', 'Barron''s How to Prepare for the TOEFL iBT'),
(1899, '{{class_category_file_links}}', 112, 'summary', 'en', ''),
(1900, '{{class_category_file_links}}', 113, 'title', 'en', 'Cambridge Grammar for IELTS Students Book with Answers and Audio CD.zip'),
(1901, '{{class_category_file_links}}', 113, 'summary', 'en', ''),
(1902, '{{class_category_file_links}}', 114, 'title', 'en', 'Preparation and Practice Listening and Speaking'),
(1903, '{{class_category_file_links}}', 114, 'summary', 'en', 'This book, particularly its listening section, is an invaluable source for building the listening skill for the IELTS exam.'),
(1904, '{{class_categories}}', 45, 'title', 'en', 'IELTS Listening (General & Academic)'),
(1905, '{{class_categories}}', 45, 'summary', 'en', '<p dir="ltr">All the&nbsp;General IELTS Listening and Speaking Sources are the same as those for Academic&nbsp;IELTS because these two skills are alike in both exams.&nbsp;</p>\r\n'),
(1906, '{{class_categories}}', 46, 'title', 'en', 'General IELTS Reading '),
(1907, '{{class_categories}}', 46, 'summary', 'en', ''),
(1908, '{{class_category_file_links}}', 115, 'title', 'en', 'IELTS Preparation and Practice - General Module - Reading and Writing'),
(1909, '{{class_category_file_links}}', 115, 'summary', 'en', 'This book, particularly its reading section, is an invaluable source for building the reading skill for the General IELTS exam.'),
(1910, '{{class_category_file_links}}', 116, 'title', 'en', 'Oxford TOEFL iBT'),
(1911, '{{class_category_file_links}}', 116, 'summary', 'en', ''),
(1912, '{{user_details}}', 81, 'name', 'en', ''),
(1913, '{{user_details}}', 81, 'family', 'en', ''),
(1914, '{{user_details}}', 82, 'name', 'en', ''),
(1915, '{{user_details}}', 82, 'family', 'en', ''),
(1916, '{{user_details}}', 83, 'name', 'en', ''),
(1917, '{{user_details}}', 83, 'family', 'en', ''),
(1918, '{{gallery}}', 1, 'title', 'en', 'Avaye Shahir Institute'),
(1919, '{{gallery}}', 1, 'desc', 'en', 'At the request of some students who wanted to see the atmosphere of Avaye Shahir Institute, some pictures were uploaded.'),
(1920, '{{gallery}}', 2, 'title', 'en', 'Avaye Shahir Institute'),
(1921, '{{gallery}}', 2, 'desc', 'en', ''),
(1922, '{{gallery}}', 3, 'title', 'en', 'Avaye Shahir Institute'),
(1923, '{{gallery}}', 3, 'desc', 'en', ''),
(1926, '{{gallery}}', 5, 'title', 'en', 'Avaye Shahir Institute'),
(1927, '{{gallery}}', 5, 'desc', 'en', ''),
(1928, '{{gallery}}', 6, 'title', 'en', 'Avaye Shahir Institute'),
(1929, '{{gallery}}', 6, 'desc', 'en', ''),
(1930, '{{user_details}}', 84, 'name', 'en', ''),
(1931, '{{user_details}}', 84, 'family', 'en', ''),
(1932, '{{user_details}}', 85, 'name', 'en', ''),
(1933, '{{user_details}}', 85, 'family', 'en', ''),
(1934, '{{user_details}}', 86, 'name', 'en', ''),
(1935, '{{user_details}}', 86, 'family', 'en', ''),
(1936, '{{user_details}}', 87, 'name', 'en', ''),
(1937, '{{user_details}}', 87, 'family', 'en', ''),
(1938, '{{user_details}}', 88, 'name', 'en', ''),
(1939, '{{user_details}}', 88, 'family', 'en', ''),
(1940, '{{user_details}}', 89, 'name', 'en', ''),
(1941, '{{user_details}}', 89, 'family', 'en', ''),
(1942, '{{user_details}}', 90, 'name', 'en', ''),
(1943, '{{user_details}}', 90, 'family', 'en', ''),
(1944, '{{user_details}}', 91, 'name', 'en', ''),
(1945, '{{user_details}}', 91, 'family', 'en', ''),
(1946, '{{user_details}}', 92, 'name', 'en', ''),
(1947, '{{user_details}}', 92, 'family', 'en', ''),
(1948, '{{user_details}}', 93, 'name', 'en', ''),
(1949, '{{user_details}}', 93, 'family', 'en', ''),
(1950, '{{user_details}}', 94, 'name', 'en', ''),
(1951, '{{user_details}}', 94, 'family', 'en', ''),
(1952, '{{user_details}}', 95, 'name', 'en', ''),
(1953, '{{user_details}}', 95, 'family', 'en', ''),
(1954, '{{user_details}}', 96, 'name', 'en', ''),
(1955, '{{user_details}}', 96, 'family', 'en', ''),
(1956, '{{user_details}}', 97, 'name', 'en', ''),
(1957, '{{user_details}}', 97, 'family', 'en', ''),
(1958, '{{user_details}}', 98, 'name', 'en', ''),
(1959, '{{user_details}}', 98, 'family', 'en', ''),
(1960, '{{user_details}}', 99, 'name', 'en', ''),
(1961, '{{user_details}}', 99, 'family', 'en', ''),
(1962, '{{user_details}}', 100, 'name', 'en', ''),
(1963, '{{user_details}}', 100, 'family', 'en', ''),
(1964, '{{user_details}}', 101, 'name', 'en', ''),
(1965, '{{user_details}}', 101, 'family', 'en', ''),
(1966, '{{user_details}}', 102, 'name', 'en', ''),
(1967, '{{user_details}}', 102, 'family', 'en', ''),
(1968, '{{user_details}}', 103, 'name', 'en', ''),
(1969, '{{user_details}}', 103, 'family', 'en', ''),
(1970, '{{user_details}}', 104, 'name', 'en', ''),
(1971, '{{user_details}}', 104, 'family', 'en', ''),
(1972, '{{user_details}}', 105, 'name', 'en', ''),
(1973, '{{user_details}}', 105, 'family', 'en', ''),
(1974, '{{user_details}}', 106, 'name', 'en', ''),
(1975, '{{user_details}}', 106, 'family', 'en', ''),
(1976, '{{class_category_file_links}}', 117, 'title', 'en', 'Topics Written in the Book in Order They Appear There.'),
(1977, '{{class_category_file_links}}', 117, 'summary', 'en', 'This file helps you find the topics which are written in the book TOEFL Writing Success and study them.'),
(1978, '{{user_details}}', 107, 'name', 'en', ''),
(1979, '{{user_details}}', 107, 'family', 'en', ''),
(1980, '{{user_details}}', 108, 'name', 'en', ''),
(1981, '{{user_details}}', 108, 'family', 'en', ''),
(1982, '{{user_details}}', 109, 'name', 'en', ''),
(1983, '{{user_details}}', 109, 'family', 'en', ''),
(1984, '{{user_details}}', 110, 'name', 'en', ''),
(1985, '{{user_details}}', 110, 'family', 'en', ''),
(1986, '{{user_details}}', 111, 'name', 'en', ''),
(1987, '{{user_details}}', 111, 'family', 'en', ''),
(1988, '{{user_details}}', 112, 'name', 'en', ''),
(1989, '{{user_details}}', 112, 'family', 'en', ''),
(1990, '{{user_details}}', 113, 'name', 'en', ''),
(1991, '{{user_details}}', 113, 'family', 'en', ''),
(1992, '{{user_details}}', 114, 'name', 'en', ''),
(1993, '{{user_details}}', 114, 'family', 'en', ''),
(1994, '{{user_details}}', 115, 'name', 'en', ''),
(1995, '{{user_details}}', 115, 'family', 'en', ''),
(1996, '{{user_details}}', 116, 'name', 'en', ''),
(1997, '{{user_details}}', 116, 'family', 'en', ''),
(1998, '{{user_details}}', 117, 'name', 'en', ''),
(1999, '{{user_details}}', 117, 'family', 'en', ''),
(2000, '{{user_details}}', 118, 'name', 'en', ''),
(2001, '{{user_details}}', 118, 'family', 'en', ''),
(2002, '{{user_details}}', 119, 'name', 'en', ''),
(2003, '{{user_details}}', 119, 'family', 'en', ''),
(2004, '{{user_details}}', 120, 'name', 'en', ''),
(2005, '{{user_details}}', 120, 'family', 'en', ''),
(2006, '{{user_details}}', 121, 'name', 'en', ''),
(2007, '{{user_details}}', 121, 'family', 'en', ''),
(2008, '{{courses}}', 21, 'title', 'en', 'Workshops '),
(2009, '{{courses}}', 21, 'summary', 'en', '<p dir="ltr" style="text-align:justify">Avaye Shahir Institute is honored to occasionally hold some workshops on such exams as TOEFL, IELTS, GRE, and GMAT as well as professional workshops on writing research papers.&nbsp;</p>\r\n'),
(2010, '{{class_categories}}', 47, 'title', 'en', 'A Free Workshop Aiming at Preparing and Familiarizing IELTS Test Takers'),
(2011, '{{class_categories}}', 47, 'summary', 'en', '<p dir="ltr" style="text-align:center">In His Name</p>\r\n\r\n<p dir="ltr" style="text-align:center"><strong>Avaye Shahir Institute</strong> intends to hold a <strong>free workshop</strong> aiming at&nbsp;preparing and familiarizing <strong>IELTS</strong> test takers</p>\r\n\r\n<p dir="ltr" style="text-align:justify">Presenter: <strong>Mr. Khezerlou, Sharif University Instructor</strong></p>\r\n\r\n<p dir="ltr" style="text-align:justify">This workshop is divided into two parts, the first part of which is about the overall IELTS framework and the four modules of <strong>Reading</strong>, Listening, <strong>Speaking</strong>, and <strong>Writing</strong>.</p>\r\n\r\n<p dir="ltr" style="text-align:justify">The second part of the workshop is on <strong>IELTS Writing Task 2</strong>, which prepares test takers for this module. The reason why this task has been selected is that the majority of test takers have problems in this field and that it covers both the <strong>General IELTS</strong> as well as&nbsp;<strong>Academic IELTS</strong> writing modules.</p>\r\n\r\n<p dir="ltr" style="text-align:justify">Date and Time: <strong>Friday,&nbsp;10 AM to 12.15 PM, Khordad 21st</strong></p>\r\n\r\n<p dir="ltr" style="margin-left:-22.5pt; text-align:justify">&nbsp; &nbsp; &nbsp; &nbsp; Address: Flat No. 1, # 9, 10th Alley, Ghaem Magham St., Shahid Beheshti Avenue</p>\r\n\r\n<p dir="ltr" style="margin-left:-22.5pt; text-align:justify">&nbsp; &nbsp; &nbsp; &nbsp; &nbsp;Telephone:&nbsp;88736668, 88730902, 88730902<span dir="LTR">.</span></p>\r\n\r\n<p dir="ltr" style="margin-left:-22.5pt; text-align:justify"><span dir="LTR">&nbsp;&nbsp; &nbsp; &nbsp; &nbsp; </span>Site Address: <a href="http://www.avayeshahir.com">www.avayeshahir.com</a></p>\r\n\r\n<p dir="ltr" style="margin-left:-22.5pt; text-align:justify">&nbsp; &nbsp; &nbsp; &nbsp; &nbsp;Wish you all the best</p>\r\n\r\n<p dir="ltr" style="text-align:justify"><strong>&nbsp;Amir Khadem: Manager of Avaye Shahir Institute</strong></p>\r\n'),
(2012, '{{class_category_files}}', 61, 'title', 'en', ''),
(2013, '{{class_category_files}}', 61, 'summary', 'en', ''),
(2014, '{{user_details}}', 122, 'name', 'en', ''),
(2015, '{{user_details}}', 122, 'family', 'en', ''),
(2016, '{{user_details}}', 123, 'name', 'en', ''),
(2017, '{{user_details}}', 123, 'family', 'en', ''),
(2018, '{{class_categories}}', 48, 'title', 'en', 'A Free TOEFL iBT Workshop Aiming at Preparing TOEFL Test Takers for the Exam'),
(2019, '{{class_categories}}', 48, 'summary', 'en', '<p dir="ltr" style="text-align:center">In His Name</p>\r\n\r\n<p dir="ltr" style="text-align:center"><strong>Avaye Shahir Institute</strong> intends to hold a free workshop aiming at&nbsp;preparing and familiarizing TOEFL test takers with the exam</p>\r\n\r\n<p dir="ltr" style="text-align:justify">Presenter: <strong>Amir Khadem</strong>, Sharif University Instructor</p>\r\n\r\n<p dir="ltr" style="text-align:justify">This workshop first introduces and explores the framework of TOEFL iBT and the <strong>new approaches adopted by ETS</strong> regarding the four modules of <strong>Reading</strong>, <strong>Listening</strong>, <strong>Speaking</strong>, and <strong>Writing</strong>.</p>\r\n\r\n<p dir="ltr" style="text-align:justify">In the second part, <strong>TOEFL Writing Independent Task</strong> as well as the <strong>Integrated Task</strong> will be discussed in detail. Then, the skills essential for TOEFL iBT exam &ndash; such as <strong>Note Taking</strong>, <strong>Paraphrasing</strong>, <strong>Summarizing</strong>, and &nbsp;&nbsp;<strong>Synthesizing </strong>&ndash; will be dealt with. The reason why this task has been selected is that the majority of test takers have problems with writing and the skills already mentioned and that it provides test takers with some skills that can also be used for Speaking, Listening, and Reading.</p>\r\n\r\n<p dir="ltr" style="text-align:justify">Date and Time: <strong>Friday,&nbsp;10 AM to 12.15 PM, Khordad 28th</strong></p>\r\n\r\n<p dir="ltr" style="text-align:justify">Address: Flat No. 1, # 9, 10th Alley, Ghaem Magham St., Shahid Beheshti Avenue</p>\r\n\r\n<p dir="ltr" style="text-align:justify">Telephone:&nbsp;88736668, 88730902, 88730902.</p>\r\n\r\n<p dir="ltr" style="text-align:justify">Site Address: <a href="http://www.avayeshahir.com">www.avayeshahir.com</a></p>\r\n\r\n<p dir="ltr" style="text-align:justify">Wish you all the best</p>\r\n\r\n<p dir="ltr" style="text-align:justify">Amir Khadem: Manager of Avaye Shahir Institute</p>\r\n'),
(2020, '{{class_category_files}}', 62, 'title', 'en', 'A Free TOEFL iBT Workshop'),
(2021, '{{class_category_files}}', 62, 'summary', 'en', ''),
(2022, '{{user_details}}', 124, 'name', 'en', ''),
(2023, '{{user_details}}', 124, 'family', 'en', ''),
(2024, '{{user_details}}', 125, 'name', 'en', ''),
(2025, '{{user_details}}', 125, 'family', 'en', ''),
(2026, '{{user_details}}', 126, 'name', 'en', ''),
(2027, '{{user_details}}', 126, 'family', 'en', ''),
(2030, '{{user_details}}', 127, 'name', 'en', ''),
(2031, '{{user_details}}', 127, 'family', 'en', ''),
(2032, '{{user_details}}', 128, 'name', 'en', ''),
(2033, '{{user_details}}', 128, 'family', 'en', ''),
(2034, '{{user_details}}', 129, 'name', 'en', ''),
(2035, '{{user_details}}', 129, 'family', 'en', ''),
(2036, '{{user_details}}', 130, 'name', 'en', ''),
(2037, '{{user_details}}', 130, 'family', 'en', ''),
(2038, '{{user_details}}', 131, 'name', 'en', ''),
(2039, '{{user_details}}', 131, 'family', 'en', ''),
(2040, '{{user_details}}', 132, 'name', 'en', ''),
(2041, '{{user_details}}', 132, 'family', 'en', ''),
(2042, '{{user_details}}', 133, 'name', 'en', ''),
(2043, '{{user_details}}', 133, 'family', 'en', ''),
(2044, '{{user_details}}', 134, 'name', 'en', ''),
(2045, '{{user_details}}', 134, 'family', 'en', ''),
(2046, '{{user_details}}', 135, 'name', 'en', ''),
(2047, '{{user_details}}', 135, 'family', 'en', ''),
(2048, '{{user_details}}', 136, 'name', 'en', ''),
(2049, '{{user_details}}', 136, 'family', 'en', ''),
(2050, '{{user_details}}', 137, 'name', 'en', ''),
(2051, '{{user_details}}', 137, 'family', 'en', ''),
(2052, '{{user_details}}', 138, 'name', 'en', ''),
(2053, '{{user_details}}', 138, 'family', 'en', ''),
(2054, '{{user_details}}', 139, 'name', 'en', ''),
(2055, '{{user_details}}', 139, 'family', 'en', ''),
(2056, '{{user_details}}', 140, 'name', 'en', ''),
(2057, '{{user_details}}', 140, 'family', 'en', ''),
(2058, '{{user_details}}', 141, 'name', 'en', ''),
(2059, '{{user_details}}', 141, 'family', 'en', ''),
(2060, '{{user_details}}', 142, 'name', 'en', ''),
(2061, '{{user_details}}', 142, 'family', 'en', ''),
(2062, '{{user_details}}', 143, 'name', 'en', ''),
(2063, '{{user_details}}', 143, 'family', 'en', ''),
(2068, '{{user_details}}', 144, 'name', 'en', ''),
(2069, '{{user_details}}', 144, 'family', 'en', ''),
(2070, '{{user_details}}', 145, 'name', 'en', ''),
(2071, '{{user_details}}', 145, 'family', 'en', ''),
(2072, '{{classes}}', 7, 'title', 'en', 'IELTS Academic Reading: group 1'),
(2073, '{{classes}}', 7, 'summary', 'en', ''),
(2076, '{{classes}}', 8, 'title', 'en', 'IELTS Academic Writing: group 1'),
(2077, '{{classes}}', 8, 'summary', 'en', ''),
(2078, '{{class_category_file_links}}', 118, 'title', 'en', 'Pre-IELTS Grammar Pamphlet by Amir Khadem'),
(2079, '{{class_category_file_links}}', 118, 'summary', 'en', 'This pamphlet and "IELTS Writing Pamphlet" have been taught by me, Amir Khadem, for almost 15 years in quite a few institutes and universities such as Sharif University of Technology, by the help of which many students have been able to successfully pass such tests as IELTS, TOEFL, PhD TOEFL, GRE, and GMAT.  Amir Khadem.'),
(2080, '{{class_category_file_links}}', 119, 'title', 'en', 'Academic IELTS Writing Pamphlet'),
(2081, '{{class_category_file_links}}', 119, 'summary', 'en', 'This pamphlet and "Academic Writing Pamphlet" have been taught by me, Amir Khadem, for almost 15 years in quite a few institutes and universities such as Sharif University of Technology, by the help of which many students have been able to successfully pass TOEFL, PhD TOEFL, IELTS, GRE, and GMAT. I hope you the next ones. Amir Khadem.'),
(2082, '{{class_category_file_links}}', 120, 'title', 'en', 'Pre-IELTS Grammar Pamphlet by Amir Khadem'),
(2083, '{{class_category_file_links}}', 120, 'summary', 'en', 'This pamphlet and "IELTS Writing Pamphlet" have been taught by me, Amir Khadem, for almost 15 years in quite a few institutes and universities such as Sharif University of Technology, by the help of which many students have been able to successfully pass such tests as IELTS, TOEFL, PhD TOEFL, GRE, and GMAT.  Amir Khadem.'),
(2084, '{{class_category_file_links}}', 121, 'title', 'en', 'Academic IELTS Writing Pamphlet'),
(2085, '{{class_category_file_links}}', 121, 'summary', 'en', 'This pamphlet and "Academic Writing Pamphlet" have been taught by me, Amir Khadem, for almost 15 years in quite a few institutes and universities such as Sharif University of Technology, by the help of which many students have been able to successfully pass TOEFL, PhD TOEFL, IELTS, GRE, and GMAT. I hope you the next ones. Amir Khadem.'),
(2086, '{{user_details}}', 146, 'name', 'en', ''),
(2087, '{{user_details}}', 146, 'family', 'en', ''),
(2088, '{{class_categories}}', 52, 'title', 'en', 'IELTS Speaking  (General & Academic)'),
(2089, '{{class_categories}}', 52, 'summary', 'en', '<p dir="ltr">All the&nbsp;General IELTS Listening and Speaking Sources are the same as those for Academic&nbsp;IELTS because these two skills are alike in both exams.&nbsp;</p>\r\n'),
(2090, '{{classes}}', 9, 'title', 'en', 'IELTS Speaking (General & Academic: group 1'),
(2091, '{{classes}}', 9, 'summary', 'en', ''),
(2092, '{{classes}}', 10, 'title', 'en', 'IELTS Listening (General & Academic): group 1'),
(2093, '{{classes}}', 10, 'summary', 'en', ''),
(2094, '{{classes}}', 11, 'title', 'en', 'IELTS General Reading: group 1'),
(2095, '{{classes}}', 11, 'summary', 'en', ''),
(2096, '{{classes}}', 12, 'title', 'en', 'IELTS General Writing: group 1'),
(2097, '{{classes}}', 12, 'summary', 'en', ''),
(2098, '{{user_details}}', 147, 'name', 'en', ''),
(2099, '{{user_details}}', 147, 'family', 'en', ''),
(2100, '{{user_details}}', 148, 'name', 'en', ''),
(2101, '{{user_details}}', 148, 'family', 'en', ''),
(2102, '{{user_details}}', 149, 'name', 'en', ''),
(2103, '{{user_details}}', 149, 'family', 'en', ''),
(2104, '{{user_details}}', 150, 'name', 'en', ''),
(2105, '{{user_details}}', 150, 'family', 'en', ''),
(2106, '{{class_category_file_links}}', 122, 'title', 'en', 'IELTS Speaking Syllabus'),
(2107, '{{class_category_file_links}}', 122, 'summary', 'en', ''),
(2108, '{{class_category_file_links}}', 123, 'title', 'en', 'IELTS Speaking Introduction'),
(2109, '{{class_category_file_links}}', 123, 'summary', 'en', ''),
(2110, '{{class_category_file_links}}', 124, 'title', 'en', 'IELTS Tutor Video'),
(2111, '{{class_category_file_links}}', 124, 'summary', 'en', 'In this video, all the four skills are taught by native Australian teachers.'),
(2112, '{{class_category_file_links}}', 125, 'title', 'en', 'IELTS Tutor Video'),
(2113, '{{class_category_file_links}}', 125, 'summary', 'en', 'In this video, all the four skills are taught by native Australian teachers.'),
(2114, '{{user_details}}', 151, 'name', 'en', ''),
(2115, '{{user_details}}', 151, 'family', 'en', ''),
(2116, '{{user_details}}', 152, 'name', 'en', ''),
(2117, '{{user_details}}', 152, 'family', 'en', ''),
(2118, '{{user_details}}', 153, 'name', 'en', ''),
(2119, '{{user_details}}', 153, 'family', 'en', ''),
(2120, '{{class_category_file_links}}', 126, 'title', 'en', 'IELTS Academic Reading Syllabus'),
(2121, '{{class_category_file_links}}', 126, 'summary', 'en', 'IELTS Academic Reading References to be covered in Avaye Shahir Institute'),
(2124, '{{class_categories}}', 53, 'title', 'en', 'IELTS Academic Writing'),
(2125, '{{class_categories}}', 53, 'summary', 'en', ''),
(2126, '{{class_category_file_links}}', 128, 'title', 'en', 'Academic IELTS Writing Syllabus'),
(2127, '{{class_category_file_links}}', 128, 'summary', 'en', 'These are the best IELTS Academic Writing references, parts of which will be covered in the courses offered in Avaye Shahir Institute and some parts are for self-study. '),
(2128, '{{user_details}}', 154, 'name', 'en', ''),
(2129, '{{user_details}}', 154, 'family', 'en', ''),
(2130, '{{user_details}}', 155, 'name', 'en', ''),
(2131, '{{user_details}}', 155, 'family', 'en', ''),
(2132, '{{user_details}}', 156, 'name', 'en', ''),
(2133, '{{user_details}}', 156, 'family', 'en', ''),
(2134, '{{user_details}}', 157, 'name', 'en', ''),
(2135, '{{user_details}}', 157, 'family', 'en', ''),
(2136, '{{user_details}}', 158, 'name', 'en', ''),
(2137, '{{user_details}}', 158, 'family', 'en', ''),
(2138, '{{class_category_file_links}}', 129, 'title', 'en', 'TPO 1 to 36'),
(2139, '{{class_category_file_links}}', 129, 'summary', 'en', ''),
(2140, '{{class_category_file_links}}', 130, 'title', 'en', 'TPO 40 to 48'),
(2141, '{{class_category_file_links}}', 130, 'summary', 'en', ''),
(2142, '{{class_category_file_links}}', 131, 'title', 'en', 'Common Mistakes at IELTS: Advanced'),
(2143, '{{class_category_file_links}}', 131, 'summary', 'en', ''),
(2144, '{{class_category_file_links}}', 132, 'title', 'en', 'Idioms and Phrasal verbs'),
(2145, '{{class_category_file_links}}', 132, 'summary', 'en', ''),
(2146, '{{class_category_file_links}}', 133, 'title', 'en', 'Collins Vocabulary for IELTS'),
(2147, '{{class_category_file_links}}', 133, 'summary', 'en', ''),
(2148, '{{class_category_file_links}}', 134, 'title', 'en', 'Collins Vocabulary for IELTS CD'),
(2149, '{{class_category_file_links}}', 134, 'summary', 'en', ''),
(2150, '{{user_details}}', 159, 'name', 'en', ''),
(2151, '{{user_details}}', 159, 'family', 'en', ''),
(2152, '{{user_details}}', 160, 'name', 'en', ''),
(2153, '{{user_details}}', 160, 'family', 'en', ''),
(2154, '{{user_details}}', 161, 'name', 'en', ''),
(2155, '{{user_details}}', 161, 'family', 'en', ''),
(2156, '{{user_details}}', 162, 'name', 'en', ''),
(2157, '{{user_details}}', 162, 'family', 'en', ''),
(2158, '{{user_details}}', 163, 'name', 'en', ''),
(2159, '{{user_details}}', 163, 'family', 'en', ''),
(2160, '{{class_category_file_links}}', 135, 'title', 'en', 'Audio Files for Cambridge Vocabulary for IELTS'),
(2161, '{{class_category_file_links}}', 135, 'summary', 'en', ''),
(2162, '{{class_category_file_links}}', 136, 'title', 'en', 'Cambridge Vocabulary for IELTS'),
(2163, '{{class_category_file_links}}', 136, 'summary', 'en', ''),
(2164, '{{user_details}}', 164, 'name', 'en', ''),
(2165, '{{user_details}}', 164, 'family', 'en', ''),
(2166, '{{user_details}}', 165, 'name', 'en', ''),
(2167, '{{user_details}}', 165, 'family', 'en', ''),
(2168, '{{class_category_file_links}}', 137, 'title', 'en', 'IELTS Test Builder 2 PDF'),
(2169, '{{class_category_file_links}}', 137, 'summary', 'en', ''),
(2170, '{{class_category_file_links}}', 138, 'title', 'en', 'Audio Files of Test 1: IELTS Test Builder 2'),
(2171, '{{class_category_file_links}}', 138, 'summary', 'en', ''),
(2172, '{{class_category_file_links}}', 139, 'title', 'en', 'Audio Files of Test 2: IELTS Test Builder 2'),
(2173, '{{class_category_file_links}}', 139, 'summary', 'en', ''),
(2174, '{{class_category_file_links}}', 140, 'title', 'en', 'Audio Files of Test 3: IELTS Test Builder 2'),
(2175, '{{class_category_file_links}}', 140, 'summary', 'en', ''),
(2176, '{{class_category_file_links}}', 141, 'title', 'en', 'Audio Files of Test 4: IELTS Test Builder 2'),
(2177, '{{class_category_file_links}}', 141, 'summary', 'en', ''),
(2178, '{{class_category_file_links}}', 142, 'title', 'en', '7 Sample IELTS Speaking Exams'),
(2179, '{{class_category_file_links}}', 142, 'summary', 'en', ''),
(2180, '{{class_category_file_links}}', 143, 'title', 'en', 'Speaking Session 1 Topic 4 (The Weather)'),
(2181, '{{class_category_file_links}}', 143, 'summary', 'en', 'This is one of the many speaking lessons that are covered in the speaking classes at Avaye Shahir Institute.'),
(2182, '{{class_category_file_links}}', 144, 'title', 'en', 'IELTS Listening Syllabus: Academic & General Training'),
(2183, '{{class_category_file_links}}', 144, 'summary', 'en', ''),
(2184, '{{class_category_file_links}}', 145, 'title', 'en', 'General Training Reading Syllabus'),
(2185, '{{class_category_file_links}}', 145, 'summary', 'en', ''),
(2186, '{{class_category_file_links}}', 146, 'title', 'en', 'General Training IELTS—Writing Syllabus'),
(2187, '{{class_category_file_links}}', 146, 'summary', 'en', ''),
(2188, '{{class_category_file_links}}', 147, 'title', 'en', '20 Common IELTS Essays Prompts Divided by Topic'),
(2189, '{{class_category_file_links}}', 147, 'summary', 'en', 'This file has categorized IELTS Essays into 20 separate topics, making it easy for IELTS test takers to write and memorize.'),
(2190, '{{class_category_file_links}}', 148, 'title', 'en', '5 Common IELTS Essay Question Types'),
(2191, '{{class_category_file_links}}', 148, 'summary', 'en', 'This file introduces the 5 Common IELTS Essay Question Types together with some sample questions.'),
(2192, '{{user_details}}', 166, 'name', 'en', ''),
(2193, '{{user_details}}', 166, 'family', 'en', ''),
(2194, '{{user_details}}', 167, 'name', 'en', ''),
(2195, '{{user_details}}', 167, 'family', 'en', ''),
(2196, '{{user_details}}', 168, 'name', 'en', ''),
(2197, '{{user_details}}', 168, 'family', 'en', ''),
(2198, '{{user_details}}', 169, 'name', 'en', ''),
(2199, '{{user_details}}', 169, 'family', 'en', ''),
(2200, '{{user_details}}', 170, 'name', 'en', ''),
(2201, '{{user_details}}', 170, 'family', 'en', ''),
(2202, '{{user_details}}', 171, 'name', 'en', ''),
(2203, '{{user_details}}', 171, 'family', 'en', ''),
(2204, '{{user_details}}', 172, 'name', 'en', ''),
(2205, '{{user_details}}', 172, 'family', 'en', ''),
(2206, '{{user_details}}', 173, 'name', 'en', ''),
(2207, '{{user_details}}', 173, 'family', 'en', ''),
(2208, '{{user_details}}', 174, 'name', 'en', ''),
(2209, '{{user_details}}', 174, 'family', 'en', ''),
(2210, '{{user_details}}', 175, 'name', 'en', ''),
(2211, '{{user_details}}', 175, 'family', 'en', ''),
(2212, '{{class_category_file_links}}', 149, 'title', 'en', 'Longman Common Mistakes in English'),
(2213, '{{class_category_file_links}}', 149, 'summary', 'en', 'This book is a great reference for the PhD TOEFL grammar tests.'),
(2214, '{{class_category_file_links}}', 150, 'title', 'en', 'Longman Common Mistakes in English'),
(2215, '{{class_category_file_links}}', 150, 'summary', 'en', 'This book is a great reference for the iBT TOEFL Writing tasks.'),
(2216, '{{class_category_file_links}}', 151, 'title', 'en', 'A Sample TOEFL iBT Report Card'),
(2217, '{{class_category_file_links}}', 151, 'summary', 'en', ''),
(2218, '{{class_category_file_links}}', 152, 'title', 'en', 'TOEFL iBT Syllabus for All Skills'),
(2219, '{{class_category_file_links}}', 152, 'summary', 'en', 'In this file, which is the essence of my experience from years of teaching in such universities as Sharif University of Technology and Amirkabir Polytechnique University, etc, I have elaborated on - explained in detail - the syllabus I have prepared for TOEFL iBT Test. If you carefully follow this syllabus, you will ace the TOEFL Test as many of my students, regardless of their levels, have done so far and received brilliant scores in the test. I hope you are the next one to get a high score.\r\nWish you luck.\r\nAmir Khadem'),
(2220, '{{class_category_file_links}}', 153, 'title', 'en', 'Essential English Idioms Elementary, Intermediate, and Advanced'),
(2221, '{{class_category_file_links}}', 153, 'summary', 'en', 'The book Essential English Idioms is a very important vocabulary source for all 4 skills of TOEFL iBT.'),
(2222, '{{class_category_file_links}}', 154, 'title', 'en', 'Reading Score from 0 to 30 Based on the Questions Answered'),
(2223, '{{class_category_file_links}}', 154, 'summary', 'en', ''),
(2224, '{{class_category_file_links}}', 155, 'title', 'en', 'Essential Words for the TOEFL'),
(2225, '{{class_category_file_links}}', 155, 'summary', 'en', 'This book is good for those who do not have much time for the iBT TOEFL Test. For those who have more time, the book 4000 Essential Words is strongly recommended.'),
(2226, '{{class_category_file_links}}', 156, 'title', 'en', 'TPO Words'),
(2227, '{{class_category_file_links}}', 156, 'summary', 'en', 'This file contains a big proportion of the words tested in TOEFL iBT Test.'),
(2230, '{{user_details}}', 176, 'name', 'en', ''),
(2231, '{{user_details}}', 176, 'family', 'en', ''),
(2232, '{{class_category_file_links}}', 158, 'title', 'en', 'TPO 1-24 Writing Independent Answers'),
(2233, '{{class_category_file_links}}', 158, 'summary', 'en', 'This file contains 24 writing samples of TPO Tests, which are good for getting ideas. However, in terms of grammatical structures, they are not that reliable.'),
(2234, '{{class_category_file_links}}', 159, 'title', 'en', 'TPO 1-24 Speaking Answers'),
(2235, '{{class_category_file_links}}', 159, 'summary', 'en', 'This file contains 24 speaking samples of TPO Tests, which are good for getting ideas. However, in terms of grammatical structures, they are not that reliable.'),
(2236, '{{class_category_file_links}}', 160, 'title', 'en', 'How Your Writing Is Scored'),
(2237, '{{class_category_file_links}}', 160, 'summary', 'en', ''),
(2238, '{{class_category_file_links}}', 161, 'title', 'en', 'Parts of the book TOEFL Writing Success 4th Edition by Amir Khadem'),
(2239, '{{class_category_file_links}}', 161, 'summary', 'en', 'Why should you study TOEFL Writing Success 4th Edition?\r\nThis book that is suitable for Upper-intermediate and Advanced test takers provides proven techniques for a higher score in such tests as TOEFL, IELTS, GRE, and GMAT. The book contains 4 writing samples by the author together with 165 writing samples of my top students, most of whom had a score between 27 and 30. The reasons why this book has been successful are as follows: \r\n1.	Using practical vocabularies and phrase that are essential for all tests.\r\n2.	Having quite a few “Introductions” and “Conclusions”\r\n3.	Offering 6 techniques, together with several samples, to complete body paragraphs.\r\n4.	Having quite a few corrected samples such that test takers’ mistakes have been crossed out and the correct responses have been offered, helping those who may have the very mistakes.\r\n5.	Several points about common mistakes of Iranian test takers.\r\n6.	Contains punctuation lessons, which is of great help to those who want to take part in the aforementioned tests.\r\n7.	Having many Integrated samples and exercises which are great to improve students'' abilities for TOEFL. \r\n8.	Teaching how to write a plan for all the 5 model questions of the Independent Task.\r\n9.	Having a rich glossary for the difficult words used in the book, which helps test takers to understand the book better and prepares them to write great essays.\r\n10.	Offering many exercises on Paraphrasing, Synthesizing, and Note-taking skills.\r\n\r\nIt is worth mentioning that writing these samples has taken much time at the beginning. However, after much practice, these very test takers managed to write decent samples in the time given for such a task. In order to become successful, you should exactly do so. If you follow the instructions written at “To the Students,” you, too, similar to many of my students, will receive a high score in the test. For more information, please visit our website www.avayeshahir.com.\r\nWish you luck. Amir Khademolmelleh. \r\n'),
(2240, '{{class_category_file_links}}', 162, 'title', 'en', 'The glossary for the book TOEFL Writing Success 4th Edition by Amir Khadem'),
(2241, '{{class_category_file_links}}', 162, 'summary', 'en', 'Since the words used in the book TOEFL Writing Success 4th Edition are difficult but practical, it is strongly recommended that you use the glossary of the book for better understanding and correct usage of these words and phrases.'),
(2242, '{{class_category_file_links}}', 163, 'title', 'en', 'Pre-TOEFL Pamphlet Compiled by Amir Khadem'),
(2243, '{{class_category_file_links}}', 163, 'summary', 'en', 'This pamphlet and the other one "TOEFL Writing Pamphlet" have been taught by me, Amir Khadem, for almost 15 years in quite a few institutes and universities such as Sharif University of Technology, by the help of which many students have been able to successfully pass TOEFL, PhD TOEFL, IELTS, GRE, and GMAT. I hope you the next ones. Amir Khadem.'),
(2244, '{{class_category_file_links}}', 164, 'title', 'en', 'TOEFL Writing Pamphlet Compiled by Amir Khadem'),
(2245, '{{class_category_file_links}}', 164, 'summary', 'en', 'This pamphlet and the other one "Pre-TOEFL Pamphlet" have been taught by me, Amir Khadem, for almost 15 years in quite a few institutes and universities such as Sharif University of Technology, by the help of which many students have been able to successfully pass TOEFL, PhD TOEFL, IELTS, GRE, and GMAT. I hope you the next ones. Amir Khadem'),
(2246, '{{user_details}}', 177, 'name', 'en', ''),
(2247, '{{user_details}}', 177, 'family', 'en', ''),
(2248, '{{user_details}}', 178, 'name', 'en', ''),
(2249, '{{user_details}}', 178, 'family', 'en', ''),
(2250, '{{class_category_file_links}}', 165, 'title', 'en', 'The Most Recent Writing Topics Offered in TOEFL iBT'),
(2251, '{{class_category_file_links}}', 165, 'summary', 'en', ''),
(2252, '{{class_category_file_links}}', 166, 'title', 'en', 'The Most Recent Speaking Questions Offered in TOEFL'),
(2253, '{{class_category_file_links}}', 166, 'summary', 'en', ''),
(2254, '{{user_details}}', 179, 'name', 'en', ''),
(2255, '{{user_details}}', 179, 'family', 'en', ''),
(2256, '{{class_category_file_links}}', 167, 'title', 'en', 'The Most Beautiful Quotes of All Time'),
(2257, '{{class_category_file_links}}', 167, 'summary', 'en', 'Reading these quotes provides you with creative ideas and guarantees your success in almost all English proficiency exams.'),
(2258, '{{class_category_file_links}}', 168, 'title', 'en', 'English Proverbs with their Persian Equivalents'),
(2259, '{{class_category_file_links}}', 168, 'summary', 'en', 'Reading these proverbs provides you with creative ideas and guarantees your success in almost all English proficiency exams.'),
(2260, '{{class_category_file_links}}', 169, 'title', 'en', '29 Categories of Writing Topics'),
(2261, '{{class_category_file_links}}', 169, 'summary', 'en', ''),
(2262, '{{class_category_file_links}}', 170, 'title', 'en', 'Categorized Proverbs & Quotations'),
(2263, '{{class_category_file_links}}', 170, 'summary', 'en', 'Reading these proverbs is really enjoyable and improves your writing dramatically.'),
(2264, '{{class_category_file_links}}', 171, 'title', 'en', 'How to Install Babylon'),
(2265, '{{class_category_file_links}}', 171, 'summary', 'en', ''),
(2266, '{{class_category_file_links}}', 172, 'title', 'en', 'Babylon Setup File'),
(2267, '{{class_category_file_links}}', 172, 'summary', 'en', ''),
(2268, '{{class_category_file_links}}', 173, 'title', 'en', 'Babylon Crack File'),
(2269, '{{class_category_file_links}}', 173, 'summary', 'en', ''),
(2270, '{{class_category_file_links}}', 174, 'title', 'en', 'Answer Key for TOEFL Writing Pamphlet by Amir Khadem'),
(2271, '{{class_category_file_links}}', 174, 'summary', 'en', ''),
(2272, '{{class_category_file_links}}', 175, 'title', 'en', 'Listening Score from 0 to 30'),
(2273, '{{class_category_file_links}}', 175, 'summary', 'en', ''),
(2274, '{{class_category_file_links}}', 176, 'title', 'en', 'About the Listening Tracks Usually Repeated in TOEFL i BT Test'),
(2275, '{{class_category_file_links}}', 176, 'summary', 'en', ''),
(2276, '{{class_category_file_links}}', 177, 'title', 'en', 'A Student''s ID Card Complete لیسنینگ های  تکراری'),
(2277, '{{class_category_file_links}}', 177, 'summary', 'en', ''),
(2278, '{{class_category_file_links}}', 178, 'title', 'en', 'William Wordsworth Complete لیسنینگ تکراری'),
(2279, '{{class_category_file_links}}', 178, 'summary', 'en', ''),
(2280, '{{class_category_file_links}}', 179, 'title', 'en', 'Birds'' Migration Complete لیسنینگ تکراری'),
(2281, '{{class_category_file_links}}', 179, 'summary', 'en', ''),
(2282, '{{class_category_file_links}}', 180, 'title', 'en', 'Glial Cell Complete لیسنینگ تکراری'),
(2283, '{{class_category_file_links}}', 180, 'summary', 'en', ''),
(2284, '{{class_category_file_links}}', 181, 'title', 'en', 'Ragtime Music لیسنینگ تکراری'),
(2285, '{{class_category_file_links}}', 181, 'summary', 'en', ''),
(2286, '{{class_category_file_links}}', 182, 'title', 'en', 'Rafflesia لیسنینگ تکراری'),
(2287, '{{class_category_file_links}}', 182, 'summary', 'en', ''),
(2288, '{{user_details}}', 180, 'name', 'en', ''),
(2289, '{{user_details}}', 180, 'family', 'en', ''),
(2290, '{{class_category_file_links}}', 183, 'title', 'en', 'Vocabularies Often Used in Campus '),
(2291, '{{class_category_file_links}}', 183, 'summary', 'en', ''),
(2292, '{{class_category_file_links}}', 184, 'title', 'en', 'How Your Speaking Is Scored in iBT TOEFL'),
(2293, '{{class_category_file_links}}', 184, 'summary', 'en', ''),
(2294, '{{class_category_file_links}}', 185, 'title', 'en', 'Some Good Ideas for Speaking and Writing'),
(2295, '{{class_category_file_links}}', 185, 'summary', 'en', ''),
(2296, '{{class_category_file_links}}', 186, 'title', 'en', 'Some Good Ideas for Speaking and Writing'),
(2297, '{{class_category_file_links}}', 186, 'summary', 'en', ''),
(2298, '{{user_details}}', 181, 'name', 'en', ''),
(2299, '{{user_details}}', 181, 'family', 'en', ''),
(2300, '{{user_details}}', 182, 'name', 'en', ''),
(2301, '{{user_details}}', 182, 'family', 'en', ''),
(2302, '{{user_details}}', 183, 'name', 'en', ''),
(2303, '{{user_details}}', 183, 'family', 'en', ''),
(2304, '{{user_details}}', 184, 'name', 'en', ''),
(2305, '{{user_details}}', 184, 'family', 'en', ''),
(2306, '{{user_details}}', 185, 'name', 'en', ''),
(2307, '{{user_details}}', 185, 'family', 'en', ''),
(2308, '{{user_details}}', 186, 'name', 'en', ''),
(2309, '{{user_details}}', 186, 'family', 'en', ''),
(2310, '{{user_details}}', 187, 'name', 'en', ''),
(2311, '{{user_details}}', 187, 'family', 'en', ''),
(2312, '{{user_details}}', 188, 'name', 'en', ''),
(2313, '{{user_details}}', 188, 'family', 'en', ''),
(2314, '{{user_details}}', 189, 'name', 'en', ''),
(2315, '{{user_details}}', 189, 'family', 'en', ''),
(2316, '{{user_details}}', 190, 'name', 'en', ''),
(2317, '{{user_details}}', 190, 'family', 'en', ''),
(2318, '{{user_details}}', 191, 'name', 'en', ''),
(2319, '{{user_details}}', 191, 'family', 'en', ''),
(2320, '{{user_details}}', 192, 'name', 'en', ''),
(2321, '{{user_details}}', 192, 'family', 'en', ''),
(2322, '{{classes}}', 13, 'title', 'en', 'TOEFL iBT Writing: group 3'),
(2323, '{{classes}}', 13, 'summary', 'en', ''),
(2324, '{{user_details}}', 193, 'name', 'en', ''),
(2325, '{{user_details}}', 193, 'family', 'en', ''),
(2326, '{{user_details}}', 194, 'name', 'en', ''),
(2327, '{{user_details}}', 194, 'family', 'en', ''),
(2328, '{{user_details}}', 195, 'name', 'en', ''),
(2329, '{{user_details}}', 195, 'family', 'en', ''),
(2330, '{{user_details}}', 196, 'name', 'en', ''),
(2331, '{{user_details}}', 196, 'family', 'en', ''),
(2338, '{{user_details}}', 197, 'name', 'en', ''),
(2339, '{{user_details}}', 197, 'family', 'en', ''),
(2340, '{{user_details}}', 198, 'name', 'en', ''),
(2341, '{{user_details}}', 198, 'family', 'en', ''),
(2342, '{{user_details}}', 199, 'name', 'en', ''),
(2343, '{{user_details}}', 199, 'family', 'en', ''),
(2344, '{{user_details}}', 200, 'name', 'en', ''),
(2345, '{{user_details}}', 200, 'family', 'en', ''),
(2346, '{{user_details}}', 201, 'name', 'en', ''),
(2347, '{{user_details}}', 201, 'family', 'en', ''),
(2348, '{{class_category_file_links}}', 190, 'title', 'en', 'Master the GRE 2014 - Peterson'),
(2349, '{{class_category_file_links}}', 190, 'summary', 'en', ''),
(2358, '{{class_categories}}', 54, 'title', 'en', 'About GMAT Exam '),
(2359, '{{class_categories}}', 54, 'summary', 'en', ''),
(2360, '{{class_category_file_links}}', 195, 'title', 'en', 'The Official Guide fot GMAT Review 2015 - Wiley Publication'),
(2361, '{{class_category_file_links}}', 195, 'summary', 'en', ''),
(2362, '{{class_category_file_links}}', 196, 'title', 'en', 'Analytical Writing Sample Essays and Commentaries-Large Print (18 point) Edition'),
(2363, '{{class_category_file_links}}', 196, 'summary', 'en', ''),
(2376, '{{class_category_file_links}}', 203, 'title', 'en', 'Word Roots, Prefixes & Suffixes Flashcards'),
(2377, '{{class_category_file_links}}', 203, 'summary', 'en', ''),
(2378, '{{class_category_file_links}}', 204, 'title', 'en', 'English Language Roots, Prefixes & Suffixes'),
(2379, '{{class_category_file_links}}', 204, 'summary', 'en', ''),
(2380, '{{class_category_file_links}}', 205, 'title', 'en', 'Word Roots, Prefixes & Suffixes Flashcards'),
(2381, '{{class_category_file_links}}', 205, 'summary', 'en', ''),
(2382, '{{class_category_file_links}}', 206, 'title', 'en', 'English Language Roots, Prefixes & Suffixes'),
(2383, '{{class_category_file_links}}', 206, 'summary', 'en', ''),
(2384, '{{user_details}}', 202, 'name', 'en', ''),
(2385, '{{user_details}}', 202, 'family', 'en', ''),
(2386, '{{user_details}}', 203, 'name', 'en', ''),
(2387, '{{user_details}}', 203, 'family', 'en', ''),
(2388, '{{user_details}}', 204, 'name', 'en', ''),
(2389, '{{user_details}}', 204, 'family', 'en', ''),
(2390, '{{user_details}}', 205, 'name', 'en', ''),
(2391, '{{user_details}}', 205, 'family', 'en', ''),
(2392, '{{user_details}}', 206, 'name', 'en', ''),
(2393, '{{user_details}}', 206, 'family', 'en', ''),
(2394, '{{user_details}}', 207, 'name', 'en', ''),
(2395, '{{user_details}}', 207, 'family', 'en', ''),
(2396, '{{user_details}}', 208, 'name', 'en', ''),
(2397, '{{user_details}}', 208, 'family', 'en', ''),
(2398, '{{user_details}}', 209, 'name', 'en', ''),
(2399, '{{user_details}}', 209, 'family', 'en', ''),
(2400, '{{user_details}}', 210, 'name', 'en', ''),
(2401, '{{user_details}}', 210, 'family', 'en', ''),
(2402, '{{user_details}}', 211, 'name', 'en', ''),
(2403, '{{user_details}}', 211, 'family', 'en', ''),
(2404, '{{teacher_details}}', 212, 'name', 'en', 'Khashayar '),
(2405, '{{teacher_details}}', 212, 'family', 'en', 'Yazdanbakhsh '),
(2406, '{{teacher_details}}', 212, 'grade', 'en', 'M.Sc. in Materials Engineering'),
(2407, '{{teacher_details}}', 212, 'resume', 'en', ''),
(2408, '{{teacher_details}}', 212, 'address', 'en', ''),
(2409, '{{user_details}}', 213, 'name', 'en', ''),
(2410, '{{user_details}}', 213, 'family', 'en', ''),
(2411, '{{user_details}}', 214, 'name', 'en', ''),
(2412, '{{user_details}}', 214, 'family', 'en', ''),
(2413, '{{user_details}}', 215, 'name', 'en', ''),
(2414, '{{user_details}}', 215, 'family', 'en', ''),
(2415, '{{user_details}}', 216, 'name', 'en', ''),
(2416, '{{user_details}}', 216, 'family', 'en', ''),
(2417, '{{user_details}}', 217, 'name', 'en', ''),
(2418, '{{user_details}}', 217, 'family', 'en', ''),
(2419, '{{user_details}}', 218, 'name', 'en', ''),
(2420, '{{user_details}}', 218, 'family', 'en', ''),
(2421, '{{user_details}}', 219, 'name', 'en', ''),
(2422, '{{user_details}}', 219, 'family', 'en', ''),
(2423, '{{classes}}', 14, 'title', 'en', 'GRE Analytical Writing'),
(2424, '{{classes}}', 14, 'summary', 'en', ''),
(2425, '{{class_categories}}', 55, 'title', 'en', 'Vocabulary'),
(2426, '{{class_categories}}', 55, 'summary', 'en', ''),
(2427, '{{classes}}', 15, 'title', 'en', 'Premium GRE Verbal Reasoning & Analytical Writing'),
(2428, '{{classes}}', 15, 'summary', 'en', ''),
(2429, '{{user_details}}', 220, 'name', 'en', ''),
(2430, '{{user_details}}', 220, 'family', 'en', '');
INSERT INTO `ym_translations` (`id`, `table_name`, `model_id`, `attribute`, `lang`, `value`) VALUES
(2431, '{{class_category_file_links}}', 207, 'title', 'en', '15 Days Practice for IELTS Speaking (General & Academic)'),
(2432, '{{class_category_file_links}}', 207, 'summary', 'en', ''),
(2433, '{{class_category_file_links}}', 208, 'title', 'en', 'Audio Files for 15 Days'' Practice for IELTS Speaking'),
(2434, '{{class_category_file_links}}', 208, 'summary', 'en', ''),
(2435, '{{user_details}}', 221, 'name', 'en', ''),
(2436, '{{user_details}}', 221, 'family', 'en', ''),
(2437, '{{user_details}}', 222, 'name', 'en', ''),
(2438, '{{user_details}}', 222, 'family', 'en', ''),
(2439, '{{class_category_file_links}}', 209, 'title', 'en', 'Collins Writing for IELTS'),
(2440, '{{class_category_file_links}}', 209, 'summary', 'en', ''),
(2441, '{{class_category_file_links}}', 210, 'title', 'en', 'Check your Vocabulary for IELTS'),
(2442, '{{class_category_file_links}}', 210, 'summary', 'en', ''),
(2443, '{{class_category_file_links}}', 211, 'title', 'en', 'Barron''s Essential Words For IELTS'),
(2444, '{{class_category_file_links}}', 211, 'summary', 'en', ''),
(2445, '{{class_category_file_links}}', 212, 'title', 'en', 'The Official Cambridge Guide to IELTS'),
(2446, '{{class_category_file_links}}', 212, 'summary', 'en', ''),
(2447, '{{class_category_file_links}}', 213, 'title', 'en', 'Understanding and Using English Grammar  (Betty Azar)'),
(2448, '{{class_category_file_links}}', 213, 'summary', 'en', ''),
(2449, '{{class_category_file_links}}', 214, 'title', 'en', 'Good Reasons for Speaking Task 1 & 2'),
(2450, '{{class_category_file_links}}', 214, 'summary', 'en', 'This file can provide you with some good ideas for TOEFL Speaking Task 1 & 2.'),
(2451, '{{user_details}}', 223, 'name', 'en', ''),
(2452, '{{user_details}}', 223, 'family', 'en', ''),
(2453, '{{user_details}}', 224, 'name', 'en', ''),
(2454, '{{user_details}}', 224, 'family', 'en', ''),
(2455, '{{user_details}}', 225, 'name', 'en', ''),
(2456, '{{user_details}}', 225, 'family', 'en', ''),
(2457, '{{user_details}}', 226, 'name', 'en', ''),
(2458, '{{user_details}}', 226, 'family', 'en', ''),
(2459, '{{user_details}}', 227, 'name', 'en', ''),
(2460, '{{user_details}}', 227, 'family', 'en', ''),
(2461, '{{class_category_file_links}}', 215, 'title', 'en', 'A list of diseases with American and British Pronunciations, together with their Persian Translation '),
(2462, '{{class_category_file_links}}', 215, 'summary', 'en', ''),
(2463, '{{user_details}}', 228, 'name', 'en', ''),
(2464, '{{user_details}}', 228, 'family', 'en', ''),
(2465, '{{user_details}}', 229, 'name', 'en', ''),
(2466, '{{user_details}}', 229, 'family', 'en', ''),
(2467, '{{user_details}}', 230, 'name', 'en', ''),
(2468, '{{user_details}}', 230, 'family', 'en', ''),
(2469, '{{user_details}}', 231, 'name', 'en', ''),
(2470, '{{user_details}}', 231, 'family', 'en', ''),
(2471, '{{user_details}}', 232, 'name', 'en', ''),
(2472, '{{user_details}}', 232, 'family', 'en', ''),
(2473, '{{user_details}}', 233, 'name', 'en', ''),
(2474, '{{user_details}}', 233, 'family', 'en', ''),
(2475, '{{user_details}}', 234, 'name', 'en', ''),
(2476, '{{user_details}}', 234, 'family', 'en', ''),
(2477, '{{user_details}}', 235, 'name', 'en', ''),
(2478, '{{user_details}}', 235, 'family', 'en', ''),
(2479, '{{user_details}}', 236, 'name', 'en', ''),
(2480, '{{user_details}}', 236, 'family', 'en', ''),
(2483, '{{user_details}}', 237, 'name', 'en', ''),
(2484, '{{user_details}}', 237, 'family', 'en', ''),
(2485, '{{user_details}}', 238, 'name', 'en', ''),
(2486, '{{user_details}}', 238, 'family', 'en', ''),
(2487, '{{user_details}}', 239, 'name', 'en', ''),
(2488, '{{user_details}}', 239, 'family', 'en', ''),
(2489, '{{user_details}}', 240, 'name', 'en', ''),
(2490, '{{user_details}}', 240, 'family', 'en', ''),
(2491, '{{class_category_file_links}}', 216, 'title', 'en', 'A Film on iBT TOEFL Procedures and Preparation, Prepared by Amirkabir Students'),
(2492, '{{class_category_file_links}}', 216, 'summary', 'en', 'In this Film, which is prepared by Amirkabir students - Milad Mohammad Zadeh & Meysam Shahrbaf - some good information has been given about iBT TOEFL.'),
(2493, '{{user_details}}', 241, 'name', 'en', ''),
(2494, '{{user_details}}', 241, 'family', 'en', ''),
(2495, '{{user_details}}', 242, 'name', 'en', ''),
(2496, '{{user_details}}', 242, 'family', 'en', ''),
(2497, '{{user_details}}', 243, 'name', 'en', ''),
(2498, '{{user_details}}', 243, 'family', 'en', ''),
(2499, '{{user_details}}', 244, 'name', 'en', ''),
(2500, '{{user_details}}', 244, 'family', 'en', ''),
(2501, '{{user_details}}', 245, 'name', 'en', ''),
(2502, '{{user_details}}', 245, 'family', 'en', ''),
(2503, '{{user_details}}', 246, 'name', 'en', ''),
(2504, '{{user_details}}', 246, 'family', 'en', ''),
(2505, '{{user_details}}', 247, 'name', 'en', ''),
(2506, '{{user_details}}', 247, 'family', 'en', ''),
(2507, '{{user_details}}', 248, 'name', 'en', ''),
(2508, '{{user_details}}', 248, 'family', 'en', ''),
(2509, '{{user_details}}', 249, 'name', 'en', ''),
(2510, '{{user_details}}', 249, 'family', 'en', ''),
(2511, '{{user_details}}', 250, 'name', 'en', ''),
(2512, '{{user_details}}', 250, 'family', 'en', ''),
(2513, '{{user_details}}', 251, 'name', 'en', ''),
(2514, '{{user_details}}', 251, 'family', 'en', ''),
(2515, '{{user_details}}', 252, 'name', 'en', ''),
(2516, '{{user_details}}', 252, 'family', 'en', ''),
(2517, '{{user_details}}', 253, 'name', 'en', ''),
(2518, '{{user_details}}', 253, 'family', 'en', ''),
(2519, '{{user_details}}', 254, 'name', 'en', ''),
(2520, '{{user_details}}', 254, 'family', 'en', ''),
(2521, '{{user_details}}', 255, 'name', 'en', ''),
(2522, '{{user_details}}', 255, 'family', 'en', ''),
(2523, '{{user_details}}', 256, 'name', 'en', ''),
(2524, '{{user_details}}', 256, 'family', 'en', ''),
(2525, '{{user_details}}', 257, 'name', 'en', ''),
(2526, '{{user_details}}', 257, 'family', 'en', ''),
(2527, '{{user_details}}', 258, 'name', 'en', ''),
(2528, '{{user_details}}', 258, 'family', 'en', ''),
(2529, '{{user_details}}', 259, 'name', 'en', ''),
(2530, '{{user_details}}', 259, 'family', 'en', ''),
(2531, '{{user_details}}', 260, 'name', 'en', ''),
(2532, '{{user_details}}', 260, 'family', 'en', ''),
(2533, '{{user_details}}', 261, 'name', 'en', ''),
(2534, '{{user_details}}', 261, 'family', 'en', ''),
(2535, '{{user_details}}', 262, 'name', 'en', ''),
(2536, '{{user_details}}', 262, 'family', 'en', ''),
(2537, '{{user_details}}', 263, 'name', 'en', ''),
(2538, '{{user_details}}', 263, 'family', 'en', ''),
(2539, '{{class_category_file_links}}', 217, 'title', 'en', 'IELTS Speaking Course: Session 1, Part 1 (Izadifar)'),
(2540, '{{class_category_file_links}}', 217, 'summary', 'en', 'These video files, which are prepared by University of Queensland‎, are offered in Avaye Shahir Site for those IELTS test takers who cannot attend IELTS classes. Izadifar '),
(2541, '{{class_category_file_links}}', 218, 'title', 'en', 'IELTS Speaking Course: Session 1, Part 2 (Izadifar)'),
(2542, '{{class_category_file_links}}', 218, 'summary', 'en', ''),
(2543, '{{class_category_file_links}}', 219, 'title', 'en', 'IELTS Speaking Course: Session 2, Part 1 (Izadifar)'),
(2544, '{{class_category_file_links}}', 219, 'summary', 'en', ''),
(2545, '{{class_category_file_links}}', 220, 'title', 'en', 'IELTS Speaking Course: Session 2, Part 2 (Izadifar)'),
(2546, '{{class_category_file_links}}', 220, 'summary', 'en', ''),
(2547, '{{class_category_file_links}}', 221, 'title', 'en', 'IELTS Speaking Course: Session 2, Part 3 (Izadifar)'),
(2548, '{{class_category_file_links}}', 221, 'summary', 'en', ''),
(2549, '{{class_category_file_links}}', 222, 'title', 'en', 'IELTS Speaking Course: Session 2, Part 4 (Izadifar)'),
(2550, '{{class_category_file_links}}', 222, 'summary', 'en', ''),
(2551, '{{class_category_file_links}}', 223, 'title', 'en', 'IELTS Speaking Course: Session 2, Part 5 (Izadifar)'),
(2552, '{{class_category_file_links}}', 223, 'summary', 'en', ''),
(2553, '{{class_category_file_links}}', 224, 'title', 'en', 'IELTS Speaking Course: Session 2, Part 6 (Izadifar)'),
(2554, '{{class_category_file_links}}', 224, 'summary', 'en', ''),
(2555, '{{class_category_file_links}}', 225, 'title', 'en', 'IELTS Speaking Course: Session 2, Part 7 (Izadifar)'),
(2556, '{{class_category_file_links}}', 225, 'summary', 'en', ''),
(2557, '{{class_category_file_links}}', 226, 'title', 'en', 'IELTS Speaking Course: Session 2, Part 8 (Izadifar)'),
(2558, '{{class_category_file_links}}', 226, 'summary', 'en', ''),
(2559, '{{class_category_file_links}}', 227, 'title', 'en', 'IELTS Speaking Course: Session 2, Part 9 (Izadifar)'),
(2560, '{{class_category_file_links}}', 227, 'summary', 'en', ''),
(2561, '{{class_category_file_links}}', 228, 'title', 'en', 'IELTS Speaking Course: Session 3, Part 1 (Izadifar)'),
(2562, '{{class_category_file_links}}', 228, 'summary', 'en', ''),
(2563, '{{class_category_file_links}}', 229, 'title', 'en', 'IELTS Speaking Course: Session 3, Part 2 (Izadifar)'),
(2564, '{{class_category_file_links}}', 229, 'summary', 'en', ''),
(2565, '{{class_category_file_links}}', 230, 'title', 'en', 'IELTS Speaking Course: Session 3, Part 3 (Izadifar)'),
(2566, '{{class_category_file_links}}', 230, 'summary', 'en', ''),
(2567, '{{class_category_file_links}}', 231, 'title', 'en', 'IELTS Speaking Course: Session 3, Part 4 (Izadifar)'),
(2568, '{{class_category_file_links}}', 231, 'summary', 'en', ''),
(2569, '{{class_category_file_links}}', 232, 'title', 'en', 'IELTS Speaking Course: Session 3, Part 5 (Izadifar)'),
(2570, '{{class_category_file_links}}', 232, 'summary', 'en', ''),
(2571, '{{class_category_file_links}}', 233, 'title', 'en', 'IELTS Speaking Course: Session 4, Part 1 (Izadifar)'),
(2572, '{{class_category_file_links}}', 233, 'summary', 'en', ''),
(2573, '{{class_category_file_links}}', 234, 'title', 'en', ''),
(2574, '{{class_category_file_links}}', 234, 'summary', 'en', ''),
(2575, '{{class_category_file_links}}', 235, 'title', 'en', 'IELTS Speaking Course: Session 4, Part 3 (Izadifar)'),
(2576, '{{class_category_file_links}}', 235, 'summary', 'en', ''),
(2577, '{{class_category_file_links}}', 236, 'title', 'en', 'IELTS Speaking Course: Session 4, Part 4 (Izadifar)'),
(2578, '{{class_category_file_links}}', 236, 'summary', 'en', ''),
(2579, '{{class_category_file_links}}', 237, 'title', 'en', 'IELTS Speaking Course: Session 4, Part 5 (Izadifar)'),
(2580, '{{class_category_file_links}}', 237, 'summary', 'en', ''),
(2581, '{{class_category_file_links}}', 238, 'title', 'en', 'IELTS Speaking Course: Session 5 (Izadifar)'),
(2582, '{{class_category_file_links}}', 238, 'summary', 'en', ''),
(2583, '{{user_details}}', 264, 'name', 'en', ''),
(2584, '{{user_details}}', 264, 'family', 'en', ''),
(2585, '{{user_details}}', 265, 'name', 'en', ''),
(2586, '{{user_details}}', 265, 'family', 'en', ''),
(2587, '{{user_details}}', 266, 'name', 'en', ''),
(2588, '{{user_details}}', 266, 'family', 'en', ''),
(2589, '{{user_details}}', 267, 'name', 'en', ''),
(2590, '{{user_details}}', 267, 'family', 'en', ''),
(2591, '{{user_details}}', 268, 'name', 'en', ''),
(2592, '{{user_details}}', 268, 'family', 'en', ''),
(2593, '{{user_details}}', 269, 'name', 'en', ''),
(2594, '{{user_details}}', 269, 'family', 'en', ''),
(2595, '{{user_details}}', 270, 'name', 'en', ''),
(2596, '{{user_details}}', 270, 'family', 'en', ''),
(2597, '{{user_details}}', 271, 'name', 'en', ''),
(2598, '{{user_details}}', 271, 'family', 'en', ''),
(2599, '{{user_details}}', 272, 'name', 'en', ''),
(2600, '{{user_details}}', 272, 'family', 'en', ''),
(2601, '{{user_details}}', 273, 'name', 'en', ''),
(2602, '{{user_details}}', 273, 'family', 'en', ''),
(2603, '{{user_details}}', 274, 'name', 'en', ''),
(2604, '{{user_details}}', 274, 'family', 'en', ''),
(2605, '{{user_details}}', 275, 'name', 'en', ''),
(2606, '{{user_details}}', 275, 'family', 'en', ''),
(2607, '{{user_details}}', 276, 'name', 'en', ''),
(2608, '{{user_details}}', 276, 'family', 'en', ''),
(2609, '{{user_details}}', 277, 'name', 'en', ''),
(2610, '{{user_details}}', 277, 'family', 'en', ''),
(2611, '{{user_details}}', 278, 'name', 'en', ''),
(2612, '{{user_details}}', 278, 'family', 'en', ''),
(2613, '{{user_details}}', 279, 'name', 'en', ''),
(2614, '{{user_details}}', 279, 'family', 'en', ''),
(2615, '{{user_details}}', 280, 'name', 'en', ''),
(2616, '{{user_details}}', 280, 'family', 'en', ''),
(2617, '{{user_details}}', 281, 'name', 'en', ''),
(2618, '{{user_details}}', 281, 'family', 'en', ''),
(2619, '{{user_details}}', 282, 'name', 'en', ''),
(2620, '{{user_details}}', 282, 'family', 'en', ''),
(2621, '{{user_details}}', 283, 'name', 'en', ''),
(2622, '{{user_details}}', 283, 'family', 'en', ''),
(2623, '{{user_details}}', 284, 'name', 'en', ''),
(2624, '{{user_details}}', 284, 'family', 'en', ''),
(2625, '{{user_details}}', 285, 'name', 'en', ''),
(2626, '{{user_details}}', 285, 'family', 'en', ''),
(2627, '{{user_details}}', 286, 'name', 'en', ''),
(2628, '{{user_details}}', 286, 'family', 'en', ''),
(2629, '{{user_details}}', 287, 'name', 'en', ''),
(2630, '{{user_details}}', 287, 'family', 'en', ''),
(2631, '{{user_details}}', 288, 'name', 'en', ''),
(2632, '{{user_details}}', 288, 'family', 'en', ''),
(2633, '{{user_details}}', 289, 'name', 'en', ''),
(2634, '{{user_details}}', 289, 'family', 'en', ''),
(2635, '{{user_details}}', 290, 'name', 'en', ''),
(2636, '{{user_details}}', 290, 'family', 'en', ''),
(2637, '{{user_details}}', 291, 'name', 'en', ''),
(2638, '{{user_details}}', 291, 'family', 'en', ''),
(2639, '{{user_details}}', 292, 'name', 'en', ''),
(2640, '{{user_details}}', 292, 'family', 'en', ''),
(2641, '{{user_details}}', 293, 'name', 'en', ''),
(2642, '{{user_details}}', 293, 'family', 'en', ''),
(2643, '{{user_details}}', 294, 'name', 'en', ''),
(2644, '{{user_details}}', 294, 'family', 'en', ''),
(2645, '{{user_details}}', 295, 'name', 'en', ''),
(2646, '{{user_details}}', 295, 'family', 'en', ''),
(2647, '{{user_details}}', 296, 'name', 'en', ''),
(2648, '{{user_details}}', 296, 'family', 'en', ''),
(2649, '{{user_details}}', 297, 'name', 'en', ''),
(2650, '{{user_details}}', 297, 'family', 'en', ''),
(2651, '{{user_details}}', 298, 'name', 'en', ''),
(2652, '{{user_details}}', 298, 'family', 'en', ''),
(2653, '{{user_details}}', 299, 'name', 'en', ''),
(2654, '{{user_details}}', 299, 'family', 'en', ''),
(2655, '{{user_details}}', 300, 'name', 'en', ''),
(2656, '{{user_details}}', 300, 'family', 'en', ''),
(2657, '{{user_details}}', 301, 'name', 'en', ''),
(2658, '{{user_details}}', 301, 'family', 'en', ''),
(2659, '{{user_details}}', 302, 'name', 'en', ''),
(2660, '{{user_details}}', 302, 'family', 'en', ''),
(2661, '{{user_details}}', 303, 'name', 'en', ''),
(2662, '{{user_details}}', 303, 'family', 'en', ''),
(2663, '{{user_details}}', 304, 'name', 'en', ''),
(2664, '{{user_details}}', 304, 'family', 'en', ''),
(2665, '{{user_details}}', 305, 'name', 'en', ''),
(2666, '{{user_details}}', 305, 'family', 'en', ''),
(2667, '{{user_details}}', 306, 'name', 'en', ''),
(2668, '{{user_details}}', 306, 'family', 'en', ''),
(2669, '{{user_details}}', 307, 'name', 'en', ''),
(2670, '{{user_details}}', 307, 'family', 'en', ''),
(2671, '{{classes}}', 16, 'title', 'en', 'TOEFL iBT Reading: group 1'),
(2672, '{{classes}}', 16, 'summary', 'en', ''),
(2673, '{{classes}}', 17, 'title', 'en', 'TOEFL iBT Listening: group 1'),
(2674, '{{classes}}', 17, 'summary', 'en', ''),
(2675, '{{user_details}}', 308, 'name', 'en', ''),
(2676, '{{user_details}}', 308, 'family', 'en', ''),
(2677, '{{user_details}}', 309, 'name', 'en', ''),
(2678, '{{user_details}}', 309, 'family', 'en', ''),
(2679, '{{user_details}}', 310, 'name', 'en', ''),
(2680, '{{user_details}}', 310, 'family', 'en', ''),
(2681, '{{user_details}}', 311, 'name', 'en', ''),
(2682, '{{user_details}}', 311, 'family', 'en', ''),
(2683, '{{classes}}', 18, 'title', 'en', 'Pre-intermediate Course for TOEFL, IELTS, GRE, etc'),
(2684, '{{classes}}', 18, 'summary', 'en', ''),
(2685, '{{user_details}}', 312, 'name', 'en', ''),
(2686, '{{user_details}}', 312, 'family', 'en', ''),
(2687, '{{user_details}}', 313, 'name', 'en', ''),
(2688, '{{user_details}}', 313, 'family', 'en', ''),
(2689, '{{user_details}}', 314, 'name', 'en', ''),
(2690, '{{user_details}}', 314, 'family', 'en', ''),
(2691, '{{user_details}}', 315, 'name', 'en', ''),
(2692, '{{user_details}}', 315, 'family', 'en', ''),
(2693, '{{user_details}}', 316, 'name', 'en', ''),
(2694, '{{user_details}}', 316, 'family', 'en', ''),
(2695, '{{user_details}}', 317, 'name', 'en', ''),
(2696, '{{user_details}}', 317, 'family', 'en', ''),
(2697, '{{class_categories}}', 56, 'title', 'en', 'Academic & General IELTS'),
(2698, '{{class_categories}}', 56, 'summary', 'en', ''),
(2699, '{{classes}}', 19, 'title', 'en', 'A Free Workshop on Academic & General IELTS'),
(2700, '{{classes}}', 19, 'summary', 'en', ''),
(2701, '{{classes}}', 20, 'title', 'en', 'Premium GRE Quantitative Reasoning'),
(2702, '{{classes}}', 20, 'summary', 'en', ''),
(2703, '{{user_details}}', 318, 'name', 'en', ''),
(2704, '{{user_details}}', 318, 'family', 'en', ''),
(2705, '{{user_details}}', 319, 'name', 'en', ''),
(2706, '{{user_details}}', 319, 'family', 'en', ''),
(2707, '{{class_categories}}', 57, 'title', 'en', 'Quantitative Reasoning'),
(2708, '{{class_categories}}', 57, 'summary', 'en', ''),
(2709, '{{classes}}', 20, 'title', 'en', 'Premium GRE Quantitative Reasoning'),
(2710, '{{classes}}', 20, 'summary', 'en', ''),
(2711, '{{user_details}}', 320, 'name', 'en', ''),
(2712, '{{user_details}}', 320, 'family', 'en', ''),
(2713, '{{user_details}}', 321, 'name', 'en', ''),
(2714, '{{user_details}}', 321, 'family', 'en', ''),
(2715, '{{user_details}}', 322, 'name', 'en', ''),
(2716, '{{user_details}}', 322, 'family', 'en', ''),
(2717, '{{user_details}}', 323, 'name', 'en', ''),
(2718, '{{user_details}}', 323, 'family', 'en', ''),
(2719, '{{user_details}}', 324, 'name', 'en', ''),
(2720, '{{user_details}}', 324, 'family', 'en', ''),
(2721, '{{user_details}}', 325, 'name', 'en', ''),
(2722, '{{user_details}}', 325, 'family', 'en', ''),
(2723, '{{user_details}}', 326, 'name', 'en', ''),
(2724, '{{user_details}}', 326, 'family', 'en', ''),
(2725, '{{user_details}}', 327, 'name', 'en', ''),
(2726, '{{user_details}}', 327, 'family', 'en', ''),
(2727, '{{class_category_file_links}}', 239, 'title', 'en', 'IELTS Listening Course, Session 1, Part 1, Avaye Shahir Institute (Izadifar)'),
(2728, '{{class_category_file_links}}', 239, 'summary', 'en', 'These video files, which are prepared by University of Queensland‎, are offered in Avaye Shahir Site for those IELTS test takers who cannot attend IELTS classes. Izadifar '),
(2729, '{{class_category_file_links}}', 240, 'title', 'en', 'IELTS Listening Course, Session 1, Part 2, Avaye Shahir Institute (Izadifar)'),
(2730, '{{class_category_file_links}}', 240, 'summary', 'en', ''),
(2731, '{{class_category_file_links}}', 241, 'title', 'en', 'IELTS Listening Course, Session 1, Part 3, Avaye Shahir Institute (Izadifar)'),
(2732, '{{class_category_file_links}}', 241, 'summary', 'en', ''),
(2733, '{{class_category_file_links}}', 242, 'title', 'en', 'IELTS Listening Course, Session 2, Part 1, Avaye Shahir Institute (Izadifar)'),
(2734, '{{class_category_file_links}}', 242, 'summary', 'en', ''),
(2735, '{{class_category_file_links}}', 243, 'title', 'en', 'IELTS Listening Course, Session 2, Part 2, Avaye Shahir Institute (Izadifar)'),
(2736, '{{class_category_file_links}}', 243, 'summary', 'en', ''),
(2737, '{{class_category_file_links}}', 244, 'title', 'en', 'IELTS Listening Course, Session 2, Part 3, Avaye Shahir Institute (Izadifar)'),
(2738, '{{class_category_file_links}}', 244, 'summary', 'en', ''),
(2739, '{{class_category_file_links}}', 245, 'title', 'en', 'IELTS Listening Course, Session 2, Part 4, Avaye Shahir Institute (Izadifar)'),
(2740, '{{class_category_file_links}}', 245, 'summary', 'en', ''),
(2741, '{{class_category_file_links}}', 246, 'title', 'en', 'IELTS Listening Course, Session 2, Part 5, Avaye Shahir Institute (Izadifar)'),
(2742, '{{class_category_file_links}}', 246, 'summary', 'en', ''),
(2743, '{{class_category_file_links}}', 247, 'title', 'en', 'IELTS Listening Course, Session 2, Part 6, Avaye Shahir Institute (Izadifar)'),
(2744, '{{class_category_file_links}}', 247, 'summary', 'en', ''),
(2745, '{{class_category_file_links}}', 248, 'title', 'en', 'IELTS Listening Course, Session 2, Part 7, Avaye Shahir Institute (Izadifar)'),
(2746, '{{class_category_file_links}}', 248, 'summary', 'en', ''),
(2747, '{{class_category_file_links}}', 249, 'title', 'en', 'IELTS Listening Course, Session 3, Part 1, Avaye Shahir Institute (Izadifar)'),
(2748, '{{class_category_file_links}}', 249, 'summary', 'en', ''),
(2749, '{{class_category_file_links}}', 250, 'title', 'en', 'IELTS Listening Course, Session 3, Part 2, Avaye Shahir Institute (Izadifar)'),
(2750, '{{class_category_file_links}}', 250, 'summary', 'en', ''),
(2751, '{{class_category_file_links}}', 251, 'title', 'en', 'IELTS Listening Course, Session 3, Part 3, Avaye Shahir Institute (Izadifar)'),
(2752, '{{class_category_file_links}}', 251, 'summary', 'en', ''),
(2753, '{{class_category_file_links}}', 252, 'title', 'en', 'IELTS Listening Course, Session 3, Part 4, Avaye Shahir Institute (Izadifar)'),
(2754, '{{class_category_file_links}}', 252, 'summary', 'en', ''),
(2755, '{{class_category_file_links}}', 253, 'title', 'en', 'IELTS Listening Course, Session 4, Part 1, Avaye Shahir Institute (Izadifar)'),
(2756, '{{class_category_file_links}}', 253, 'summary', 'en', ''),
(2757, '{{class_category_file_links}}', 254, 'title', 'en', 'IELTS Listening Course, Session 4, Part 2, Avaye Shahir Institute (Izadifar)'),
(2758, '{{class_category_file_links}}', 254, 'summary', 'en', ''),
(2759, '{{class_category_file_links}}', 255, 'title', 'en', 'IELTS Listening Course, Session 4, Part 3, Avaye Shahir Institute (Izadifar)'),
(2760, '{{class_category_file_links}}', 255, 'summary', 'en', ''),
(2761, '{{class_category_file_links}}', 256, 'title', 'en', 'IELTS Listening Course, Session 4, Part 4, Avaye Shahir Institute (Izadifar)'),
(2762, '{{class_category_file_links}}', 256, 'summary', 'en', ''),
(2763, '{{class_category_file_links}}', 257, 'title', 'en', 'IELTS Listening Course, Session 5, Part 1, Avaye Shahir Institute (Izadifar)'),
(2764, '{{class_category_file_links}}', 257, 'summary', 'en', ''),
(2765, '{{class_category_file_links}}', 258, 'title', 'en', 'IELTS Listening Course, Session 5, Part 2, Avaye Shahir Institute (Izadifar)'),
(2766, '{{class_category_file_links}}', 258, 'summary', 'en', ''),
(2767, '{{class_category_file_links}}', 259, 'title', 'en', 'IELTS Listening Course, Session 5, Part 3, Avaye Shahir Institute (Izadifar)'),
(2768, '{{class_category_file_links}}', 259, 'summary', 'en', ''),
(2769, '{{class_category_file_links}}', 260, 'title', 'en', 'IELTS Listening Course, Session 6, Part 1, Avaye Shahir Institute (Izadifar)'),
(2770, '{{class_category_file_links}}', 260, 'summary', 'en', ''),
(2771, '{{class_category_file_links}}', 261, 'title', 'en', 'IELTS Listening Course, Session 6, Part 2, Avaye Shahir Institute (Izadifar)'),
(2772, '{{class_category_file_links}}', 261, 'summary', 'en', ''),
(2773, '{{class_category_file_links}}', 262, 'title', 'en', 'IELTS Listening Course, Session 6, Part 3, Avaye Shahir Institute (Izadifar)'),
(2774, '{{class_category_file_links}}', 262, 'summary', 'en', ''),
(2775, '{{class_category_file_links}}', 263, 'title', 'en', 'IELTS Listening Course, A Wrap-up, Avaye Shahir Institute (Izadifar)'),
(2776, '{{class_category_file_links}}', 263, 'summary', 'en', ''),
(2777, '{{user_details}}', 328, 'name', 'en', ''),
(2778, '{{user_details}}', 328, 'family', 'en', ''),
(2779, '{{user_details}}', 329, 'name', 'en', ''),
(2780, '{{user_details}}', 329, 'family', 'en', ''),
(2781, '{{user_details}}', 330, 'name', 'en', ''),
(2782, '{{user_details}}', 330, 'family', 'en', ''),
(2783, '{{user_details}}', 331, 'name', 'en', ''),
(2784, '{{user_details}}', 331, 'family', 'en', ''),
(2785, '{{user_details}}', 332, 'name', 'en', ''),
(2786, '{{user_details}}', 332, 'family', 'en', ''),
(2787, '{{user_details}}', 333, 'name', 'en', ''),
(2788, '{{user_details}}', 333, 'family', 'en', ''),
(2789, '{{user_details}}', 334, 'name', 'en', ''),
(2790, '{{user_details}}', 334, 'family', 'en', ''),
(2791, '{{user_details}}', 335, 'name', 'en', ''),
(2792, '{{user_details}}', 335, 'family', 'en', ''),
(2793, '{{user_details}}', 336, 'name', 'en', ''),
(2794, '{{user_details}}', 336, 'family', 'en', ''),
(2795, '{{user_details}}', 337, 'name', 'en', ''),
(2796, '{{user_details}}', 337, 'family', 'en', ''),
(2797, '{{user_details}}', 338, 'name', 'en', ''),
(2798, '{{user_details}}', 338, 'family', 'en', ''),
(2799, '{{user_details}}', 339, 'name', 'en', ''),
(2800, '{{user_details}}', 339, 'family', 'en', ''),
(2801, '{{user_details}}', 340, 'name', 'en', ''),
(2802, '{{user_details}}', 340, 'family', 'en', ''),
(2803, '{{user_details}}', 341, 'name', 'en', ''),
(2804, '{{user_details}}', 341, 'family', 'en', ''),
(2805, '{{user_details}}', 342, 'name', 'en', ''),
(2806, '{{user_details}}', 342, 'family', 'en', ''),
(2807, '{{user_details}}', 343, 'name', 'en', ''),
(2808, '{{user_details}}', 343, 'family', 'en', ''),
(2809, '{{user_details}}', 344, 'name', 'en', ''),
(2810, '{{user_details}}', 344, 'family', 'en', ''),
(2811, '{{user_details}}', 345, 'name', 'en', ''),
(2812, '{{user_details}}', 345, 'family', 'en', ''),
(2813, '{{user_details}}', 346, 'name', 'en', ''),
(2814, '{{user_details}}', 346, 'family', 'en', ''),
(2815, '{{user_details}}', 347, 'name', 'en', ''),
(2816, '{{user_details}}', 347, 'family', 'en', ''),
(2817, '{{user_details}}', 348, 'name', 'en', ''),
(2818, '{{user_details}}', 348, 'family', 'en', ''),
(2819, '{{user_details}}', 349, 'name', 'en', ''),
(2820, '{{user_details}}', 349, 'family', 'en', ''),
(2821, '{{user_details}}', 350, 'name', 'en', ''),
(2822, '{{user_details}}', 350, 'family', 'en', ''),
(2823, '{{user_details}}', 351, 'name', 'en', ''),
(2824, '{{user_details}}', 351, 'family', 'en', ''),
(2825, '{{user_details}}', 352, 'name', 'en', ''),
(2826, '{{user_details}}', 352, 'family', 'en', ''),
(2827, '{{user_details}}', 353, 'name', 'en', ''),
(2828, '{{user_details}}', 353, 'family', 'en', ''),
(2829, '{{user_details}}', 354, 'name', 'en', ''),
(2830, '{{user_details}}', 354, 'family', 'en', ''),
(2831, '{{gallery}}', 7, 'title', 'en', 'This Picture was taken on the last day of the TOEFL iBT speaking class, together with some of the greatest students of Avaye Shahir Institute '),
(2832, '{{gallery}}', 7, 'desc', 'en', ''),
(2833, '{{user_details}}', 355, 'name', 'en', ''),
(2834, '{{user_details}}', 355, 'family', 'en', ''),
(2835, '{{gallery}}', 8, 'title', 'en', 'Vahid Izadifar'),
(2836, '{{gallery}}', 8, 'desc', 'en', 'Mr. Izadifar is one of the distinguished IELTS instructors in Pardis-e Avaye Shahir Institute. His IELTS classes and IELTS Workshops held in Pardis-e Avaye Shahir Institute have recently received considerable attention from quite a few IELTS test takers.'),
(2837, '{{gallery}}', 9, 'title', 'en', 'Amir Khademolmelleh'),
(2838, '{{gallery}}', 9, 'desc', 'en', 'Amir Khademolmelleh is the manager of Pardis-e Avaye Shahir and is a professional, distinguished instructor of such exams as TOEFL iBT, PhD TOEFL (EPT/MHLE/MCHEMSRT), IELTS, GMAT, GRE, Translation, and Interpretation, as well as the Editor of ISI Journals. '),
(2839, '{{user_details}}', 356, 'name', 'en', ''),
(2840, '{{user_details}}', 356, 'family', 'en', ''),
(2841, '{{user_details}}', 357, 'name', 'en', ''),
(2842, '{{user_details}}', 357, 'family', 'en', ''),
(2843, '{{user_details}}', 358, 'name', 'en', ''),
(2844, '{{user_details}}', 358, 'family', 'en', ''),
(2845, '{{user_details}}', 359, 'name', 'en', ''),
(2846, '{{user_details}}', 359, 'family', 'en', ''),
(2847, '{{user_details}}', 360, 'name', 'en', ''),
(2848, '{{user_details}}', 360, 'family', 'en', ''),
(2849, '{{user_details}}', 361, 'name', 'en', ''),
(2850, '{{user_details}}', 361, 'family', 'en', ''),
(2851, '{{user_details}}', 362, 'name', 'en', ''),
(2852, '{{user_details}}', 362, 'family', 'en', ''),
(2853, '{{user_details}}', 363, 'name', 'en', ''),
(2854, '{{user_details}}', 363, 'family', 'en', ''),
(2855, '{{user_details}}', 364, 'name', 'en', ''),
(2856, '{{user_details}}', 364, 'family', 'en', ''),
(2857, '{{user_details}}', 365, 'name', 'en', ''),
(2858, '{{user_details}}', 365, 'family', 'en', ''),
(2859, '{{user_details}}', 366, 'name', 'en', ''),
(2860, '{{user_details}}', 366, 'family', 'en', ''),
(2861, '{{user_details}}', 367, 'name', 'en', ''),
(2862, '{{user_details}}', 367, 'family', 'en', ''),
(2863, '{{user_details}}', 368, 'name', 'en', ''),
(2864, '{{user_details}}', 368, 'family', 'en', ''),
(2865, '{{user_details}}', 369, 'name', 'en', ''),
(2866, '{{user_details}}', 369, 'family', 'en', ''),
(2867, '{{user_details}}', 370, 'name', 'en', ''),
(2868, '{{user_details}}', 370, 'family', 'en', ''),
(2869, '{{user_details}}', 371, 'name', 'en', ''),
(2870, '{{user_details}}', 371, 'family', 'en', ''),
(2871, '{{class_category_file_links}}', 264, 'title', 'en', '(Pardis Avaye Shahir) GRE—Analytical Writing Syllabus'),
(2872, '{{class_category_file_links}}', 264, 'summary', 'en', ''),
(2873, '{{user_details}}', 372, 'name', 'en', ''),
(2874, '{{user_details}}', 372, 'family', 'en', ''),
(2875, '{{user_details}}', 373, 'name', 'en', ''),
(2876, '{{user_details}}', 373, 'family', 'en', ''),
(2877, '{{user_details}}', 374, 'name', 'en', ''),
(2878, '{{user_details}}', 374, 'family', 'en', ''),
(2879, '{{user_details}}', 375, 'name', 'en', ''),
(2880, '{{user_details}}', 375, 'family', 'en', ''),
(2881, '{{user_details}}', 376, 'name', 'en', ''),
(2882, '{{user_details}}', 376, 'family', 'en', ''),
(2883, '{{user_details}}', 377, 'name', 'en', ''),
(2884, '{{user_details}}', 377, 'family', 'en', ''),
(2885, '{{user_details}}', 378, 'name', 'en', ''),
(2886, '{{user_details}}', 378, 'family', 'en', ''),
(2887, '{{user_details}}', 379, 'name', 'en', ''),
(2888, '{{user_details}}', 379, 'family', 'en', ''),
(2889, '{{user_details}}', 380, 'name', 'en', ''),
(2890, '{{user_details}}', 380, 'family', 'en', ''),
(2891, '{{user_details}}', 381, 'name', 'en', ''),
(2892, '{{user_details}}', 381, 'family', 'en', ''),
(2893, '{{user_details}}', 382, 'name', 'en', ''),
(2894, '{{user_details}}', 382, 'family', 'en', ''),
(2895, '{{user_details}}', 383, 'name', 'en', ''),
(2896, '{{user_details}}', 383, 'family', 'en', ''),
(2897, '{{user_details}}', 384, 'name', 'en', ''),
(2898, '{{user_details}}', 384, 'family', 'en', ''),
(2899, '{{user_details}}', 385, 'name', 'en', ''),
(2900, '{{user_details}}', 385, 'family', 'en', ''),
(2901, '{{user_details}}', 386, 'name', 'en', ''),
(2902, '{{user_details}}', 386, 'family', 'en', ''),
(2903, '{{user_details}}', 387, 'name', 'en', ''),
(2904, '{{user_details}}', 387, 'family', 'en', ''),
(2905, '{{user_details}}', 388, 'name', 'en', ''),
(2906, '{{user_details}}', 388, 'family', 'en', ''),
(2907, '{{user_details}}', 389, 'name', 'en', ''),
(2908, '{{user_details}}', 389, 'family', 'en', ''),
(2909, '{{user_details}}', 390, 'name', 'en', ''),
(2910, '{{user_details}}', 390, 'family', 'en', ''),
(2911, '{{user_details}}', 391, 'name', 'en', ''),
(2912, '{{user_details}}', 391, 'family', 'en', ''),
(2913, '{{user_details}}', 392, 'name', 'en', ''),
(2914, '{{user_details}}', 392, 'family', 'en', ''),
(2915, '{{user_details}}', 393, 'name', 'en', ''),
(2916, '{{user_details}}', 393, 'family', 'en', ''),
(2917, '{{user_details}}', 394, 'name', 'en', ''),
(2918, '{{user_details}}', 394, 'family', 'en', ''),
(2919, '{{user_details}}', 395, 'name', 'en', ''),
(2920, '{{user_details}}', 395, 'family', 'en', ''),
(2921, '{{user_details}}', 396, 'name', 'en', ''),
(2922, '{{user_details}}', 396, 'family', 'en', ''),
(2923, '{{user_details}}', 397, 'name', 'en', ''),
(2924, '{{user_details}}', 397, 'family', 'en', ''),
(2925, '{{user_details}}', 398, 'name', 'en', ''),
(2926, '{{user_details}}', 398, 'family', 'en', ''),
(2927, '{{user_details}}', 399, 'name', 'en', ''),
(2928, '{{user_details}}', 399, 'family', 'en', ''),
(2929, '{{user_details}}', 400, 'name', 'en', ''),
(2930, '{{user_details}}', 400, 'family', 'en', ''),
(2931, '{{user_details}}', 401, 'name', 'en', ''),
(2932, '{{user_details}}', 401, 'family', 'en', ''),
(2933, '{{user_details}}', 402, 'name', 'en', ''),
(2934, '{{user_details}}', 402, 'family', 'en', ''),
(2935, '{{user_details}}', 403, 'name', 'en', ''),
(2936, '{{user_details}}', 403, 'family', 'en', ''),
(2937, '{{user_details}}', 404, 'name', 'en', ''),
(2938, '{{user_details}}', 404, 'family', 'en', ''),
(2944, '{{user_details}}', 405, 'name', 'en', ''),
(2945, '{{user_details}}', 405, 'family', 'en', ''),
(2946, '{{user_details}}', 406, 'name', 'en', ''),
(2947, '{{user_details}}', 406, 'family', 'en', ''),
(2948, '{{user_details}}', 407, 'name', 'en', ''),
(2949, '{{user_details}}', 407, 'family', 'en', ''),
(2950, '{{user_details}}', 408, 'name', 'en', ''),
(2951, '{{user_details}}', 408, 'family', 'en', ''),
(2952, '{{user_details}}', 409, 'name', 'en', ''),
(2953, '{{user_details}}', 409, 'family', 'en', ''),
(2954, '{{user_details}}', 410, 'name', 'en', ''),
(2955, '{{user_details}}', 410, 'family', 'en', ''),
(2956, '{{user_details}}', 411, 'name', 'en', ''),
(2957, '{{user_details}}', 411, 'family', 'en', ''),
(2958, '{{user_details}}', 412, 'name', 'en', ''),
(2959, '{{user_details}}', 412, 'family', 'en', ''),
(2960, '{{user_details}}', 413, 'name', 'en', ''),
(2961, '{{user_details}}', 413, 'family', 'en', ''),
(2962, '{{user_details}}', 414, 'name', 'en', ''),
(2963, '{{user_details}}', 414, 'family', 'en', ''),
(2964, '{{user_details}}', 415, 'name', 'en', ''),
(2965, '{{user_details}}', 415, 'family', 'en', ''),
(2966, '{{user_details}}', 416, 'name', 'en', ''),
(2967, '{{user_details}}', 416, 'family', 'en', ''),
(2968, '{{user_details}}', 417, 'name', 'en', ''),
(2969, '{{user_details}}', 417, 'family', 'en', ''),
(2970, '{{gallery}}', 10, 'title', 'en', 'This picture was taken on the last day of the iBT Writing Class together with some of the courteous, knowledgeable students of Avaye Shahir Institute '),
(2971, '{{gallery}}', 10, 'desc', 'en', ''),
(2972, '{{user_details}}', 418, 'name', 'en', ''),
(2973, '{{user_details}}', 418, 'family', 'en', ''),
(2974, '{{user_details}}', 419, 'name', 'en', ''),
(2975, '{{user_details}}', 419, 'family', 'en', ''),
(2976, '{{user_details}}', 420, 'name', 'en', ''),
(2977, '{{user_details}}', 420, 'family', 'en', ''),
(2978, '{{user_details}}', 421, 'name', 'en', ''),
(2979, '{{user_details}}', 421, 'family', 'en', ''),
(2980, '{{user_details}}', 422, 'name', 'en', ''),
(2981, '{{user_details}}', 422, 'family', 'en', ''),
(2982, '{{class_categories}}', 58, 'title', 'en', 'IELTS Test Collections'),
(2983, '{{class_categories}}', 58, 'summary', 'en', ''),
(2984, '{{class_category_file_links}}', 265, 'title', 'en', 'IELTS Test Builder 1'),
(2985, '{{class_category_file_links}}', 265, 'summary', 'en', '''Testbuilder 1‘ is aimed at those candidates preparing for a score band of six and above in the IELTS exam. The IELTS Testbuilder 1 is more than a book of IELTS Practice Tests. It is designed not only to enable students to practise doing tests of exactly the kind they will encounter in the IELTS exam itself, but also to provide them with valuable further practice, guidance and explanation.'),
(2986, '{{user_details}}', 423, 'name', 'en', ''),
(2987, '{{user_details}}', 423, 'family', 'en', ''),
(2988, '{{user_details}}', 424, 'name', 'en', ''),
(2989, '{{user_details}}', 424, 'family', 'en', ''),
(2990, '{{user_details}}', 425, 'name', 'en', ''),
(2991, '{{user_details}}', 425, 'family', 'en', ''),
(2992, '{{user_details}}', 426, 'name', 'en', ''),
(2993, '{{user_details}}', 426, 'family', 'en', ''),
(2994, '{{class_category_file_links}}', 266, 'title', 'en', 'IELTS Test Builder 1 CD'),
(2995, '{{class_category_file_links}}', 266, 'summary', 'en', '''Testbuilder 1‘ is aimed at those candidates preparing for a score band of six and above in the IELTS exam.\r\nThe IELTS Testbuilder 1 is more than a book of IELTS Practice Tests. It is designed not only to enable students to practise doing tests of exactly the kind they will encounter in the IELTS exam itself, but also to provide them with valuable further practice, guidance and explanation.'),
(2996, '{{class_category_file_links}}', 267, 'title', 'en', 'IELTS Test Builder 2'),
(2997, '{{class_category_file_links}}', 267, 'summary', 'en', 'IELTS Test Builder 2 is designed to improve exam performance and increase language competence for success in IELTS. This book is suitable for all students at IELTS Band 4.5 and above.'),
(2998, '{{class_category_file_links}}', 268, 'title', 'en', 'IELTS Test Builder 2 CD'),
(2999, '{{class_category_file_links}}', 268, 'summary', 'en', 'IELTS Test Builder 2 is designed to improve exam performance and increase language competence for success in IELTS. This book is suitable for all students at IELTS Band 4.5 and above.'),
(3000, '{{class_category_file_links}}', 269, 'title', 'en', 'IELTS Trainer'),
(3001, '{{class_category_file_links}}', 269, 'summary', 'en', 'IELTS Trainer is the perfect companion for IELTS exam preperation. As well as six full practice tests, it offers easy-to-follow expert guidance and exam tips designed to guarantee exam success.'),
(3002, '{{class_category_file_links}}', 270, 'title', 'en', 'IELTS Trainer CD'),
(3003, '{{class_category_file_links}}', 270, 'summary', 'en', 'IELTS Trainer is the perfect companion for IELTS exam preperation. As well as six full practice tests, it offers easy-to-follow expert guidance and exam tips designed to guarantee exam success.'),
(3008, '{{class_category_file_links}}', 273, 'title', 'en', ' Cambridge Vocabulary for IELTS Advanced'),
(3009, '{{class_category_file_links}}', 273, 'summary', 'en', 'Cambridge Vocabulary for IELTS Advanced focuses on moving students to 6.5 and beyond by working on vocabulary-building strategies necessary for success at advanced levels. It includes useful tips on how to approach IELTS exam tasks and covers especially tricky areas such as paraphrase and collocation.'),
(3010, '{{class_category_file_links}}', 274, 'title', 'en', 'Cambridge Vocabulary for IELTS Advanced CD'),
(3011, '{{class_category_file_links}}', 274, 'summary', 'en', 'Cambridge Vocabulary for IELTS Advanced focuses on moving students to 6.5 and beyond by working on vocabulary-building strategies necessary for success at advanced levels. It includes useful tips on how to approach IELTS exam tasks and covers especially tricky areas such as paraphrase and collocation.'),
(3012, '{{class_category_file_links}}', 275, 'title', 'en', ' Cambridge IELTS 11'),
(3013, '{{class_category_file_links}}', 275, 'summary', 'en', 'Cambridge IELTS 11 provides students with an excellent opportunity to familiarise themselves with IELTS and to practise examination techniques using authentic test material.'),
(3014, '{{class_category_file_links}}', 276, 'title', 'en', 'Cambridge IELTS 11 CD'),
(3015, '{{class_category_file_links}}', 276, 'summary', 'en', 'Cambridge IELTS 11 provides students with an excellent opportunity to familiarise themselves with IELTS and to practise examination techniques using authentic test material.'),
(3016, '{{class_categories}}', 59, 'title', 'en', 'IELTS Supplementary Materials'),
(3017, '{{class_categories}}', 59, 'summary', 'en', '<p dir="ltr">Here, you may download more useful IELTS materials.</p>\r\n'),
(3018, '{{class_category_file_links}}', 277, 'title', 'en', 'IELTS Advantage: Writing Skills'),
(3019, '{{class_category_file_links}}', 277, 'summary', 'en', 'IELTS Advantage: Writing Skills is a fully comprehensive resource for passing the writing section of the IELTS exam with a grade of 6.5-7 or higher.'),
(3020, '{{class_category_file_links}}', 278, 'title', 'en', 'IELTS Write Right'),
(3021, '{{class_category_file_links}}', 278, 'summary', 'en', 'IELTS Write Right is a comprehensive book for those who wish to achieve  a 6.5+ band score  in the writing module of the IELTS test.'),
(3022, '{{class_category_file_links}}', 279, 'title', 'en', 'Collins Get Ready for IELTS Writing'),
(3023, '{{class_category_file_links}}', 279, 'summary', 'en', 'This book gives you everything you need to improve your pre-intermediate writing skills for the IELTS Writing test.'),
(3024, '{{class_category_file_links}}', 280, 'title', 'en', 'Cambridge Top Tips for IELTS Academic'),
(3025, '{{class_category_file_links}}', 280, 'summary', 'en', 'Top Tips for IELTS Academic gives you some essential advice for each part of each of the four IELTS components (Listening, Reading, Writing, and Speaking).'),
(3026, '{{class_category_file_links}}', 281, 'title', 'en', ' Ready for IELTS'),
(3027, '{{class_category_file_links}}', 281, 'summary', 'en', 'Ready for IELTS is a comprehensive course which offers thorough preparation for the IELTS academic exam.'),
(3028, '{{class_category_file_links}}', 282, 'title', 'en', 'Ready for IELTS CD'),
(3029, '{{class_category_file_links}}', 282, 'summary', 'en', 'Ready for IELTS is a comprehensive course which offers thorough preparation for the IELTS academic exam.'),
(3030, '{{user_details}}', 427, 'name', 'en', ''),
(3031, '{{user_details}}', 427, 'family', 'en', ''),
(3032, '{{user_details}}', 428, 'name', 'en', ''),
(3033, '{{user_details}}', 428, 'family', 'en', ''),
(3034, '{{user_details}}', 429, 'name', 'en', ''),
(3035, '{{user_details}}', 429, 'family', 'en', ''),
(3036, '{{user_details}}', 430, 'name', 'en', ''),
(3037, '{{user_details}}', 430, 'family', 'en', ''),
(3038, '{{class_category_file_links}}', 283, 'title', 'en', 'TPO Tests from 1 to 48'),
(3039, '{{class_category_file_links}}', 283, 'summary', 'en', 'These tests are taken from real TORFL iBT Tests. In order for TOEFL iBT test takers to get a high score, doing these tests are strongly recommended. '),
(3040, '{{class_category_file_links}}', 284, 'title', 'en', 'TPO Tests from 1 to 48 '),
(3041, '{{class_category_file_links}}', 284, 'summary', 'en', 'These tests are taken from real TORFL iBT Tests. In order for TOEFL iBT test takers to get a high score, doing these tests are strongly recommended.'),
(3042, '{{user_details}}', 431, 'name', 'en', ''),
(3043, '{{user_details}}', 431, 'family', 'en', ''),
(3044, '{{user_details}}', 432, 'name', 'en', ''),
(3045, '{{user_details}}', 432, 'family', 'en', ''),
(3046, '{{gallery}}', 11, 'title', 'en', 'iBT Writing Class at Avaye Shahir Institute: Summer & Fall 2016'),
(3047, '{{gallery}}', 11, 'desc', 'en', 'This class was one of the best classes I had ever held in Avaye Shahir Institute. Wish them all luck.'),
(3048, '{{user_details}}', 433, 'name', 'en', ''),
(3049, '{{user_details}}', 433, 'family', 'en', ''),
(3050, '{{class_category_file_links}}', 285, 'title', 'en', 'Collins Speaking for IELTS'),
(3051, '{{class_category_file_links}}', 285, 'summary', 'en', 'If your speaking skills are preventing you from achieving the score you need in IELTS, Collins Speaking for IELTS may be of great help.'),
(3052, '{{class_category_file_links}}', 286, 'title', 'en', ' Collins Speaking for IELTS CD'),
(3053, '{{class_category_file_links}}', 286, 'summary', 'en', 'If your speaking skills are preventing you from achieving the score you need in IELTS, Collins Speaking for IELTS may be of great help.'),
(3054, '{{user_details}}', 434, 'name', 'en', ''),
(3055, '{{user_details}}', 434, 'family', 'en', ''),
(3057, '{{user_details}}', 435, 'name', 'en', ''),
(3058, '{{user_details}}', 435, 'family', 'en', ''),
(3059, '{{gallery}}', 12, 'title', 'en', 'TOEFL iBT Score of Mr. Beiranvand from Iran University of Science and Technology (IUST)'),
(3060, '{{gallery}}', 12, 'desc', 'en', ''),
(3061, '{{gallery}}', 13, 'title', 'en', 'TOEFL iBT Score of Ms. Alipour (Bahar) from Sharif University of Technology (SUT)'),
(3062, '{{gallery}}', 13, 'desc', 'en', ''),
(3063, '{{gallery}}', 14, 'title', 'en', 'TOEFL iBT Score of Mr. Karimi (Farhad) from Sharif University of Technology (SUT)'),
(3064, '{{gallery}}', 14, 'desc', 'en', ''),
(3065, '{{gallery}}', 15, 'title', 'en', 'TOEFL iBT Score of Ms. Mohammadzadeh (Shiva) from University of Tehran'),
(3066, '{{gallery}}', 15, 'desc', 'en', ''),
(3067, '{{user_details}}', 436, 'name', 'en', ''),
(3068, '{{user_details}}', 436, 'family', 'en', ''),
(3069, '{{user_details}}', 437, 'name', 'en', ''),
(3070, '{{user_details}}', 437, 'family', 'en', ''),
(3071, '{{news_categories}}', 4, 'title', 'en', 'General'),
(3072, '{{user_details}}', 438, 'name', 'en', ''),
(3073, '{{user_details}}', 438, 'family', 'en', ''),
(3074, '{{user_details}}', 439, 'name', 'en', ''),
(3075, '{{user_details}}', 439, 'family', 'en', ''),
(3076, '{{class_category_file_links}}', 287, 'title', 'en', 'TPO Software for Mac (Apple) 1 to 36'),
(3077, '{{class_category_file_links}}', 287, 'summary', 'en', ''),
(3078, '{{class_category_file_links}}', 288, 'title', 'en', 'TPO Software for Mac (Apple) 1 to 36'),
(3079, '{{class_category_file_links}}', 288, 'summary', 'en', ''),
(3080, '{{user_details}}', 440, 'name', 'en', ''),
(3081, '{{user_details}}', 440, 'family', 'en', ''),
(3082, '{{news_categories}}', 5, 'title', 'en', 'Offered Classes'),
(3083, '{{news_categories}}', 6, 'title', 'en', 'Recent News about TOEFL iBT'),
(3084, '{{news}}', 1, 'title', 'en', 'TOEFL iBT Writing: group 1'),
(3085, '{{news}}', 1, 'summary', 'en', 'The course TOEFL iBT Writing that is supposed to be held in Avaye Shahir institute will be under the supervision of Amir Khadem with a different approach from that in the past. '),
(3086, '{{news}}', 1, 'body', 'en', '<p dir="ltr">This course is going to be held on Thursdays from 1.30 to 4.30, starting from 23/10/1395 to 26/12/1395.</p>\r\n'),
(3087, '{{user_details}}', 441, 'name', 'en', ''),
(3088, '{{user_details}}', 441, 'family', 'en', ''),
(3089, '{{user_details}}', 442, 'name', 'en', ''),
(3090, '{{user_details}}', 442, 'family', 'en', ''),
(3091, '{{user_details}}', 443, 'name', 'en', ''),
(3092, '{{user_details}}', 443, 'family', 'en', ''),
(3093, '{{user_details}}', 444, 'name', 'en', ''),
(3094, '{{user_details}}', 444, 'family', 'en', ''),
(3095, '{{news_categories}}', 7, 'title', 'en', 'Test Takers'' Report Card'),
(3096, '{{news}}', 2, 'title', 'en', 'TOEFL iBT Score of Mr. Ghiasi (Kiarash) 2016'),
(3097, '{{news}}', 2, 'summary', 'en', ''),
(3098, '{{news}}', 2, 'body', 'en', ''),
(3099, '{{news}}', 3, 'title', 'en', 'TOEFL iBT Score of Mr. Ghasemi (Payman) 2016'),
(3100, '{{news}}', 3, 'summary', 'en', ''),
(3101, '{{news}}', 3, 'body', 'en', ''),
(3102, '{{news}}', 4, 'title', 'en', 'TOEFL iBT Score of Mr. Siamak 2016'),
(3103, '{{news}}', 4, 'summary', 'en', ''),
(3104, '{{news}}', 4, 'body', 'en', ''),
(3105, '{{news}}', 5, 'title', 'en', 'TOEFL iBT Score of Mr. Ramin 2016'),
(3106, '{{news}}', 5, 'summary', 'en', ''),
(3107, '{{news}}', 5, 'body', 'en', ''),
(3108, '{{news}}', 6, 'title', 'en', 'TOEFL iBT Score of Mr. Bana 2016'),
(3109, '{{news}}', 6, 'summary', 'en', ''),
(3110, '{{news}}', 6, 'body', 'en', ''),
(3111, '{{news}}', 7, 'title', 'en', 'TOEFL iBT Score of Mr. ... (Ali) 2016'),
(3112, '{{news}}', 7, 'summary', 'en', ''),
(3113, '{{news}}', 7, 'body', 'en', ''),
(3114, '{{user_details}}', 445, 'name', 'en', ''),
(3115, '{{user_details}}', 445, 'family', 'en', ''),
(3116, '{{news}}', 8, 'title', 'en', 'TOEFL iBT Score of Mr.  ...  (Saleh) 2016'),
(3117, '{{news}}', 8, 'summary', 'en', ''),
(3118, '{{news}}', 8, 'body', 'en', ''),
(3119, '{{news}}', 9, 'title', 'en', 'TOEFL iBT Score of Ms. Jamshidi (Mina) 2016'),
(3120, '{{news}}', 9, 'summary', 'en', ''),
(3121, '{{news}}', 9, 'body', 'en', ''),
(3122, '{{news}}', 10, 'title', 'en', 'TOEFL iBT Score of Mr. Gholami (Amir) 2016'),
(3123, '{{news}}', 10, 'summary', 'en', ''),
(3124, '{{news}}', 10, 'body', 'en', ''),
(3125, '{{news}}', 11, 'title', 'en', 'TOEFL iBT Score of Mr. Zarifian (Shayan) 2016'),
(3126, '{{news}}', 11, 'summary', 'en', ''),
(3127, '{{news}}', 11, 'body', 'en', ''),
(3128, '{{news}}', 12, 'title', 'en', 'TOEFL iBT Score of Ms. Ariafar (...) 2016'),
(3129, '{{news}}', 12, 'summary', 'en', ''),
(3130, '{{news}}', 12, 'body', 'en', ''),
(3131, '{{user_details}}', 446, 'name', 'en', ''),
(3132, '{{user_details}}', 446, 'family', 'en', ''),
(3133, '{{news}}', 13, 'title', 'en', 'TOEFL iBT Score of Mr. Moradshahi (Mehrdad) 2016'),
(3134, '{{news}}', 13, 'summary', 'en', ''),
(3135, '{{news}}', 13, 'body', 'en', ''),
(3136, '{{news}}', 14, 'title', 'en', 'TOEFL iBT Score of Mr. Arian (Ebrahim) 2015'),
(3137, '{{news}}', 14, 'summary', 'en', ''),
(3138, '{{news}}', 14, 'body', 'en', ''),
(3139, '{{news}}', 15, 'title', 'en', 'TOEFL iBT Score of Mr. Ali Bakhshi (Reza) 2015'),
(3140, '{{news}}', 15, 'summary', 'en', ''),
(3141, '{{news}}', 15, 'body', 'en', ''),
(3142, '{{news}}', 16, 'title', 'en', 'TOEFL iBT Score of Mr. Ebrahimi (Farshad) 2016'),
(3143, '{{news}}', 16, 'summary', 'en', ''),
(3144, '{{news}}', 16, 'body', 'en', ''),
(3145, '{{news}}', 17, 'title', 'en', 'TOEFL iBT Score of Mr. Mansoozare (Hakhamanesh) 2016'),
(3146, '{{news}}', 17, 'summary', 'en', ''),
(3147, '{{news}}', 17, 'body', 'en', ''),
(3148, '{{news}}', 18, 'title', 'en', 'TOEFL iBT Score of Ms. Dehghani Mohammad Abadi (Fatemeh) 2015'),
(3149, '{{news}}', 18, 'summary', 'en', ''),
(3150, '{{news}}', 18, 'body', 'en', ''),
(3151, '{{news}}', 19, 'title', 'en', 'TOEFL iBT Score of Ms. Zareian (Bita) 2015'),
(3152, '{{news}}', 19, 'summary', 'en', ''),
(3153, '{{news}}', 19, 'body', 'en', ''),
(3154, '{{news}}', 20, 'title', 'en', 'TOEFL iBT Score of Ms. Mahdinezhad (Shiva) 2015'),
(3155, '{{news}}', 20, 'summary', 'en', ''),
(3156, '{{news}}', 20, 'body', 'en', ''),
(3157, '{{news}}', 21, 'title', 'en', 'TOEFL iBT Score of Mr. Babadi (Bamdad) 2015'),
(3158, '{{news}}', 21, 'summary', 'en', ''),
(3159, '{{news}}', 21, 'body', 'en', ''),
(3160, '{{news}}', 22, 'title', 'en', 'TOEFL iBT Score of Ms. Izadinia(Niloofar) 2015'),
(3161, '{{news}}', 22, 'summary', 'en', ''),
(3162, '{{news}}', 22, 'body', 'en', ''),
(3163, '{{news}}', 23, 'title', 'en', 'TOEFL iBT Score of Mr. Ghorbani (Amir Ata) 2015'),
(3164, '{{news}}', 23, 'summary', 'en', ''),
(3165, '{{news}}', 23, 'body', 'en', ''),
(3166, '{{news}}', 24, 'title', 'en', 'TOEFL iBT Score of Mr. Zare (Amir) 2015'),
(3167, '{{news}}', 24, 'summary', 'en', ''),
(3168, '{{news}}', 24, 'body', 'en', ''),
(3169, '{{news}}', 25, 'title', 'en', 'TOEFL iBT Score of Mr. Golestani (Hossein) 2015'),
(3170, '{{news}}', 25, 'summary', 'en', ''),
(3171, '{{news}}', 25, 'body', 'en', ''),
(3172, '{{news}}', 26, 'title', 'en', 'TOEFL iBT Score of Ms. Fadaei (Shakiba) 2015'),
(3173, '{{news}}', 26, 'summary', 'en', ''),
(3174, '{{news}}', 26, 'body', 'en', ''),
(3175, '{{news}}', 27, 'title', 'en', 'TOEFL iBT Score of Ms. Moradipour (Mahsa) 2015'),
(3176, '{{news}}', 27, 'summary', 'en', ''),
(3177, '{{news}}', 27, 'body', 'en', '');
INSERT INTO `ym_translations` (`id`, `table_name`, `model_id`, `attribute`, `lang`, `value`) VALUES
(3178, '{{news}}', 28, 'title', 'en', 'TOEFL iBT Score of Ms. Akbari (Fatemeh) 2016'),
(3179, '{{news}}', 28, 'summary', 'en', ''),
(3180, '{{news}}', 28, 'body', 'en', ''),
(3181, '{{news}}', 29, 'title', 'en', 'TOEFL iBT Score of Mr. Nabiee (Kiarash) 2014'),
(3182, '{{news}}', 29, 'summary', 'en', ''),
(3183, '{{news}}', 29, 'body', 'en', ''),
(3184, '{{news}}', 30, 'title', 'en', 'TOEFL iBT Score of Ms. Khoshnevis (Boshra) 2014'),
(3185, '{{news}}', 30, 'summary', 'en', ''),
(3186, '{{news}}', 30, 'body', 'en', ''),
(3187, '{{news}}', 31, 'title', 'en', 'TOEFL iBT Score of Mr./Ms. Yavarinezhad (...) 2014'),
(3188, '{{news}}', 31, 'summary', 'en', ''),
(3189, '{{news}}', 31, 'body', 'en', ''),
(3190, '{{news}}', 32, 'title', 'en', 'TOEFL iBT Score of Mr. Talat (Ali) 2014'),
(3191, '{{news}}', 32, 'summary', 'en', ''),
(3192, '{{news}}', 32, 'body', 'en', ''),
(3193, '{{news}}', 33, 'title', 'en', 'TOEFL iBT Score of Ms. Karami (Mitra) 2014'),
(3194, '{{news}}', 33, 'summary', 'en', ''),
(3195, '{{news}}', 33, 'body', 'en', ''),
(3196, '{{news}}', 34, 'title', 'en', 'TOEFL iBT Score of Mr. Sedaghatnezhad (Ehsan) 2014'),
(3197, '{{news}}', 34, 'summary', 'en', ''),
(3198, '{{news}}', 34, 'body', 'en', ''),
(3199, '{{news}}', 35, 'title', 'en', 'TOEFL iBT Score of Mr./Ms. Takallou (...) 2014'),
(3200, '{{news}}', 35, 'summary', 'en', ''),
(3201, '{{news}}', 35, 'body', 'en', ''),
(3202, '{{news}}', 36, 'title', 'en', 'TOEFL iBT Score of Ms. Kazerounian (...) 2014'),
(3203, '{{news}}', 36, 'summary', 'en', ''),
(3204, '{{news}}', 36, 'body', 'en', ''),
(3205, '{{news}}', 37, 'title', 'en', 'TOEFL iBT Score of Ms. Sarachi (Setareh) 2014'),
(3206, '{{news}}', 37, 'summary', 'en', ''),
(3207, '{{news}}', 37, 'body', 'en', ''),
(3208, '{{news}}', 38, 'title', 'en', 'TOEFL iBT Score of Mr. Mohammadi (Hossein) 2014'),
(3209, '{{news}}', 38, 'summary', 'en', ''),
(3210, '{{news}}', 38, 'body', 'en', ''),
(3212, '{{news}}', 39, 'title', 'en', 'GRE Exam Score of Ms. Setareh Sarachi 2014'),
(3213, '{{news}}', 39, 'summary', 'en', 'Dear Mr. Khadem, \r\n\r\nThis morning, I received my GRE scores; thus, this chapter of my life is now closed. No more exams for now :) \r\nI wish I’d had a chance to say a proper thank you in person to you for being such a fantastic teacher. I had a terrific experience in your class. Your extensive knowledge and enthusiasm made the class a pleasure to study for.\r\nThank you again for increasing my fascination with English! \r\nHope to see you again very soon! \r\n\r\nYours\r\n\r\nSetare :) \r\n'),
(3214, '{{news}}', 39, 'body', 'en', ''),
(3215, '{{news}}', 40, 'title', 'en', 'TOEFL iBT Score of Ms. Sattari (Romina) 2014'),
(3216, '{{news}}', 40, 'summary', 'en', ''),
(3217, '{{news}}', 40, 'body', 'en', ''),
(3218, '{{news}}', 41, 'title', 'en', 'TOEFL iBT Score of Mr. Forghani (Mahdi) 2014'),
(3219, '{{news}}', 41, 'summary', 'en', ''),
(3220, '{{news}}', 41, 'body', 'en', ''),
(3221, '{{user_details}}', 447, 'name', 'en', ''),
(3222, '{{user_details}}', 447, 'family', 'en', ''),
(3223, '{{news}}', 42, 'title', 'en', 'TOEFL iBT Score of Mr. Farzamfar (Arshia) 2014'),
(3224, '{{news}}', 42, 'summary', 'en', ''),
(3225, '{{news}}', 42, 'body', 'en', ''),
(3226, '{{news}}', 43, 'title', 'en', 'TOEFL iBT Score of Mr. Mohammad Hosseini (Arash) 2014'),
(3227, '{{news}}', 43, 'summary', 'en', ''),
(3228, '{{news}}', 43, 'body', 'en', ''),
(3229, '{{news}}', 44, 'title', 'en', 'TOEFL iBT Score of Mr. Salem (Milad) 2016'),
(3230, '{{news}}', 44, 'summary', 'en', ''),
(3231, '{{news}}', 44, 'body', 'en', ''),
(3232, '{{user_details}}', 448, 'name', 'en', ''),
(3233, '{{user_details}}', 448, 'family', 'en', ''),
(3236, '{{class_categories}}', 60, 'title', 'en', 'Vocabulary and Grammar'),
(3237, '{{class_categories}}', 60, 'summary', 'en', ''),
(3238, '{{class_category_file_links}}', 289, 'title', 'en', 'Destination B1 Grammar and Vocabulary'),
(3239, '{{class_category_file_links}}', 289, 'summary', 'en', 'ِA modern, three-level series focusing on vocabulary and grammar, ideal for students at intermediate, upper intermediate or advanced level. The up-to-date syllabuses are based on the B1, B2, C1&C2 levels of the Council of Europe Framework and exercises are geared towards tasks for the relevant exam at each level.  These are the ideal grammar practice books for students preparing for their exams.\r\n'),
(3240, '{{class_category_file_links}}', 290, 'title', 'en', 'Destination B2 Grammar and Vocabulary'),
(3241, '{{class_category_file_links}}', 290, 'summary', 'en', 'A modern, three-level series focusing on vocabulary and grammar, ideal for students at intermediate, upper intermediate or advanced level. The up-to-date syllabuses are based on the B1, B2, C1&C2 levels of the Council of Europe Framework and exercises are geared towards tasks for the relevant exam at each level.  These are the ideal grammar practice books for students preparing for their exams.'),
(3242, '{{class_category_file_links}}', 291, 'title', 'en', 'Destination C1& C2 Grammar and Vocabulary'),
(3243, '{{class_category_file_links}}', 291, 'summary', 'en', 'A modern, three-level series focusing on vocabulary and grammar, ideal for students at intermediate, upper intermediate or advanced level. The up-to-date syllabuses are based on the B1, B2, C1&C2 levels of the Council of Europe Framework and exercises are geared towards tasks for the relevant exam at each level.  These are the ideal grammar practice books for students preparing for their exams.'),
(3244, '{{class_categories}}', 61, 'title', 'en', 'English Magazines '),
(3245, '{{class_categories}}', 61, 'summary', 'en', ''),
(3246, '{{class_category_file_links}}', 292, 'title', 'en', 'Reader''s digest September 2016'),
(3247, '{{class_category_file_links}}', 292, 'summary', 'en', ''),
(3248, '{{class_category_file_links}}', 293, 'title', 'en', 'Time USA September 2016'),
(3249, '{{class_category_file_links}}', 293, 'summary', 'en', ''),
(3250, '{{class_category_file_links}}', 294, 'title', 'en', 'Words You Should Know in High School'),
(3251, '{{class_category_file_links}}', 294, 'summary', 'en', 'This easy-to-use book features more than 1,000 essential words that arm you with the vocabulary you need to tackle real-world tasks--from debating current events to writing essays for your college applications.'),
(3252, '{{class_category_file_links}}', 295, 'title', 'en', 'The Nation, November 2016'),
(3253, '{{class_category_file_links}}', 295, 'summary', 'en', ''),
(3254, '{{class_category_file_links}}', 296, 'title', 'en', 'Webster''s New World Essential Vocabulary'),
(3255, '{{class_category_file_links}}', 296, 'summary', 'en', 'If you want to increase your vocabulary for standardized tests or just better communication, Webster''s New World Essential Vocabulary is the only tool you need. It presents essential words with definitions, example sentences, synonyms, and tense forms.'),
(3260, '{{class_categories}}', 62, 'title', 'en', 'Writing'),
(3261, '{{class_categories}}', 62, 'summary', 'en', ''),
(3262, '{{class_category_file_links}}', 299, 'title', 'en', 'Better Writing Right Now'),
(3263, '{{class_category_file_links}}', 299, 'summary', 'en', 'Better Writing Right Now is a step-by-step guide to writing. It takes you from the blank page and\r\nwalks you through the steps of the writing process so that you can conquer any school writing\r\nassignment—including timed essay exams and research papers.'),
(3264, '{{class_category_file_links}}', 300, 'title', 'en', ' Goof Proof Spelling'),
(3265, '{{class_category_file_links}}', 300, 'summary', 'en', 'Only a few dozen spelling mistakes account for the majority of all errors. If you learn these common errors and how to correct and avoid them, your spelling ability will increase dramatically. Goof Proof Spelling covers these most common errors in mini-lessons with 25 goof-proof rules that clearly explain the typical error and how to prevent it.'),
(3266, '{{class_category_file_links}}', 301, 'title', 'en', 'Film Journal-International, November 2016'),
(3267, '{{class_category_file_links}}', 301, 'summary', 'en', ''),
(3268, '{{class_category_file_links}}', 302, 'title', 'en', '  The New York Times, November 2016'),
(3269, '{{class_category_file_links}}', 302, 'summary', 'en', ''),
(3270, '{{class_category_file_links}}', 303, 'title', 'en', 'Time USA, November 2016'),
(3271, '{{class_category_file_links}}', 303, 'summary', 'en', ''),
(3274, '{{class_category_file_links}}', 305, 'title', 'en', 'Grammar and Vocabulary for Cambridge Advanced and Proficiency'),
(3275, '{{class_category_file_links}}', 305, 'summary', 'en', 'This book is for any advanced student of English but it is particularly relevant to people studying for the Cambridge Certificate in Advanced English (CAE) or the Certificate of Proficiency in English (CPE) exams.'),
(3276, '{{class_category_file_links}}', 306, 'title', 'en', 'English Vocabulary in Use Advanced'),
(3277, '{{class_category_file_links}}', 306, 'summary', 'en', ''),
(3278, '{{class_category_file_links}}', 307, 'title', 'en', 'Advanced Grammar in Use'),
(3279, '{{class_category_file_links}}', 307, 'summary', 'en', 'The book is intended for advanced students of English. It is written mainly as a self-study book, but might also be used in class with a teacher.'),
(3280, '{{user_details}}', 449, 'name', 'en', ''),
(3281, '{{user_details}}', 449, 'family', 'en', ''),
(3282, '{{user_details}}', 450, 'name', 'en', ''),
(3283, '{{user_details}}', 450, 'family', 'en', ''),
(3284, '{{user_details}}', 451, 'name', 'en', ''),
(3285, '{{user_details}}', 451, 'family', 'en', ''),
(3286, '{{user_details}}', 452, 'name', 'en', ''),
(3287, '{{user_details}}', 452, 'family', 'en', ''),
(3288, '{{user_details}}', 453, 'name', 'en', ''),
(3289, '{{user_details}}', 453, 'family', 'en', ''),
(3290, '{{user_details}}', 454, 'name', 'en', ''),
(3291, '{{user_details}}', 454, 'family', 'en', ''),
(3292, '{{user_details}}', 455, 'name', 'en', ''),
(3293, '{{user_details}}', 455, 'family', 'en', ''),
(3294, '{{user_details}}', 456, 'name', 'en', ''),
(3295, '{{user_details}}', 456, 'family', 'en', ''),
(3296, '{{user_details}}', 457, 'name', 'en', ''),
(3297, '{{user_details}}', 457, 'family', 'en', ''),
(3298, '{{news}}', 45, 'title', 'en', 'TOEFL iBT Score of Mr. Salehi (Fariborz) 2014'),
(3299, '{{news}}', 45, 'summary', 'en', ''),
(3300, '{{news}}', 45, 'body', 'en', ''),
(3301, '{{news}}', 46, 'title', 'en', 'IELTS Academic Score of Mr. Makvandi  (...) 2014'),
(3302, '{{news}}', 46, 'summary', 'en', ''),
(3303, '{{news}}', 46, 'body', 'en', ''),
(3304, '{{news}}', 47, 'title', 'en', 'TOEFL iBT Score of Ms. Seyed Abbaszadeh (Saghar) 2014'),
(3305, '{{news}}', 47, 'summary', 'en', ''),
(3306, '{{news}}', 47, 'body', 'en', ''),
(3307, '{{news}}', 48, 'title', 'en', 'TOEFL iBT Score of Ms. Elaheh Khatibi (Elaheh) 2014'),
(3308, '{{news}}', 48, 'summary', 'en', ''),
(3309, '{{news}}', 48, 'body', 'en', ''),
(3310, '{{news}}', 49, 'title', 'en', 'TOEFL iBT Score of Mr. Homayoon (Behnam) 2014'),
(3311, '{{news}}', 49, 'summary', 'en', ''),
(3312, '{{news}}', 49, 'body', 'en', ''),
(3313, '{{news}}', 50, 'title', 'en', 'TOEFL iBT Score of Mr. Amirmoshiri (Mohammadreza) 2014'),
(3314, '{{news}}', 50, 'summary', 'en', ''),
(3315, '{{news}}', 50, 'body', 'en', ''),
(3316, '{{news}}', 51, 'title', 'en', 'GRE Score of Mr. Mokhtari (Vaahb) 2013'),
(3317, '{{news}}', 51, 'summary', 'en', ''),
(3318, '{{news}}', 51, 'body', 'en', ''),
(3319, '{{news}}', 52, 'title', 'en', 'TOEFL iBT Score of Mr. Herandi (Amirhossein) 2014'),
(3320, '{{news}}', 52, 'summary', 'en', ''),
(3321, '{{news}}', 52, 'body', 'en', ''),
(3322, '{{news}}', 53, 'title', 'en', 'TOEFL iBT Score of Ms. Sadrizadeh (Sahar) 2014'),
(3323, '{{news}}', 53, 'summary', 'en', ''),
(3324, '{{news}}', 53, 'body', 'en', ''),
(3325, '{{news}}', 54, 'title', 'en', 'TOEFL iBT Score of Ms. Badakhshan (Roxana) 2014'),
(3326, '{{news}}', 54, 'summary', 'en', ''),
(3327, '{{news}}', 54, 'body', 'en', ''),
(3328, '{{news}}', 55, 'title', 'en', 'TOEFL iBT Score of Ms. Peyvandi (Delaram ) 2014'),
(3329, '{{news}}', 55, 'summary', 'en', ''),
(3330, '{{news}}', 55, 'body', 'en', ''),
(3331, '{{news}}', 56, 'title', 'en', 'TOEFL iBT Score of Ms. ... (Nahal) 2014'),
(3332, '{{news}}', 56, 'summary', 'en', 'Salam aghaye khadem man nahal am, dooste sara, toeflamo 107 shodam, writtingamo 29 shodam dastetoon dard nakone vaghan, moshkelam speaking bood ke hol shodam 23 shod. Shoma vaghan behtein ostad boodin khodam bavaram nemishe 29 shodam :d taze vaght nakadam revise konam hichkoodoomo.'),
(3333, '{{news}}', 56, 'body', 'en', ''),
(3334, '{{news}}', 57, 'title', 'en', 'TOEFL iBT Score of Mr. Jabari (...) 2014'),
(3335, '{{news}}', 57, 'summary', 'en', ''),
(3336, '{{news}}', 57, 'body', 'en', ''),
(3337, '{{news}}', 58, 'title', 'en', 'TOEFL iBT Score of Ms. Alinia (Sara) 2014'),
(3338, '{{news}}', 58, 'summary', 'en', ''),
(3339, '{{news}}', 58, 'body', 'en', ''),
(3340, '{{news}}', 59, 'title', 'en', 'TOEFL iBT Score of Mr. Azadi (Masoud) 2014'),
(3341, '{{news}}', 59, 'summary', 'en', ''),
(3342, '{{news}}', 59, 'body', 'en', ''),
(3343, '{{news}}', 60, 'title', 'en', 'TOEFL iBT Score of Ms. Jalali (Parisa) 2014'),
(3344, '{{news}}', 60, 'summary', 'en', ''),
(3345, '{{news}}', 60, 'body', 'en', ''),
(3346, '{{news}}', 61, 'title', 'en', 'TOEFL iBT Score of Ms. Amini (Reihaneh) 2013'),
(3347, '{{news}}', 61, 'summary', 'en', ''),
(3348, '{{news}}', 61, 'body', 'en', ''),
(3349, '{{news}}', 62, 'title', 'en', 'TOEFL iBT Score of Mr. Torabi (Hooman) 2013'),
(3350, '{{news}}', 62, 'summary', 'en', ''),
(3351, '{{news}}', 62, 'body', 'en', ''),
(3352, '{{news}}', 63, 'title', 'en', 'TOEFL iBT Score of Mr. Momenabadi (Mohammad) 2013'),
(3353, '{{news}}', 63, 'summary', 'en', ''),
(3354, '{{news}}', 63, 'body', 'en', ''),
(3355, '{{news}}', 64, 'title', 'en', 'TOEFL iBT Score of Mr. Ebadi (Omid) 2013'),
(3356, '{{news}}', 64, 'summary', 'en', 'Topic Speaking:\r\nTask 1: کدام یک از فاکتور های زیر برای شما در انتخاب دانشگاه اهمیت دارد؟ \r\n1)	Place 2) cost 3) …\r\nTask 2: ترجیح میدهید در یک گروه بزرگ دوستی عضو باشید یا در یک گروه کوچک\r\nTopic Writing: \r\nA/D: مردم میتوانند انسان های دیگر را از روی فیلمی که میبینند یا کتابی که میخوانند، بشناسند.\r\n'),
(3357, '{{news}}', 64, 'body', 'en', ''),
(3358, '{{user_details}}', 458, 'name', 'en', ''),
(3359, '{{user_details}}', 458, 'family', 'en', ''),
(3360, '{{news}}', 65, 'title', 'en', 'TOEFL iBT Score of Ms. Keyhanfar (Ghazaal) 2013'),
(3361, '{{news}}', 65, 'summary', 'en', ''),
(3362, '{{news}}', 65, 'body', 'en', ''),
(3363, '{{news}}', 66, 'title', 'en', 'TOEFL iBT Score of Ms. Keyhanfar (Ghazaal) 2015'),
(3364, '{{news}}', 66, 'summary', 'en', ''),
(3365, '{{news}}', 66, 'body', 'en', ''),
(3366, '{{news}}', 67, 'title', 'en', 'TOEFL iBT Score of Ms. Abdi (Haniyeh) 2016'),
(3367, '{{news}}', 67, 'summary', 'en', ''),
(3368, '{{news}}', 67, 'body', 'en', ''),
(3369, '{{news}}', 68, 'title', 'en', 'TOEFL iBT Score of Mr. Eamaeelipour (Kamyar) 2013'),
(3370, '{{news}}', 68, 'summary', 'en', ''),
(3371, '{{news}}', 68, 'body', 'en', ''),
(3372, '{{news}}', 69, 'title', 'en', 'TOEFL iBT Score of Mr./Ms. Yazdizadeh (...) 2013'),
(3373, '{{news}}', 69, 'summary', 'en', ''),
(3374, '{{news}}', 69, 'body', 'en', ''),
(3375, '{{news}}', 70, 'title', 'en', 'TOEFL iBT Score of Mr. Haghi Kashani (Masoud) 2013'),
(3376, '{{news}}', 70, 'summary', 'en', ''),
(3377, '{{news}}', 70, 'body', 'en', ''),
(3378, '{{news}}', 71, 'title', 'en', 'TOEFL iBT Score of Mr. Khoshdel (Saber) 2013'),
(3379, '{{news}}', 71, 'summary', 'en', ''),
(3380, '{{news}}', 71, 'body', 'en', ''),
(3381, '{{news}}', 72, 'title', 'en', 'TOEFL iBT Score of Mr. Seyed Salehi (Mohammad) 2013'),
(3382, '{{news}}', 72, 'summary', 'en', ''),
(3383, '{{news}}', 72, 'body', 'en', ''),
(3384, '{{news}}', 73, 'title', 'en', 'TOEFL iBT Score of Mr. Ghanbarpour (Alireza) 2013'),
(3385, '{{news}}', 73, 'summary', 'en', ''),
(3386, '{{news}}', 73, 'body', 'en', ''),
(3387, '{{news}}', 74, 'title', 'en', 'TOEFL iBT Score of Mr. Tahmasebi (Mehrdad) 2013'),
(3388, '{{news}}', 74, 'summary', 'en', ''),
(3389, '{{news}}', 74, 'body', 'en', ''),
(3390, '{{news}}', 75, 'title', 'en', 'TOEFL iBT Score of Mr. Moradzadeh (Alireza) 2013'),
(3391, '{{news}}', 75, 'summary', 'en', ''),
(3392, '{{news}}', 75, 'body', 'en', ''),
(3393, '{{news}}', 76, 'title', 'en', 'TOEFL iBT Score of Mr. Esmaeili (Ashkan) 2013'),
(3394, '{{news}}', 76, 'summary', 'en', ''),
(3395, '{{news}}', 76, 'body', 'en', ''),
(3396, '{{news}}', 77, 'title', 'en', 'TOEFL iBT Score of Mr. Mokhtari (Vahab) 2013'),
(3397, '{{news}}', 77, 'summary', 'en', ''),
(3398, '{{news}}', 77, 'body', 'en', ''),
(3399, '{{news}}', 78, 'title', 'en', 'TOEFL iBT Score of Ms. Sharifvaghefi (Mahrad) 2013'),
(3400, '{{news}}', 78, 'summary', 'en', ''),
(3401, '{{news}}', 78, 'body', 'en', ''),
(3402, '{{news}}', 79, 'title', 'en', 'TOEFL iBT Score of Mr. Kananian (Siavash) 2013'),
(3403, '{{news}}', 79, 'summary', 'en', ''),
(3404, '{{news}}', 79, 'body', 'en', ''),
(3405, '{{news}}', 80, 'title', 'en', 'TOEFL iBT Score of Mr. Taghiyeh (Sajjad) 2013'),
(3406, '{{news}}', 80, 'summary', 'en', ''),
(3407, '{{news}}', 80, 'body', 'en', ''),
(3408, '{{news}}', 81, 'title', 'en', 'TOEFL iBT Score of Mr. Ghadyanloo (Behzad) 2013'),
(3409, '{{news}}', 81, 'summary', 'en', ''),
(3410, '{{news}}', 81, 'body', 'en', ''),
(3411, '{{news}}', 82, 'title', 'en', 'TOEFL iBT Score of Mr. Zaareh (Fazel) 2013'),
(3412, '{{news}}', 82, 'summary', 'en', ''),
(3413, '{{news}}', 82, 'body', 'en', ''),
(3414, '{{news}}', 83, 'title', 'en', 'TOEFL iBT Score of Mr. Marhabaee (Sina) 2013'),
(3415, '{{news}}', 83, 'summary', 'en', ''),
(3416, '{{news}}', 83, 'body', 'en', ''),
(3417, '{{news}}', 84, 'title', 'en', 'IELTS Academic Score of Ms Ejaredaar (Fatemeh) 2012'),
(3418, '{{news}}', 84, 'summary', 'en', ''),
(3419, '{{news}}', 84, 'body', 'en', ''),
(3420, '{{news}}', 85, 'title', 'en', 'TOEFL iBT Score of Ms. Zarinmehr (Nooshin) 2012'),
(3421, '{{news}}', 85, 'summary', 'en', ''),
(3422, '{{news}}', 85, 'body', 'en', ''),
(3423, '{{news}}', 86, 'title', 'en', 'TOEFL iBT Score of Ms. Mapar (...) 2012'),
(3424, '{{news}}', 86, 'summary', 'en', ''),
(3425, '{{news}}', 86, 'body', 'en', ''),
(3426, '{{news}}', 87, 'title', 'en', 'TOEFL iBT Score of Mr. Hassas (Seyed Babak) 2012'),
(3427, '{{news}}', 87, 'summary', 'en', ''),
(3428, '{{news}}', 87, 'body', 'en', ''),
(3429, '{{news}}', 88, 'title', 'en', 'TOEFL iBT Score of Ms. Ariafar (Setareh) 2012'),
(3430, '{{news}}', 88, 'summary', 'en', ''),
(3431, '{{news}}', 88, 'body', 'en', ''),
(3432, '{{news}}', 89, 'title', 'en', 'TOEFL iBT Score of Mr. Hatamizadeh (Ali) 2012'),
(3433, '{{news}}', 89, 'summary', 'en', ''),
(3434, '{{news}}', 89, 'body', 'en', ''),
(3435, '{{news}}', 90, 'title', 'en', 'TOEFL iBT Score of Mr. Zadkazemi Derakhshi (Amin) 2012'),
(3436, '{{news}}', 90, 'summary', 'en', ''),
(3437, '{{news}}', 90, 'body', 'en', ''),
(3438, '{{news}}', 91, 'title', 'en', 'TOEFL iBT Score of Mr. Rabienia (Siamak) 2012'),
(3439, '{{news}}', 91, 'summary', 'en', ''),
(3440, '{{news}}', 91, 'body', 'en', ''),
(3441, '{{news}}', 92, 'title', 'en', 'TOEFL iBT Score of Ms. Fallahi (Narges) 2012'),
(3442, '{{news}}', 92, 'summary', 'en', ''),
(3443, '{{news}}', 92, 'body', 'en', ''),
(3444, '{{news}}', 93, 'title', 'en', 'TOEFL iBT Score of Mr. Vasheghani Farahani (Iman) 2012'),
(3445, '{{news}}', 93, 'summary', 'en', ''),
(3446, '{{news}}', 93, 'body', 'en', ''),
(3447, '{{news}}', 94, 'title', 'en', 'TOEFL iBT Score of Mr. Jamshidy (Mohamed  Mehdi) 2012'),
(3448, '{{news}}', 94, 'summary', 'en', ''),
(3449, '{{news}}', 94, 'body', 'en', ''),
(3450, '{{news}}', 95, 'title', 'en', 'TOEFL iBT Score of Mr. Nikraz (...) 2012'),
(3451, '{{news}}', 95, 'summary', 'en', ''),
(3452, '{{news}}', 95, 'body', 'en', ''),
(3453, '{{news}}', 96, 'title', 'en', 'TOEFL iBT Score of Ms. Samnezhad (Mahshad) 2011'),
(3454, '{{news}}', 96, 'summary', 'en', ''),
(3455, '{{news}}', 96, 'body', 'en', ''),
(3456, '{{news}}', 97, 'title', 'en', 'TOEFL iBT Score of Ms. Hooshmand (Azin) 2011'),
(3457, '{{news}}', 97, 'summary', 'en', ''),
(3458, '{{news}}', 97, 'body', 'en', ''),
(3459, '{{news}}', 98, 'title', 'en', 'TOEFL iBT Score of Mr. Beyranvand (...) 2010'),
(3460, '{{news}}', 98, 'summary', 'en', ''),
(3461, '{{news}}', 98, 'body', 'en', ''),
(3462, '{{news}}', 99, 'title', 'en', 'TOEFL iBT Score of Ms. Alipour (Bahar) 2010'),
(3463, '{{news}}', 99, 'summary', 'en', ''),
(3464, '{{news}}', 99, 'body', 'en', ''),
(3465, '{{news}}', 100, 'title', 'en', 'TOEFL iBT Score of Mr. Karimi (Farhad ) 2011'),
(3466, '{{news}}', 100, 'summary', 'en', ''),
(3467, '{{news}}', 100, 'body', 'en', ''),
(3468, '{{news}}', 101, 'title', 'en', 'TOEFL iBT Score of Ms. Mohammadzadeh (Shiva) 2011'),
(3469, '{{news}}', 101, 'summary', 'en', ''),
(3470, '{{news}}', 101, 'body', 'en', ''),
(3471, '{{user_details}}', 459, 'name', 'en', ''),
(3472, '{{user_details}}', 459, 'family', 'en', ''),
(3473, '{{class_category_file_links}}', 308, 'title', 'en', 'The New Yorker Nov. 14, 2016'),
(3474, '{{class_category_file_links}}', 308, 'summary', 'en', ''),
(3475, '{{user_details}}', 460, 'name', 'en', ''),
(3476, '{{user_details}}', 460, 'family', 'en', ''),
(3477, '{{user_details}}', 461, 'name', 'en', ''),
(3478, '{{user_details}}', 461, 'family', 'en', ''),
(3479, '{{user_details}}', 462, 'name', 'en', ''),
(3480, '{{user_details}}', 462, 'family', 'en', ''),
(3481, '{{user_details}}', 463, 'name', 'en', ''),
(3482, '{{user_details}}', 463, 'family', 'en', ''),
(3483, '{{user_details}}', 464, 'name', 'en', ''),
(3484, '{{user_details}}', 464, 'family', 'en', ''),
(3485, '{{user_details}}', 465, 'name', 'en', ''),
(3486, '{{user_details}}', 465, 'family', 'en', ''),
(3487, '{{news}}', 102, 'title', 'en', 'TOEFL iBT Score of Mr. Fallah  (Alireza ) 2016'),
(3488, '{{news}}', 102, 'summary', 'en', ''),
(3489, '{{news}}', 102, 'body', 'en', ''),
(3490, '{{news}}', 103, 'title', 'en', 'GRE Score of Mr. Ghasemi (Payman) 2016'),
(3491, '{{news}}', 103, 'summary', 'en', ''),
(3492, '{{news}}', 103, 'body', 'en', ''),
(3493, '{{news}}', 104, 'title', 'en', 'TOEFL iBT Score of Mr. Kashi (Ali) 2016'),
(3494, '{{news}}', 104, 'summary', 'en', ''),
(3495, '{{news}}', 104, 'body', 'en', ''),
(3496, '{{news}}', 105, 'title', 'en', 'TOEFL iBT Score of Mr. Farshin (Alireza) 2016'),
(3497, '{{news}}', 105, 'summary', 'en', ''),
(3498, '{{news}}', 105, 'body', 'en', ''),
(3502, '{{user_details}}', 466, 'name', 'en', ''),
(3503, '{{user_details}}', 466, 'family', 'en', ''),
(3504, '{{user_details}}', 467, 'name', 'en', ''),
(3505, '{{user_details}}', 467, 'family', 'en', ''),
(3506, '{{user_details}}', 468, 'name', 'en', ''),
(3507, '{{user_details}}', 468, 'family', 'en', ''),
(3508, '{{user_details}}', 469, 'name', 'en', ''),
(3509, '{{user_details}}', 469, 'family', 'en', ''),
(3513, '{{user_details}}', 470, 'name', 'en', ''),
(3514, '{{user_details}}', 470, 'family', 'en', ''),
(3518, '{{user_details}}', 471, 'name', 'en', ''),
(3519, '{{user_details}}', 471, 'family', 'en', ''),
(3523, '{{class_category_file_links}}', 309, 'title', 'en', 'GRE Test Software'),
(3524, '{{class_category_file_links}}', 309, 'summary', 'en', 'In this software, several GRE tests, based on three levels of Easy, Medium, and Hard, are offered, which makes the learning of this test quite easy.'),
(3525, '{{class_category_file_links}}', 310, 'title', 'en', 'GPO (GRE Tests Software) (Windows Version)'),
(3526, '{{class_category_file_links}}', 310, 'summary', 'en', 'In this software, 12 GRE tests are offered, which cover all the modules in the GRE test.'),
(3527, '{{class_category_file_links}}', 311, 'title', 'en', 'GPO (GRE Tests Software) (Mac Version)'),
(3528, '{{class_category_file_links}}', 311, 'summary', 'en', 'In this software, 12 GRE tests are offered, which cover all the modules in the GRE test.'),
(3529, '{{user_details}}', 472, 'name', 'en', ''),
(3530, '{{user_details}}', 472, 'family', 'en', ''),
(3531, '{{user_details}}', 473, 'name', 'en', ''),
(3532, '{{user_details}}', 473, 'family', 'en', ''),
(3533, '{{class_categories}}', 63, 'title', 'en', 'Listening Materials from Basic to Advanced Levels'),
(3534, '{{class_categories}}', 63, 'summary', 'en', ''),
(3535, '{{user_details}}', 474, 'name', 'en', ''),
(3536, '{{user_details}}', 474, 'family', 'en', ''),
(3537, '{{user_details}}', 475, 'name', 'en', ''),
(3538, '{{user_details}}', 475, 'family', 'en', ''),
(3539, '{{class_category_file_links}}', 312, 'title', 'en', '500 Essential Words Manhattan Prep 1 '),
(3540, '{{class_category_file_links}}', 312, 'summary', 'en', ''),
(3541, '{{class_category_file_links}}', 313, 'title', 'en', '500 Advanced Words Manhattan Prep 2'),
(3542, '{{class_category_file_links}}', 313, 'summary', 'en', ''),
(3543, '{{class_category_file_links}}', 314, 'title', 'en', 'GRE Math Glossary prepared by  Some Students From Sharif University'),
(3544, '{{class_category_file_links}}', 314, 'summary', 'en', ''),
(3545, '{{class_category_file_links}}', 315, 'title', 'en', 'A Summary of GRE Formulas Used in the Quantitative Module'),
(3546, '{{class_category_file_links}}', 315, 'summary', 'en', ''),
(3547, '{{class_category_file_links}}', 316, 'title', 'en', 'GRE Software, including Kaplan, Barron''s, and ETS'),
(3548, '{{class_category_file_links}}', 316, 'summary', 'en', 'In order to use this software, you should first install Alcohol or Demon virtual drive software.\r\nhttps://drive.google.com/open?id=0B8V9PkAm4QfTejN6S1ZWdzRoblk'),
(3551, '{{class_category_file_links}}', 317, 'title', 'en', 'Alcohol virtual drive software'),
(3552, '{{class_category_file_links}}', 317, 'summary', 'en', 'Alcohol virtual drive software.'),
(3553, '{{class_category_file_links}}', 318, 'title', 'en', 'The Official Guide to the GRE Verbal Reasoning Practice Questions Vol One'),
(3554, '{{class_category_file_links}}', 318, 'summary', 'en', ''),
(3555, '{{class_category_file_links}}', 319, 'title', 'en', 'RC GRE Verbal'),
(3556, '{{class_category_file_links}}', 319, 'summary', 'en', ''),
(3557, '{{class_category_file_links}}', 320, 'title', 'en', 'Practice Book for the GRE Paper-based GRE Revised General Test'),
(3558, '{{class_category_file_links}}', 320, 'summary', 'en', ''),
(3559, '{{class_category_file_links}}', 321, 'title', 'en', 'POWERPREPIIV2'),
(3560, '{{class_category_file_links}}', 321, 'summary', 'en', ''),
(3561, '{{class_category_file_links}}', 322, 'title', 'en', 'Official GRE Quantitative Reasoning Educational Testing Service'),
(3562, '{{class_category_file_links}}', 322, 'summary', 'en', ''),
(3567, '{{class_category_file_links}}', 325, 'title', 'en', 'Big Book Verbal'),
(3568, '{{class_category_file_links}}', 325, 'summary', 'en', ''),
(3571, '{{class_category_file_links}}', 327, 'title', 'en', 'AdobeAIRInstaller'),
(3572, '{{class_category_file_links}}', 327, 'summary', 'en', ''),
(3573, '{{user_details}}', 476, 'name', 'en', ''),
(3574, '{{user_details}}', 476, 'family', 'en', ''),
(3575, '{{user_details}}', 477, 'name', 'en', ''),
(3576, '{{user_details}}', 477, 'family', 'en', ''),
(3577, '{{user_details}}', 478, 'name', 'en', ''),
(3578, '{{user_details}}', 478, 'family', 'en', ''),
(3579, '{{user_details}}', 479, 'name', 'en', ''),
(3580, '{{user_details}}', 479, 'family', 'en', ''),
(3581, '{{class_category_file_links}}', 328, 'title', 'en', 'Introduction to the GRE - Magoosh'),
(3582, '{{class_category_file_links}}', 328, 'summary', 'en', ''),
(3583, '{{class_category_file_links}}', 329, 'title', 'en', '(Magoosh) Text Completion - Sentence Equivalence - Vocabulary - Reading Comprehension - Paragraph Argument'),
(3584, '{{class_category_file_links}}', 329, 'summary', 'en', ''),
(3587, '{{class_category_file_links}}', 331, 'title', 'en', 'Analytical Writing Assessment - AWA  - Argument & Issue (Magoosh)'),
(3588, '{{class_category_file_links}}', 331, 'summary', 'en', ''),
(3589, '{{class_category_file_links}}', 332, 'title', 'en', 'GRE Math Bible - Nova'),
(3590, '{{class_category_file_links}}', 332, 'summary', 'en', ''),
(3591, '{{class_category_file_links}}', 333, 'title', 'en', 'Verbal Advantage - 10 Easy Steps to a Powerful Vocabulary (Unabridged) (PDF)'),
(3592, '{{class_category_file_links}}', 333, 'summary', 'en', 'This book, which has a great audio file, is a wonderful source for improving GRE vocabulary.'),
(3593, '{{class_category_file_links}}', 334, 'title', 'en', 'Verbal Advantage - Audio Files'),
(3594, '{{class_category_file_links}}', 334, 'summary', 'en', ''),
(3595, '{{class_category_file_links}}', 335, 'title', 'en', 'Word Roots, Prefixes & Suffixes Flashcards'),
(3596, '{{class_category_file_links}}', 335, 'summary', 'en', ''),
(3597, '{{class_category_file_links}}', 336, 'title', 'en', 'English Language Roots, Prefixes & Suffixes'),
(3598, '{{class_category_file_links}}', 336, 'summary', 'en', ''),
(3599, '{{class_category_file_links}}', 337, 'title', 'en', ' Word Formation Class Syllabus'),
(3600, '{{class_category_file_links}}', 337, 'summary', 'en', 'Word Formation Class\r\n\r\nOne of the biggest problems every IELTS, TOEFL, and GRE candidate faces is the issue of vocabulary. It will not be an exaggeration if one says that the task of learning vocabularies is so formidable that many candidates have no choice except shying away from or postponing the exam. However, there are some ways which are able to reduce the amount of challenge for the candidates, and one of the best ones is learning words through word formation. The syllabus proposed by Avaye Shahir Institute is a shortcut to internalize 1,200 English words in just eight sessions. A simple look at the syllabus makes it clear that the sample words indicated are not easy and can challenge any candidate. Nonetheless, instead of demotivating the learners, the trainer has arranged them in a way that they can make learning experience a fascinating and constructive effort. Each session is divided into three parts: the focus in the first part is on prefixes and suffixes alongside main ideas. The second and third part are arranged harmoniously to cover a broad range of vocabularies without threatening the curiosity of the learners. There is also a section devised in the second group that considers English words borrowed from other languages. It should be mentioned that the candidates can cover 10 vocabularies derived from every word; that means, they learn 150 words in each session. There are also some exercises accompanied by the term pamphlet to assist the candidates to internalize the words effectively and efficiently.\r\nHossein Khezerlou'),
(3601, '{{class_category_file_links}}', 338, 'title', 'en', 'Prefixes, Suffixes, and Common Word Roots 1'),
(3602, '{{class_category_file_links}}', 338, 'summary', 'en', ''),
(3603, '{{class_category_file_links}}', 339, 'title', 'en', 'Prefixes, Suffixes, and Common Word Roots 2'),
(3604, '{{class_category_file_links}}', 339, 'summary', 'en', ''),
(3605, '{{class_category_file_links}}', 340, 'title', 'en', 'Prefixes, Suffixes, and Common Word Roots 3 pdf'),
(3606, '{{class_category_file_links}}', 340, 'summary', 'en', ''),
(3607, '{{class_category_file_links}}', 341, 'title', 'en', '[Arthur Benjamin, Michael Shermer] Secrets of Mental Math'),
(3608, '{{class_category_file_links}}', 341, 'summary', 'en', ''),
(3609, '{{class_category_file_links}}', 342, 'title', 'en', 'Barron''s Essential 800 Words for the GRE'),
(3610, '{{class_category_file_links}}', 342, 'summary', 'en', ''),
(3611, '{{class_category_file_links}}', 343, 'title', 'en', 'Essential Words for the GRE - 2nd Edition - Barron''s'),
(3612, '{{class_category_file_links}}', 343, 'summary', 'en', ''),
(3613, '{{class_category_file_links}}', 344, 'title', 'en', 'Pocket GRE Math (Mobile Application)'),
(3614, '{{class_category_file_links}}', 344, 'summary', 'en', ''),
(3619, '{{class_category_file_links}}', 346, 'title', 'en', '1300 Math Formulas (Mobile Software)'),
(3620, '{{class_category_file_links}}', 346, 'summary', 'en', ''),
(3621, '{{class_category_file_links}}', 347, 'title', 'en', 'TOEFL iBT Preparation (Mobile Software)'),
(3622, '{{class_category_file_links}}', 347, 'summary', 'en', ''),
(3625, '{{class_category_file_links}}', 349, 'title', 'en', 'Magoosh Quantitative - Algebra - Geometry - Statistics'),
(3626, '{{class_category_file_links}}', 349, 'summary', 'en', ''),
(3627, '{{user_details}}', 480, 'name', 'en', ''),
(3628, '{{user_details}}', 480, 'family', 'en', ''),
(3631, '{{article_files}}', 67, 'title', 'en', 'Test'),
(3632, '{{article_files}}', 67, 'summary', 'en', ''),
(3633, '{{article_file_links}}', 316, 'title', 'en', 'Test'),
(3634, '{{article_file_links}}', 316, 'summary', 'en', ''),
(3635, '{{class_categories}}', 65, 'title', 'en', 'Comprehensive Sources'),
(3636, '{{class_categories}}', 65, 'summary', 'en', '<p dir="ltr">&nbsp;These sources are comprehensive and cover all the skills in the GRE test.</p>\r\n'),
(3637, '{{class_category_file_links}}', 350, 'title', 'en', 'The Official Guide to the GRE Revised General Test 2nd Edition'),
(3638, '{{class_category_file_links}}', 350, 'summary', 'en', 'The Official Guide, which is offered by ETS, covers all the skills of the GRE test.'),
(3639, '{{class_category_file_links}}', 351, 'title', 'en', 'Manhattan GRE Second Edition Strategy Guides'),
(3640, '{{class_category_file_links}}', 351, 'summary', 'en', 'Manhattan GRE Second Edition Strategy Guides cover all the skills of the GRE test.'),
(3641, '{{class_category_file_links}}', 352, 'title', 'en', 'Manhattan 5lb-2015'),
(3642, '{{class_category_file_links}}', 352, 'summary', 'en', 'Manhattan 5lb-2015 covers all the skills of the GRE test.'),
(3643, '{{faq_categories}}', 1, 'title', 'en', ''),
(3644, '{{faq}}', 1, 'title', 'en', 'IELTS Reading (Academic and General)'),
(3645, '{{faq}}', 1, 'body', 'en', ''),
(3646, '{{faq}}', 2, 'title', 'en', 'General'),
(3647, '{{faq}}', 2, 'body', 'en', ''),
(3648, '{{faq}}', 3, 'title', 'en', 'IELTS Listening (Academic and General)'),
(3649, '{{faq}}', 3, 'body', 'en', ''),
(3650, '{{faq}}', 4, 'title', 'en', 'IELTS Speaking (Academic and General)'),
(3651, '{{faq}}', 4, 'body', 'en', ''),
(3652, '{{faq}}', 5, 'title', 'en', 'IELTS Writing  (Academic and General)'),
(3653, '{{faq}}', 5, 'body', 'en', ''),
(3654, '{{user_details}}', 481, 'name', 'en', ''),
(3655, '{{user_details}}', 481, 'family', 'en', ''),
(3656, '{{class_category_file_links}}', 353, 'title', 'en', 'Eat That Frog (CD)'),
(3657, '{{class_category_file_links}}', 353, 'summary', 'en', ''),
(3658, '{{class_category_file_links}}', 354, 'title', 'en', 'The Power of Clarity by Brian Tracy (CD)'),
(3659, '{{class_category_file_links}}', 354, 'summary', 'en', ''),
(3660, '{{class_category_file_links}}', 355, 'title', 'en', '101 American English Idioms + CD'),
(3661, '{{class_category_file_links}}', 355, 'summary', 'en', ''),
(3662, '{{class_category_file_links}}', 356, 'title', 'en', 'Can You Believe It?'),
(3663, '{{class_category_file_links}}', 356, 'summary', 'en', 'Memorable readings from true life combined with idioms and vocabulary development.'),
(3664, '{{class_category_file_links}}', 357, 'title', 'en', 'WordPlay: 550+ Words You Need to Know'),
(3665, '{{class_category_file_links}}', 357, 'summary', 'en', ' This program, which is based on the book 1100 Words You Need to Know, presents seven humorous dramatizations designed to build students’ word power while preparing them for the SAT, ACT, and ESL tests.'),
(3666, '{{class_category_file_links}}', 358, 'title', 'en', '101 American English Riddles : Understanding Language and Culture Through Humor '),
(3667, '{{class_category_file_links}}', 358, 'summary', 'en', 'Humorous riddles with comic illustrations help ESL students gain new insights into American language and culture. Each riddle is accompanied by text that helps students grasp and master the underlying linguistic and cultural reasons why the joke is funny.'),
(3668, '{{class_category_file_links}}', 359, 'title', 'en', 'The Slangman Guide to Street Speak'),
(3669, '{{class_category_file_links}}', 359, 'summary', 'en', 'The Slangman Guide to STREET SPEAK 1 takes you through the colorful and popular world of everyday American slang and idioms used by all native speakers of English in the US. It has been featured on CNN, BBC, Voice of America, and several other international TV broadcasts.'),
(3670, '{{class_category_file_links}}', 360, 'title', 'en', 'The 21 Success Secrets of Self-Made Millionaires by Brian Tracy'),
(3671, '{{class_category_file_links}}', 360, 'summary', 'en', 'How to Achieve Financial Independence Faster and Easier Than You Ever Thought Possible'),
(3672, '{{class_category_file_links}}', 361, 'title', 'en', 'The 21 Absolutely Unbreakable Laws of Money  by Brian Tracy'),
(3673, '{{class_category_file_links}}', 361, 'summary', 'en', 'When you practice these powerful laws and principles in your own life, your financial future will be guaranteed. Learn how to earn more, save more, invest better, get out of debt, and become financially independent. Each strategy has been tested and proven to work. Listen, learn, and implement these ideas - starting today!'),
(3674, '{{class_category_file_links}}', 362, 'title', 'en', '1_minute Entrepreneur'),
(3675, '{{class_category_file_links}}', 362, 'summary', 'en', ''),
(3676, '{{class_category_file_links}}', 363, 'title', 'en', 'Success Mastery Academy (16 disks)'),
(3677, '{{class_category_file_links}}', 363, 'summary', 'en', 'Achieve Peak Performance with Brian Tracy''s "Success Mastery Academy"'),
(3678, '{{class_category_file_links}}', 364, 'title', 'en', 'Deep Learning'),
(3679, '{{class_category_file_links}}', 364, 'summary', 'en', 'The Deep Learning textbook is a resource intended to help students and practitioners enter the field of machine learning in general and deep learning in particular.'),
(3680, '{{class_category_file_links}}', 365, 'title', 'en', 'Master Key'),
(3681, '{{class_category_file_links}}', 365, 'summary', 'en', ''),
(3682, '{{class_category_file_links}}', 366, 'title', 'en', 'Special English VOA News'),
(3683, '{{class_category_file_links}}', 366, 'summary', 'en', ''),
(3684, '{{class_category_file_links}}', 367, 'title', 'en', 'Tools of Thinking CD'),
(3685, '{{class_category_file_links}}', 367, 'summary', 'en', ''),
(3686, '{{class_category_file_links}}', 368, 'title', 'en', 'Ultimate Goals Program'),
(3687, '{{class_category_file_links}}', 368, 'summary', 'en', ''),
(3688, '{{articles}}', 15, 'title', 'en', 'Applications & Educational Software'),
(3689, '{{articles}}', 15, 'summary', 'en', '<p dir="ltr">These pieces of software are put on the site so that they can facilitate your learning process.</p>\r\n'),
(3692, '{{article_files}}', 68, 'title', 'en', ''),
(3693, '{{article_files}}', 68, 'summary', 'en', ''),
(3694, '{{article_file_links}}', 317, 'title', 'en', 'Alcohol Software'),
(3695, '{{article_file_links}}', 317, 'summary', 'en', 'Alcohol Software for making virtual drives.'),
(3696, '{{article_file_links}}', 318, 'title', 'en', 'AdobeAIRInstaller'),
(3697, '{{article_file_links}}', 318, 'summary', 'en', ''),
(3700, '{{articles}}', 17, 'title', 'en', 'Links of Other Sites'),
(3701, '{{articles}}', 17, 'summary', 'en', '<p dir="ltr">Here, you can find the links which offer decent educational materials, software, etc.</p>\r\n'),
(3704, '{{user_details}}', 482, 'name', 'en', ''),
(3705, '{{user_details}}', 482, 'family', 'en', ''),
(3706, '{{article_categories}}', 2, 'title', 'en', 'General'),
(3707, '{{article_categories}}', 3, 'title', 'en', 'General English (Vocab, Grammar, Writing, & Reading)'),
(3708, '{{user_details}}', 483, 'name', 'en', ''),
(3709, '{{user_details}}', 483, 'family', 'en', ''),
(3710, '{{user_details}}', 484, 'name', 'en', ''),
(3711, '{{user_details}}', 484, 'family', 'en', ''),
(3712, '{{user_details}}', 485, 'name', 'en', ''),
(3713, '{{user_details}}', 485, 'family', 'en', ''),
(3714, '{{class_category_file_links}}', 369, 'title', 'en', 'English Vocabulary in Use Elementary with Answers'),
(3715, '{{class_category_file_links}}', 369, 'summary', 'en', 'Whether you''re studying on your own or in class, English Vocabulary in Use Elementary covers all the words and phrases you need at this level to understand and be understood in English.'),
(3716, '{{class_category_file_links}}', 370, 'title', 'en', 'English Vocabulary in Use Pre-intermediate and Intermediate with Answers'),
(3717, '{{class_category_file_links}}', 370, 'summary', 'en', 'Whether you''re studying on your own or in class, English Vocabulary in Use Pre-intermediate and Intermediate covers all the words and phrases you need at this level to understand and be understood in English.'),
(3720, '{{article_files}}', 1, 'title', 'en', ''),
(3721, '{{article_files}}', 1, 'summary', 'en', ''),
(3724, '{{article_files}}', 2, 'title', 'en', ''),
(3725, '{{article_files}}', 2, 'summary', 'en', ''),
(3726, '{{articles}}', 18, 'title', 'en', 'Vocabulary and Grammar'),
(3727, '{{articles}}', 18, 'summary', 'en', ''),
(3728, '{{article_file_links}}', 319, 'title', 'en', ' Destination B1 Grammar and Vocabulary'),
(3729, '{{article_file_links}}', 319, 'summary', 'en', ''),
(3730, '{{article_file_links}}', 320, 'title', 'en', ''),
(3731, '{{article_file_links}}', 320, 'summary', 'en', ''),
(3732, '{{article_file_links}}', 321, 'title', 'en', ''),
(3733, '{{article_file_links}}', 321, 'summary', 'en', ''),
(3734, '{{article_file_links}}', 322, 'title', 'en', ''),
(3735, '{{article_file_links}}', 322, 'summary', 'en', ''),
(3736, '{{article_file_links}}', 323, 'title', 'en', ''),
(3737, '{{article_file_links}}', 323, 'summary', 'en', ''),
(3738, '{{user_details}}', 486, 'name', 'en', ''),
(3739, '{{user_details}}', 486, 'family', 'en', ''),
(3744, '{{article_links}}', 5, 'title', 'en', 'VocabMonster Flashcards'),
(3745, '{{article_links}}', 5, 'summary', 'en', 'These audio-visual flash cards, prepared by an Iranian team, are great vocabulary sources for those who want to take part in such exams as TOEFL, IELTS, GRE, GMAT, PhD TOEFL, and so on.'),
(3746, '{{article_categories}}', 4, 'title', 'en', 'Useful Sites, Books, and Other Materials'),
(3747, '{{article_links}}', 6, 'title', 'en', 'Mehrdad Naderi''s Official Website'),
(3748, '{{article_links}}', 6, 'summary', 'en', 'Mehrdad Naderi is one of the most educated people in the field of Computer Technology, whose educational courses in the form of videos he broadcast are one of a kind. To see his outstanding resume or to download his taught courses free, visit his official website.'),
(3749, '{{article_links}}', 7, 'title', 'en', '4000 Essential English Words Software'),
(3750, '{{article_links}}', 7, 'summary', 'en', 'This book which is from a 6-volume series is an invaluable source for learning vocabulary. All the words, their definition, and the examples are all read by an American native speaker, which lets you learn the words professionally. It has a story at the end of each chapter in which all the new words are used. '),
(3751, '{{article_categories}}', 5, 'title', 'en', 'Download Software, Dictionaries, and Mobile Applications'),
(3752, '{{user_details}}', 487, 'name', 'en', ''),
(3753, '{{user_details}}', 487, 'family', 'en', ''),
(3754, '{{user_details}}', 488, 'name', 'en', ''),
(3755, '{{user_details}}', 488, 'family', 'en', ''),
(3756, '{{user_details}}', 489, 'name', 'en', ''),
(3757, '{{user_details}}', 489, 'family', 'en', ''),
(3758, '{{article_file_links}}', 324, 'title', 'en', ''),
(3759, '{{article_file_links}}', 324, 'summary', 'en', ''),
(3760, '{{article_file_links}}', 325, 'title', 'en', 'Basic English Grammar Book 2 (Anne Seaton)'),
(3761, '{{article_file_links}}', 325, 'summary', 'en', ''),
(3762, '{{article_file_links}}', 326, 'title', 'en', 'When Bad Grammar Happens to Good People: How to Avoid Common Errors in English'),
(3763, '{{article_file_links}}', 326, 'summary', 'en', 'Identify and correct the most common errors written and spoken in English with the help of this humorous handbook.'),
(3764, '{{article_file_links}}', 327, 'title', 'en', ' Writing: Grammar, Usage, and Style'),
(3765, '{{article_file_links}}', 327, 'summary', 'en', ''),
(3766, '{{article_file_links}}', 328, 'title', 'en', 'The Complete Idiot''s Guide to Grammar And Style, 2nd Edition'),
(3767, '{{article_file_links}}', 328, 'summary', 'en', ''),
(3768, '{{article_file_links}}', 329, 'title', 'en', 'Fun with Grammar: Communicative Activities for the Azar Grammar Series'),
(3769, '{{article_file_links}}', 329, 'summary', 'en', ''),
(3770, '{{article_file_links}}', 330, 'title', 'en', 'The Oxford English Grammar'),
(3771, '{{article_file_links}}', 330, 'summary', 'en', ''),
(3772, '{{article_file_links}}', 331, 'title', 'en', 'Oxford Practice Grammar: With Answers'),
(3773, '{{article_file_links}}', 331, 'summary', 'en', ''),
(3774, '{{article_file_links}}', 332, 'title', 'en', 'More Grammar Games PDF'),
(3775, '{{article_file_links}}', 332, 'summary', 'en', ''),
(3776, '{{article_file_links}}', 333, 'title', 'en', 'English Grammar for the Utterly Confused PDF'),
(3777, '{{article_file_links}}', 333, 'summary', 'en', ''),
(3778, '{{article_file_links}}', 334, 'title', 'en', 'Grammar Practice for Upper Intermediate Students PDF'),
(3779, '{{article_file_links}}', 334, 'summary', 'en', ''),
(3780, '{{article_file_links}}', 335, 'title', 'en', 'New Grammar Practice for Pre-Intermediate Students PDF'),
(3781, '{{article_file_links}}', 335, 'summary', 'en', ''),
(3782, '{{article_file_links}}', 336, 'title', 'en', 'Grammar Practice for Elementary Students PDF'),
(3783, '{{article_file_links}}', 336, 'summary', 'en', ''),
(3784, '{{article_file_links}}', 337, 'title', 'en', 'Acing The Sat 2006 PDF '),
(3785, '{{article_file_links}}', 337, 'summary', 'en', ''),
(3786, '{{article_file_links}}', 338, 'title', 'en', 'Grammar for ESL Learners PDF'),
(3787, '{{article_file_links}}', 338, 'summary', 'en', ''),
(3788, '{{article_file_links}}', 339, 'title', 'en', 'Grammar Practice for Intermediate Students PDF'),
(3789, '{{article_file_links}}', 339, 'summary', 'en', ''),
(3790, '{{article_file_links}}', 340, 'title', 'en', 'Grammar Essentials  PDF'),
(3791, '{{article_file_links}}', 340, 'summary', 'en', ''),
(3792, '{{article_file_links}}', 341, 'title', 'en', 'Grammar and Usage For Better Writing PDF '),
(3793, '{{article_file_links}}', 341, 'summary', 'en', ''),
(3794, '{{article_file_links}}', 342, 'title', 'en', 'Goof-Proof Grammar PDF'),
(3795, '{{article_file_links}}', 342, 'summary', 'en', ''),
(3796, '{{article_file_links}}', 343, 'title', 'en', 'Focus on Advanced English PDF + CD'),
(3797, '{{article_file_links}}', 343, 'summary', 'en', ''),
(3798, '{{article_file_links}}', 344, 'title', 'en', 'English Grammar For Dummies PDF'),
(3799, '{{article_file_links}}', 344, 'summary', 'en', ''),
(3800, '{{article_file_links}}', 345, 'title', 'en', 'English Grammar Workbook for Dummies PDF'),
(3801, '{{article_file_links}}', 345, 'summary', 'en', ''),
(3802, '{{article_file_links}}', 346, 'title', 'en', 'Grammar Zappers PDF'),
(3803, '{{article_file_links}}', 346, 'summary', 'en', ''),
(3804, '{{article_file_links}}', 347, 'title', 'en', 'Common Errors in English Usage PDF'),
(3805, '{{article_file_links}}', 347, 'summary', 'en', ''),
(3806, '{{article_file_links}}', 348, 'title', 'en', 'Grammar with Laughter PDF'),
(3807, '{{article_file_links}}', 348, 'summary', 'en', ''),
(3808, '{{article_file_links}}', 349, 'title', 'en', 'Developing Grammar in Context Intermediate  PDF'),
(3809, '{{article_file_links}}', 349, 'summary', 'en', ''),
(3810, '{{article_file_links}}', 350, 'title', 'en', 'Basic English Grammar (Betty Azar) PDF'),
(3811, '{{article_file_links}}', 350, 'summary', 'en', ''),
(3812, '{{article_file_links}}', 351, 'title', 'en', 'Grammar and Vocabulary for Cambridge Advanced and Proficiency'),
(3813, '{{article_file_links}}', 351, 'summary', 'en', 'This book is for any advanced student of English but it is particularly relevant to people studying for the Cambridge Certificate in Advanced English (CAE) or the Certificate of Proficiency in English (CPE) exams.'),
(3814, '{{article_file_links}}', 352, 'title', 'en', 'English Vocabulary in Use Advanced'),
(3815, '{{article_file_links}}', 352, 'summary', 'en', ''),
(3816, '{{article_file_links}}', 353, 'title', 'en', 'English Vocabulary in Use Pre-intermediate and Intermediate with Answers'),
(3817, '{{article_file_links}}', 353, 'summary', 'en', ''),
(3818, '{{article_file_links}}', 354, 'title', 'en', 'English Vocabulary in Use Elementary with Answers'),
(3819, '{{article_file_links}}', 354, 'summary', 'en', ''),
(3820, '{{article_file_links}}', 355, 'title', 'en', 'Advanced Grammar in Use'),
(3821, '{{article_file_links}}', 355, 'summary', 'en', 'The book is intended for advanced students of English. It is written mainly as a self-study book, but might also be used in class with a teacher.'),
(3822, '{{article_file_links}}', 356, 'title', 'en', '101 American English Idioms + CD'),
(3823, '{{article_file_links}}', 356, 'summary', 'en', ''),
(3824, '{{article_file_links}}', 357, 'title', 'en', ''),
(3825, '{{article_file_links}}', 357, 'summary', 'en', ''),
(3826, '{{article_file_links}}', 358, 'title', 'en', ' WordPlay: 550+ Words You Need to Know'),
(3827, '{{article_file_links}}', 358, 'summary', 'en', ' This program, which is based on the book 1100 Words You Need to Know, presents seven humorous dramatizations designed to build students’ word power while preparing them for the SAT, ACT, and ESL tests.'),
(3828, '{{article_file_links}}', 359, 'title', 'en', '101 American English Riddles : Understanding Language and Culture Through Humor '),
(3829, '{{article_file_links}}', 359, 'summary', 'en', 'Humorous riddles with comic illustrations help ESL students gain new insights into American language and culture. Each riddle is accompanied by text that helps students grasp and master the underlying linguistic and cultural reasons why the joke is funny.'),
(3830, '{{article_file_links}}', 360, 'title', 'en', 'The Slangman Guide to Street Speak PDF'),
(3831, '{{article_file_links}}', 360, 'summary', 'en', 'The Slangman Guide to STREET SPEAK 1 takes you through the colorful and popular world of everyday American slang and idioms used by all native speakers of English in the US. It has been featured on CNN, BBC, Voice of America, and several other international TV broadcasts.'),
(3832, '{{article_file_links}}', 361, 'title', 'en', 'English Collocations in Use Intermediate PDF');
INSERT INTO `ym_translations` (`id`, `table_name`, `model_id`, `attribute`, `lang`, `value`) VALUES
(3833, '{{article_file_links}}', 361, 'summary', 'en', 'This book presents and practises hundreds of collocations in typical contexts and is ideal for intermediate level students and above who want to take their English to the next level.'),
(3834, '{{article_file_links}}', 362, 'title', 'en', 'English Collocations in Use Advanced PDF'),
(3835, '{{article_file_links}}', 362, 'summary', 'en', 'Covers all the most useful collocations (common word combinations) at Advanced level to help make your English more fluent and natural-sounding.'),
(3836, '{{article_file_links}}', 363, 'title', 'en', '4000 Essential English Words Book 1'),
(3837, '{{article_file_links}}', 363, 'summary', 'en', 'This book which is from a 6-volume series is an invaluable source for learning vocabulary. All the words, their definition, and the examples are all read by an American native speaker, which lets you learn the words professionally. It has a story at the end of each chapter in which all the new words are used. '),
(3838, '{{article_file_links}}', 364, 'title', 'en', 'Word Power in 15 Minutes a Day PDF'),
(3839, '{{article_file_links}}', 364, 'summary', 'en', 'It''s true: building your vocabulary doesn''t have to take a long time-and it doesn''t have to be boring! In just one month, students can have an impressive number of words in their repertoire, which sets them on a course toward success for the rest of their lives. '),
(3840, '{{article_file_links}}', 365, 'title', 'en', 'Vocabulary & Spelling Success in 20 Minutes a Day PDF'),
(3841, '{{article_file_links}}', 365, 'summary', 'en', 'Vocabulary and spelling skills play a crucial role in your success every step along the way from high school, to college, to the job world. Vocabulary & Spelling Success in 20 Minutes a Day will help you significantly increase your vocabulary and spelling proficiency.'),
(3842, '{{article_file_links}}', 366, 'title', 'en', ' Just In Time Vocabulary PDF'),
(3843, '{{article_file_links}}', 366, 'summary', 'en', ''),
(3844, '{{article_categories}}', 6, 'title', 'en', 'Educational Videos'),
(3845, '{{articles}}', 19, 'title', 'en', 'Videos about Grammar '),
(3846, '{{articles}}', 19, 'summary', 'en', '<p dir="ltr">Here, you can download videos about grammar.</p>\r\n'),
(3847, '{{article_file_links}}', 367, 'title', 'en', ''),
(3848, '{{article_file_links}}', 367, 'summary', 'en', ''),
(3849, '{{article_file_links}}', 368, 'title', 'en', 'The Complete English Grammar Series 2'),
(3850, '{{article_file_links}}', 368, 'summary', 'en', ''),
(3851, '{{article_file_links}}', 369, 'title', 'en', 'The Complete English Grammar Series 3'),
(3852, '{{article_file_links}}', 369, 'summary', 'en', ''),
(3853, '{{article_file_links}}', 370, 'title', 'en', 'The Complete English Grammar Series 4'),
(3854, '{{article_file_links}}', 370, 'summary', 'en', ''),
(3855, '{{article_file_links}}', 371, 'title', 'en', 'The Complete English Grammar Series 5'),
(3856, '{{article_file_links}}', 371, 'summary', 'en', ''),
(3857, '{{article_file_links}}', 372, 'title', 'en', 'The Complete English Grammar Series 7'),
(3858, '{{article_file_links}}', 372, 'summary', 'en', ''),
(3859, '{{article_file_links}}', 373, 'title', 'en', 'The Complete English Grammar Series 8'),
(3860, '{{article_file_links}}', 373, 'summary', 'en', ''),
(3861, '{{article_file_links}}', 374, 'title', 'en', 'The Complete English Grammar Series 9'),
(3862, '{{article_file_links}}', 374, 'summary', 'en', ''),
(3863, '{{article_file_links}}', 375, 'title', 'en', 'The Complete English Grammar Series 10'),
(3864, '{{article_file_links}}', 375, 'summary', 'en', ''),
(3865, '{{news_categories}}', 8, 'title', 'en', '2016 Report Cards'),
(3866, '{{news}}', 110, 'title', 'en', 'TOEFL iBT Score of Mr. Saleh (Hamed) 2016'),
(3867, '{{news}}', 110, 'summary', 'en', ''),
(3868, '{{news}}', 110, 'body', 'en', ''),
(3869, '{{article_file_links}}', 376, 'title', 'en', 'The Complete English Grammar Series 6'),
(3870, '{{article_file_links}}', 376, 'summary', 'en', ''),
(3871, '{{news}}', 111, 'title', 'en', 'TOEFL iBT Score of Mr. Rastegar (Sina) 2016'),
(3872, '{{news}}', 111, 'summary', 'en', ''),
(3873, '{{news}}', 111, 'body', 'en', ''),
(3874, '{{news}}', 112, 'title', 'en', 'TOEFL iBT & GRE Scores of Mr. Esfandiari (Mojtaba) 2016'),
(3875, '{{news}}', 112, 'summary', 'en', ''),
(3876, '{{news}}', 112, 'body', 'en', ''),
(3877, '{{news_categories}}', 9, 'title', 'en', '2011 Report Cards'),
(3878, '{{news_categories}}', 10, 'title', 'en', '2012 Report Cards'),
(3879, '{{news_categories}}', 11, 'title', 'en', '2010 Report Cards'),
(3880, '{{news_categories}}', 12, 'title', 'en', '2013 Report Cards'),
(3881, '{{news_categories}}', 13, 'title', 'en', '2014 Report Cards'),
(3882, '{{news_categories}}', 14, 'title', 'en', '2015 Report Cards'),
(3883, '{{news}}', 113, 'title', 'en', 'Correction of GRE Samples Free of Charge'),
(3884, '{{news}}', 113, 'summary', 'en', 'Test'),
(3885, '{{news}}', 113, 'body', 'en', '<p>با سلام خدمت دوستان عزیز.&nbsp;<br />\r\nخبر خوبی دارم برای دوستانی که قصد شرکت در آزمون GRE دارند و مایلند رایتینگ خود را محک بزنند.</p>\r\n\r\n<p>این دوستان می توانند با ارائه تصویری از ثبت نام خود، یک نمونه رایتینگ به انتخاب خود (Issue یا Argument) را برای موسسه ارسال نمایند تا بصورت رایگان برایشان تصحیح گردد. با این کار دوستان می توانند نمره&zwnj; رایتینگ خود را بر اساس معیار ETS داشته باشند و فيدبک جامعی در مورد محتوا، انسجام، لغت و گرامر رایتینگ خود بصورت مکتوب دریافت نمایند.<br />\r\n&nbsp;<br />\r\nاگر این دوستان راضی باشند و موافقت نمایند، محتوای نوشتاری این رایتینگ ها در متون و بحث های آموزشی موسسه مورد استفاده قرار خواهد گرفت.</p>\r\n\r\n<p>لازم به ذکر است که اطلاعات فردی دوستان نزد آموزشگاه محرمانه خواهد ماند.&nbsp;</p>\r\n\r\n<p>دوستانی که مایل هستند می&zwnj;توانند تصویر ثبت نام خود را به ایمیل آموزشگاه (Paris@avayeshahir.com) ارسال نمایند.</p>\r\n\r\n<p>با تشکر امیر خادم.</p>\r\n'),
(3886, '{{article_file_links}}', 377, 'title', 'en', 'Prepositionary: the writer''s guide to prepositions'),
(3887, '{{article_file_links}}', 377, 'summary', 'en', 'This text is a comprehensive guide to English prepositions.'),
(3888, '{{article_file_links}}', 378, 'title', 'en', ''),
(3889, '{{article_file_links}}', 378, 'summary', 'en', ''),
(3890, '{{article_file_links}}', 379, 'title', 'en', 'American Slang Quiz'),
(3891, '{{article_file_links}}', 379, 'summary', 'en', ''),
(3892, '{{article_file_links}}', 380, 'title', 'en', 'Memrise Software'),
(3893, '{{article_file_links}}', 380, 'summary', 'en', ''),
(3894, '{{article_links}}', 8, 'title', 'en', 'AnkiDroid Flashcards for Mobiles'),
(3895, '{{article_links}}', 8, 'summary', 'en', 'AnkiDroid Flashcards - Android Apps on Google Play\r\nMemorize anything efficiently with AnkiDroid!Many free decks available.'),
(3896, '{{article_file_links}}', 381, 'title', 'en', 'AnkiDroid'),
(3897, '{{article_file_links}}', 381, 'summary', 'en', 'This software is similar to Lightner Box, for which almost all the books necessary for TOEFL, IELTS, GRE, GMAT, etc, are prepared. '),
(3898, '{{article_file_links}}', 382, 'title', 'en', 'Anki for windows'),
(3899, '{{article_file_links}}', 382, 'summary', 'en', ''),
(3900, '{{article_file_links}}', 383, 'title', 'en', 'Anki Tutorial '),
(3901, '{{article_file_links}}', 383, 'summary', 'en', ''),
(3902, '{{user_details}}', 490, 'name', 'en', ''),
(3903, '{{user_details}}', 490, 'family', 'en', ''),
(3904, '{{user_details}}', 491, 'name', 'en', ''),
(3905, '{{user_details}}', 491, 'family', 'en', ''),
(3906, '{{user_details}}', 492, 'name', 'en', ''),
(3907, '{{user_details}}', 492, 'family', 'en', ''),
(3908, '{{articles}}', 20, 'title', 'en', 'Useful Writing Books'),
(3909, '{{articles}}', 20, 'summary', 'en', ''),
(3910, '{{article_file_links}}', 384, 'title', 'en', ''),
(3911, '{{article_file_links}}', 384, 'summary', 'en', 'Jurgen Wolff’s writing guide helps readers realize their dreams of becoming a successful writer. As a successful author with experience in feature films, television, radio, books, newspapers, plays—as well as credits from Hollywood and the BBC—Wolff teaches writers how to avoid procrastination and find time to write, create vivid characters, obtain an agent, and more.'),
(3912, '{{user_details}}', 493, 'name', 'en', ''),
(3913, '{{user_details}}', 493, 'family', 'en', ''),
(3914, '{{user_details}}', 494, 'name', 'en', ''),
(3915, '{{user_details}}', 494, 'family', 'en', ''),
(3916, '{{user_details}}', 495, 'name', 'en', ''),
(3917, '{{user_details}}', 495, 'family', 'en', ''),
(3918, '{{news}}', 114, 'title', 'en', 'Pre-intermediate Course for TOEFL, IELTS, GRE, etc.'),
(3919, '{{news}}', 114, 'summary', 'en', ''),
(3920, '{{news}}', 114, 'body', 'en', '<p dir="ltr" style="text-align: justify;">These preparatory grammar courses are quite suitable for those who want to take part in such exams as TOEFL iBT, GRE, GMAT, PhD TOEFL, MCHE, and EPT. In these courses, the following concepts will be covered: tenses, passive structures, nouns, adjectives, adverbs, verbs, pronouns, and modals, parts of which are from the Pre-TOEFL and Pre-IELTS pamphlet written by Amir Khadem, and some parts are from a pamphlet written by Mr. Izadifar.&nbsp;</p>\r\n'),
(3921, '{{article_file_links}}', 385, 'title', 'en', 'Writing and Presenting in English PDF'),
(3922, '{{article_file_links}}', 385, 'summary', 'en', 'The Rosetta Stone of Science is a useful and practical guide to presenting scientific research in the English language. It is written specifically for scientists who would like to improve the effectiveness with which they use the English language and improve their communicative skills in order to become published and develop more confidence in presenting their work at international conferences.'),
(3923, '{{article_file_links}}', 386, 'title', 'en', 'Writing Skills Success in 20 Minutes a Day PDF'),
(3924, '{{article_file_links}}', 386, 'summary', 'en', 'For students new to the rules of writing, or those who need a quick refresher, Writing Skills Success in 20 Minutes a Day provides 20 lessons that promote an in-depth understanding of writing in a short amount of time. Why waste hours when just 20 minutes a day gives students the writing fundamentals they need? This book provides vital instruction for language arts mastery and demonstrates the importance of writing in real-world situations.'),
(3925, '{{news}}', 115, 'title', 'en', 'TOEFL Speaking: group 1'),
(3926, '{{news}}', 115, 'summary', 'en', 'This course is going to be held on Wednesday from 5 to 8, starting from 29/10/1395 to 4/12/1395.'),
(3927, '{{news}}', 115, 'body', 'en', '<p dir="ltr" style="text-align: justify;">In the speaking courses of TOEFL iBT, apart from introducing the 6 Tasks of this module, we try to improve the English knowledge of the learners. Moreover, Note-taking Skill, which is of great importance in the TOEFL iBT Test, will be taught in an elegant and detailed manner.&nbsp;Through holding such courses, I hope we will be able to make a small but positive contribution to our society in general and to our dear students in particular.</p>\r\n\r\n<p dir="ltr" style="text-align: justify;">Wish you all the best</p>\r\n\r\n<p dir="ltr" style="text-align: justify;">TOEFL Instructor at&nbsp;Avaye Shahir Institute: Amir Khadem</p>\r\n'),
(3928, '{{user_details}}', 496, 'name', 'en', ''),
(3929, '{{user_details}}', 496, 'family', 'en', ''),
(3930, '{{user_details}}', 497, 'name', 'en', ''),
(3931, '{{user_details}}', 497, 'family', 'en', ''),
(3932, '{{user_details}}', 498, 'name', 'en', ''),
(3933, '{{user_details}}', 498, 'family', 'en', ''),
(3934, '{{article_categories}}', 7, 'title', 'en', 'Audio Files'),
(3935, '{{articles}}', 21, 'title', 'en', 'Audio Files for Improving Listening Skills'),
(3936, '{{articles}}', 21, 'summary', 'en', '<p dir="ltr" style="text-align:justify">These files are great sources for improving both your General English and your listening skill (British, American, and Australian Accents)</p>\r\n'),
(3951, '{{article_links}}', 9, 'title', 'en', 'Discounts Offered by the Site of Persian Daneshjoo  Discount Code PD_KHADEM_2017)'),
(3952, '{{article_links}}', 9, 'summary', 'en', 'Through this site, you can get a special discount offered by Persian Daneshjoo Group to the students of Avaye Shahir Institute.'),
(3953, '{{news}}', 116, 'title', 'en', 'Discounts Offered by the Site of Persian Daneshjoo  '),
(3954, '{{news}}', 116, 'summary', 'en', 'Through this site, you can get a special discount offered by Persian Daneshjoo Group to the students of Avaye Shahir Institute. Enter this code, PD_KHADEM_2017,  in the place allocated to it and you will receive the discount offered by Persian Daneshjoo.\r\n'),
(3955, '{{news}}', 116, 'body', 'en', '<p dir="ltr">Through this site, you can get a special discount offered by Persian Daneshjoo Group to the students of Avaye Shahir Institute.</p>\r\n\r\n<p dir="ltr"><a href="http://persiandaneshjoo.ir/NEWWEBSITE/?m=order&amp;u=1&amp;o=12&amp;t=%D9%85%D8%B3%D8%AA%D8%B1-%DA%A9%D8%A7%D8%B1%D8%AA-%D9%85%D8%AC%D8%A7%D8%B2%DB%8C-ezGyft-(%D8%BA%DB%8C%D8%B1%D9%82%D8%A7%D8%A8%D9%84-%D8%B4%D8%A7%D8%B1%DA%98)&amp;id=24">http://persiandaneshjoo.ir/NEWWEBSITE/?m=order&amp;u=1&amp;o=12&amp;t=%D9%85%D8%B3%D8%AA%D8%B1-%DA%A9%D8%A7%D8%B1%D8%AA-%D9%85%D8%AC%D8%A7%D8%B2%DB%8C-ezGyft-(%D8%BA%DB%8C%D8%B1%D9%82%D8%A7%D8%A8%D9%84-%D8%B4%D8%A7%D8%B1%DA%98)&amp;id=24</a></p>\r\n'),
(3956, '{{user_details}}', 499, 'name', 'en', ''),
(3957, '{{user_details}}', 499, 'family', 'en', ''),
(3960, '{{article_links}}', 10, 'title', 'en', 'Rahbod Software Group'),
(3961, '{{article_links}}', 10, 'summary', 'en', 'Rahbod Software Group is composed of a group of creative software developers who basically work on the design of websites. They apply such software as Yii Framework, HTML5, CSS3, jQuery, and Ajax, to name but a few.  \r\n\r\n@Rahbod\r\n\r\n@YusefMobasheri & @MasoudGh70'),
(3962, '{{article_links}}', 11, 'title', 'en', 'Rahbod Software Group'),
(3963, '{{article_links}}', 11, 'summary', 'en', 'Rahbod Software Group is composed of a group of creative software developers who basically work on the design of websites. They apply such software as Yii Framework, HTML5, CSS3, jQuery, and Ajax, to name but a few.  \r\n\r\n@Rahbod\r\n\r\n@YusefMobasheri & @MasoudGh70'),
(3969, '{{articles}}', 23, 'title', 'en', 'Motivational Audio Files'),
(3970, '{{articles}}', 23, 'summary', 'en', '<p dir="ltr" style="text-align:justify">These audio files are great sources for improving your listening skills and are wonderful motivational files that can have positive effects on your everyday life<span dir="RTL">.</span></p>\r\n'),
(3973, '{{article_categories}}', 9, 'title', 'en', 'Motivational Audio Books'),
(3978, '{{article_file_links}}', 397, 'title', 'en', 'Eat That Frog by Brian Tracy (Audio & PDF)'),
(3979, '{{article_file_links}}', 397, 'summary', 'en', 'Brian Tracy''s audio files are great sources for improving your listening skills and are wonderful motivational files that can have positive effects on your everyday life.'),
(3980, '{{article_categories}}', 12, 'title', 'en', 'Audio Files  with American Accent '),
(3981, '{{articles}}', 25, 'title', 'en', 'English Audio Files with American Accent'),
(3982, '{{articles}}', 25, 'summary', 'en', '<p dir="ltr" style="text-align:justify">These files, which are presented with American Accent, are very good sources for those learners who want to improve their American Accent.</p>\r\n'),
(3983, '{{article_file_links}}', 398, 'title', 'en', 'Special English VOA News'),
(3984, '{{article_file_links}}', 398, 'summary', 'en', 'These files, which are presented with American Accent, are very good sources for those learners who are Pre-intermediate language learners.'),
(3985, '{{article_categories}}', 13, 'title', 'en', 'Audio Files  with British Accent '),
(3986, '{{articles}}', 26, 'title', 'en', 'English Audio Files with British Accent'),
(3987, '{{articles}}', 26, 'summary', 'en', '<p dir="ltr" style="text-align: justify;">These files, which are presented with British Accent, are very good sources for those learners who want to improve their British Accent.</p>\r\n'),
(3988, '{{article_file_links}}', 399, 'title', 'en', 'BBC 6 Minute English (Audio & PDF)-2008'),
(3989, '{{article_file_links}}', 399, 'summary', 'en', 'These files, which are good for the Intermediate Level, are great sources for improving both your General English and your Listening Skill (British Accent)'),
(3992, '{{article_file_links}}', 400, 'title', 'en', 'BBC 6 Minute English (Audio & PDF)-2009'),
(3993, '{{article_file_links}}', 400, 'summary', 'en', 'These files, which are good for the Intermediate Level, are great sources for improving both your General English and your Listening Skill (British Accent)'),
(3994, '{{article_file_links}}', 401, 'title', 'en', 'BBC 6 Minute English (Audio & PDF)-2010'),
(3995, '{{article_file_links}}', 401, 'summary', 'en', 'These files, which are good for the Intermediate Level, are great sources for improving both your General English and your Listening Skill (British Accent)'),
(3996, '{{article_file_links}}', 402, 'title', 'en', 'BBC 6 Minute English (Audio & PDF)-2011'),
(3997, '{{article_file_links}}', 402, 'summary', 'en', 'These files, which are good for the Intermediate Level, are great sources for improving both your General English and your Listening Skill (British Accent)'),
(3998, '{{article_file_links}}', 403, 'title', 'en', 'BBC 6 Minute English (Audio & PDF)-2012'),
(3999, '{{article_file_links}}', 403, 'summary', 'en', 'These files, which are good for the Intermediate Level, are great sources for improving both your General English and your Listening Skill (British Accent)'),
(4000, '{{article_file_links}}', 404, 'title', 'en', 'BBC 6 Minute English (Audio & PDF)-2014'),
(4001, '{{article_file_links}}', 404, 'summary', 'en', 'These files, which are good for the Intermediate Level, are great sources for improving both your General English and your Listening Skill (British Accent)'),
(4002, '{{article_file_links}}', 405, 'title', 'en', 'BBC 6 Minute English (Audio & PDF)-2015'),
(4003, '{{article_file_links}}', 405, 'summary', 'en', 'These files, which are good for the Intermediate Level, are great sources for improving both your General English and your Listening Skill (British Accent)'),
(4004, '{{article_file_links}}', 406, 'title', 'en', 'BBC 6 Minute English (Audio & PDF)-2016'),
(4005, '{{article_file_links}}', 406, 'summary', 'en', 'These files, which are good for the Intermediate Level, are great sources for improving both your General English and your Listening Skill (British Accent)'),
(4006, '{{article_categories}}', 14, 'title', 'en', ' Brian Tracy'),
(4007, '{{articles}}', 28, 'title', 'en', ' Brian Tracy'),
(4008, '{{articles}}', 28, 'summary', 'en', '<p dir="ltr" style="text-align:justify">Brian Tracy&#39;s audio files are great sources for improving your listening skills and are wonderful motivational files that can have positive effects on your everyday life.</p>\r\n'),
(4009, '{{article_file_links}}', 407, 'title', 'en', 'Eat That Frog by Brian Tracy (Audio & PDF)'),
(4010, '{{article_file_links}}', 407, 'summary', 'en', 'Brian Tracy''s Eat That Frog is great source for improving your listening skills and is a wonderful motivational file that can have positive effects on your time management skill.'),
(4011, '{{user_details}}', 500, 'name', 'en', ''),
(4012, '{{user_details}}', 500, 'family', 'en', ''),
(4013, '{{article_file_links}}', 408, 'title', 'en', 'The Power of Clarity by Brian Tracy (CD)'),
(4014, '{{article_file_links}}', 408, 'summary', 'en', ''),
(4015, '{{article_file_links}}', 409, 'title', 'en', 'The 21 Success Secrets of Self-Made Millionaires by Brian Tracy (PDF & Audio Files)'),
(4016, '{{article_file_links}}', 409, 'summary', 'en', ''),
(4017, '{{article_file_links}}', 410, 'title', 'en', 'The 21 Absolutely Unbreakable Laws of Money  by Brian Tracy (PDF & Audio Files)'),
(4018, '{{article_file_links}}', 410, 'summary', 'en', ''),
(4019, '{{article_file_links}}', 411, 'title', 'en', 'The One-Minute Entrepreneur'),
(4020, '{{article_file_links}}', 411, 'summary', 'en', ''),
(4021, '{{article_file_links}}', 412, 'title', 'en', ' Success Mastery Academy '),
(4022, '{{article_file_links}}', 412, 'summary', 'en', ''),
(4023, '{{article_file_links}}', 413, 'title', 'en', 'The Ultimate Goals Program (Audio Files & PDF)'),
(4024, '{{article_file_links}}', 413, 'summary', 'en', ''),
(4025, '{{user_details}}', 501, 'name', 'en', ''),
(4026, '{{user_details}}', 501, 'family', 'en', ''),
(4027, '{{user_details}}', 502, 'name', 'en', ''),
(4028, '{{user_details}}', 502, 'family', 'en', ''),
(4029, '{{user_details}}', 503, 'name', 'en', ''),
(4030, '{{user_details}}', 503, 'family', 'en', ''),
(4031, '{{class_category_file_links}}', 371, 'title', 'en', 'GRE Vocabulary Flashcards - Magoosh'),
(4032, '{{class_category_file_links}}', 371, 'summary', 'en', ''),
(4033, '{{user_details}}', 504, 'name', 'en', ''),
(4034, '{{user_details}}', 504, 'family', 'en', ''),
(4035, '{{class_category_file_links}}', 372, 'title', 'en', 'Very Hard Questions for GRE Quant'),
(4036, '{{class_category_file_links}}', 372, 'summary', 'en', 'This file is suitable for those GRE test takers who want to score 170 in the GRE Quantitative Module.'),
(4037, '{{class_category_file_links}}', 373, 'title', 'en', '112 Quant'),
(4038, '{{class_category_file_links}}', 373, 'summary', 'en', 'This file is suitable for those GRE test takers who want to score 170 in the GRE Quantitative Module.'),
(4039, '{{class_category_file_links}}', 374, 'title', 'en', 'Cambridge Reading Skills Workbook (Khadem) PDF & Word'),
(4040, '{{class_category_file_links}}', 374, 'summary', 'en', 'This pamphlet, which contains great exercises for improving TOEFL iBT Reading Skill, is suitable for Intermediate up to advanced levels.'),
(4041, '{{class_category_file_links}}', 375, 'title', 'en', 'Cambridge Reading Skills Answers (Khadem) PDF & Word'),
(4042, '{{class_category_file_links}}', 375, 'summary', 'en', 'This pamphlet, which contains great exercises for improving TOEFL iBT Reading Skill, is suitable for Intermediate up to advanced levels.'),
(4043, '{{user_details}}', 505, 'name', 'en', ''),
(4044, '{{user_details}}', 505, 'family', 'en', ''),
(4046, '{{articles}}', 29, 'title', 'en', 'Think and Grow Rich by Napoleon Hill - The 21st Century Edition'),
(4047, '{{articles}}', 29, 'summary', 'en', '<p dir="ltr">This is one of the best motivational books all over the world.</p>\r\n'),
(4048, '{{user_details}}', 506, 'name', 'en', ''),
(4049, '{{user_details}}', 506, 'family', 'en', ''),
(4050, '{{article_file_links}}', 414, 'title', 'en', 'Write Rite Right'),
(4051, '{{article_file_links}}', 414, 'summary', 'en', 'This is one of the best books that has focused on the confusing words, which is a great source for TOEFL, IELTS, and particularly GRE tests.'),
(4052, '{{user_details}}', 507, 'name', 'en', ''),
(4053, '{{user_details}}', 507, 'family', 'en', ''),
(4054, '{{user_details}}', 508, 'name', 'en', ''),
(4055, '{{user_details}}', 508, 'family', 'en', ''),
(4056, '{{user_details}}', 509, 'name', 'en', ''),
(4057, '{{user_details}}', 509, 'family', 'en', ''),
(4058, '{{article_file_links}}', 415, 'title', 'en', 'Collins Cobuild Business Vocabulary in Practice PDF'),
(4059, '{{article_file_links}}', 415, 'summary', 'en', 'Collins COBUILD Business Vocabulary in Practice provides comprehensive coverage of today''s business vocabulary in a clear, easy-to-use format. It gives students the opportunity to gain a better understanding of the English language in the field of business and commerce.'),
(4060, '{{article_file_links}}', 416, 'title', 'en', 'Check Your English Vocabulary for Banking & Finance PDF'),
(4061, '{{article_file_links}}', 416, 'summary', 'en', 'This workbook is designed to help non-native English speakers improve their knowledge and understanding of core banking and financial terminology.\r\n\r\nSelf-study exercises and practical exercises for classroom\r\nuse are included, making it easy to test your classroom knowledge\r\nat home. It uses a variety of engaging activities such as word games, crosswords, speaking exercises and group games, which make learning easy and fun!'),
(4062, '{{article_file_links}}', 417, 'title', 'en', 'Test Your Business Vocabulary in Use  PDF'),
(4063, '{{article_file_links}}', 417, 'summary', 'en', 'Test Your Business Vocabulary in Use is a set of 66 tests based on the key corpus informed vocabulary highlighted in Business Vocabulary in Use. There is a clear one-page test for each unit of the parent book and a user-friendly answer key which enables learners to check their answers accurately. The scoring system provides the self-study learner with immediate feedback on their progress. The book contains both British and American English and is ideal for self-study or to complement classroom study.'),
(4064, '{{user_details}}', 510, 'name', 'en', ''),
(4065, '{{user_details}}', 510, 'family', 'en', ''),
(4066, '{{user_details}}', 511, 'name', 'en', ''),
(4067, '{{user_details}}', 511, 'family', 'en', ''),
(4068, '{{user_details}}', 512, 'name', 'en', ''),
(4069, '{{user_details}}', 512, 'family', 'en', ''),
(4070, '{{article_file_links}}', 418, 'title', 'en', 'Think and Grow Rich by Napoleon Hill - The 21st Century Edition'),
(4071, '{{article_file_links}}', 418, 'summary', 'en', 'This is one of the best motivational books all over the world.'),
(4072, '{{class_category_file_links}}', 376, 'title', 'en', 'Complete GRE Quant Formulas '),
(4073, '{{class_category_file_links}}', 376, 'summary', 'en', 'This software offers Complete GRE Quant Formulas. '),
(4074, '{{user_details}}', 513, 'name', 'en', ''),
(4075, '{{user_details}}', 513, 'family', 'en', ''),
(4076, '{{news}}', 117, 'title', 'en', 'TOEFL iBT Score of Mr. Einabadi  (Amin) 2016'),
(4077, '{{news}}', 117, 'summary', 'en', ''),
(4078, '{{news}}', 117, 'body', 'en', ''),
(4079, '{{article_file_links}}', 419, 'title', 'en', '4000 Essential English Words Book 2'),
(4080, '{{article_file_links}}', 419, 'summary', 'en', ''),
(4081, '{{article_file_links}}', 420, 'title', 'en', '4000 Essential English Words Book 3'),
(4082, '{{article_file_links}}', 420, 'summary', 'en', ''),
(4083, '{{article_file_links}}', 421, 'title', 'en', '4000 Essential English Words Book 4'),
(4084, '{{article_file_links}}', 421, 'summary', 'en', ''),
(4085, '{{article_file_links}}', 422, 'title', 'en', '4000 Essential English Words Book 5'),
(4086, '{{article_file_links}}', 422, 'summary', 'en', ''),
(4087, '{{article_file_links}}', 423, 'title', 'en', '4000 Essential English Words Book 6'),
(4088, '{{article_file_links}}', 423, 'summary', 'en', ''),
(4089, '{{article_file_links}}', 424, 'title', 'en', 'Essential English Idioms Elementary, Intermediate, and Advanced'),
(4090, '{{article_file_links}}', 424, 'summary', 'en', 'The book Essential English Idioms is a very important vocabulary source for all 4 skills of TOEFL iBT.'),
(4091, '{{article_file_links}}', 425, 'title', 'en', 'Essential Words for the TOEFL'),
(4092, '{{article_file_links}}', 425, 'summary', 'en', 'This book is good for those who do not have much time for the iBT TOEFL Test. For those who have more time, the book 4000 Essential Words is strongly recommended.'),
(4093, '{{article_categories}}', 15, 'title', 'en', 'English for Specific Purposes (ESP)'),
(4095, '{{articles}}', 30, 'title', 'en', 'Business English'),
(4096, '{{articles}}', 30, 'summary', 'en', '<p dir="ltr">In this category, you can download Business English files free.</p>\r\n'),
(4097, '{{article_file_links}}', 426, 'title', 'en', 'Test Your Business Vocabulary in Use  PDF'),
(4098, '{{article_file_links}}', 426, 'summary', 'en', 'Test Your Business Vocabulary in Use is a set of 66 tests based on the key corpus-informed vocabulary highlighted in Business Vocabulary in Use. There is a clear one-page test for each unit of the parent book and a user-friendly answer key which enables learners to check their answers accurately. The scoring system provides the self-study learner with immediate feedback on their progress. The book contains both British and American English and is ideal for self-study or to complement classroom study.'),
(4099, '{{article_file_links}}', 427, 'title', 'en', 'Verbal Advantage - 10 Easy Steps to a Powerful Vocabulary (Unabridged) (PDF)'),
(4100, '{{article_file_links}}', 427, 'summary', 'en', 'This book, which has a great audio file, is a wonderful source for the advanced level.'),
(4101, '{{article_file_links}}', 428, 'title', 'en', 'Verbal Advantage - Audio Files'),
(4102, '{{article_file_links}}', 428, 'summary', 'en', ''),
(4103, '{{article_file_links}}', 429, 'title', 'en', 'Prefixes, Suffixes, and Common Word Roots 1'),
(4104, '{{article_file_links}}', 429, 'summary', 'en', ''),
(4105, '{{article_file_links}}', 430, 'title', 'en', 'Prefixes, Suffixes, and Common Word Roots 2'),
(4106, '{{article_file_links}}', 430, 'summary', 'en', ''),
(4107, '{{article_file_links}}', 431, 'title', 'en', 'Prefixes, Suffixes, and Common Word Roots 3 pdf'),
(4108, '{{article_file_links}}', 431, 'summary', 'en', ''),
(4109, '{{article_file_links}}', 432, 'title', 'en', 'Word Roots, Prefixes & Suffixes Flashcards'),
(4110, '{{article_file_links}}', 432, 'summary', 'en', ''),
(4111, '{{article_file_links}}', 433, 'title', 'en', 'Just Listening and Speaking'),
(4112, '{{article_file_links}}', 433, 'summary', 'en', 'This book teaches you the British accent, which is used a lot in the TOEFL iBT Test.'),
(4113, '{{class_category_file_links}}', 377, 'title', 'en', 'BBC 6 Minute English (Audio & PDF)-2014'),
(4114, '{{class_category_file_links}}', 377, 'summary', 'en', 'These files from BBC are also good sources for the British accent, which is very much used in the TOEFL iBT Exam.'),
(4115, '{{class_category_file_links}}', 378, 'title', 'en', 'BBC 6 Minute English (Audio & PDF)-2012'),
(4116, '{{class_category_file_links}}', 378, 'summary', 'en', 'These files from BBC are also good sources for the British accent, which is very much used in the TOEFL iBT Exam.'),
(4117, '{{class_category_file_links}}', 379, 'title', 'en', 'BBC 6 Minute English (Audio & PDF)-2011'),
(4118, '{{class_category_file_links}}', 379, 'summary', 'en', 'These files from BBC are also good sources for the British accent, which is very much used in the TOEFL iBT Exam.'),
(4119, '{{class_category_file_links}}', 380, 'title', 'en', 'BBC 6 Minute English (Audio & PDF)-2010'),
(4120, '{{class_category_file_links}}', 380, 'summary', 'en', 'These files from BBC are also good sources for the British accent, which is very much used in the TOEFL iBT Exam.'),
(4121, '{{class_category_file_links}}', 381, 'title', 'en', 'BBC 6 Minute English (Audio & PDF)-2009'),
(4122, '{{class_category_file_links}}', 381, 'summary', 'en', 'These files from BBC are also good sources for the British accent, which is very much used in the TOEFL iBT Exam.'),
(4123, '{{class_category_file_links}}', 382, 'title', 'en', 'BBC 6 Minute English (Audio & PDF)-2008'),
(4124, '{{class_category_file_links}}', 382, 'summary', 'en', 'These files from BBC are also good sources for the British accent, which is very much used in the TOEFL iBT Exam.'),
(4125, '{{article_file_links}}', 434, 'title', 'en', 'American Accent Training Program (Pronunciation Workshop) (Video)'),
(4126, '{{article_file_links}}', 434, 'summary', 'en', 'These video files beautifully teach how to pronounce English words, which improves your Listening and Speaking skills for the exam.'),
(4127, '{{article_file_links}}', 435, 'title', 'en', 'American Accent Training 2 (PDF & Audio)'),
(4128, '{{article_file_links}}', 435, 'summary', 'en', 'This is one of the best sources of learning American accent and pronunciation on the word level and sentence level. It is strongly recommended that you read all the book, but in case you are short of time, listen to the audio files of chapter “reduced sounds: page 57 and repeat after it, which is very important for the Listening and Speaking skills.'),
(4131, '{{article_file_links}}', 437, 'title', 'en', 'jMemorize Vocab Learning Software for Windows'),
(4132, '{{article_file_links}}', 437, 'summary', 'en', ''),
(4133, '{{user_details}}', 514, 'name', 'en', ''),
(4134, '{{user_details}}', 514, 'family', 'en', ''),
(4135, '{{user_details}}', 515, 'name', 'en', ''),
(4136, '{{user_details}}', 515, 'family', 'en', '');

-- --------------------------------------------------------

--
-- Table structure for table `ym_users`
--

CREATE TABLE IF NOT EXISTS `ym_users` (
  `id` int(10) unsigned NOT NULL AUTO_INCREMENT,
  `username` varchar(100) NOT NULL,
  `password` varchar(100) NOT NULL,
  `email` varchar(255) NOT NULL COMMENT 'پست الکترونیک',
  `role_id` int(10) unsigned DEFAULT NULL,
  `status` enum('pending','active','blocked','deleted') DEFAULT 'pending',
  `verification_token` varchar(100) NOT NULL DEFAULT '',
  `change_password_request_count` int(1) NOT NULL DEFAULT '0',
  `create_date` varchar(20) NOT NULL DEFAULT '',
  PRIMARY KEY (`id`),
  KEY `role_id` (`role_id`)
) ENGINE=InnoDB  DEFAULT CHARSET=utf8 AUTO_INCREMENT=516 ;

--
-- Dumping data for table `ym_users`
--

INSERT INTO `ym_users` (`id`, `username`, `password`, `email`, `role_id`, `status`, `verification_token`, `change_password_request_count`, `create_date`) VALUES
(32, '', '$2a$12$5/o25pnfF2NSbKj44.0tTe3LCpMeMJjODaWGIcic80szeo5.V6kwS', 'Erfan_ghaffarian@yahoo.com', 2, 'active', '', 0, ''),
(33, '', '$2a$12$V0eTYD4WyfMGMDRAQ36Mp.T.kXq6.UQsz2bIw9ZXDlcGumyI4jqtW', 'khadem8234@yahoo.com', 2, 'active', '', 0, ''),
(34, '', '$2a$12$bCc2shivlakxMzXZiURmk.v.nm6.O/Gj2RYIfhv1u0figIBIn37t6', 'hamid2386@yahoo.com', 2, 'active', '', 0, ''),
(41, '', '$2a$12$cgM4ft7LN72mMgLnhFn9TeCSZ6JeX0gI4QQf20mck9NMjjsUyAgVG', 'amirhosseinkhezerlou@gmail.com', 2, 'active', '', 0, ''),
(42, '', '$2a$12$Nc1NpH2v2kXxI7TIg/u/LuM//J9T.jZQFiCt9o2uYvSXXEiM.CTQO', 'Shoheirish@yahoo.com', 1, 'active', '', 0, ''),
(45, '', '$2a$12$8y9ddqm8uWfgiKmycA/6IenxI11H9EWXbPTAKRDB8LXGa77aydMw2', 'ftm.asg@gmail.com', 1, 'active', '', 0, ''),
(46, '', '$2a$12$ZPGc73j1XW48HCut2ZV2uOpwUkdfWN4UAvvgtRZkrQY3VogkVxQEq', 'noreply@avayeshahir.com', 1, 'active', '', 0, ''),
(47, '', '$2a$12$hfQBuO8QY91LTf1pq3Cn3.8gr0E6cxazarej14t9BtNo1H8XB0VDu', 'altafi_mk1369@yahoo.com', 1, 'active', '1225f1fad86166d97083acd92d6f12aa', 3, ''),
(48, '', '$2a$12$XQ.o1ZHjSBmpc0LbdmvvwOcaihtF9QDvtTqVI1r736kFXT.xLQaDK', 'hamid.goudarzi@me.com', 1, 'active', 'e18085844743455a9b7a2002fabf49ca', 2, ''),
(49, '', '$2a$12$WVyYU8OGdqSz1F73Kfc7KueEv5qnCVcLh2mngG4TWSeXuSa1JDXhu', 'a.pilali91@gmail.com', 1, 'active', '', 0, ''),
(50, '', '$2a$12$5MEww6mnx/FyTcnckAJgzOC7qtgrI0Ic7msH9fVJFADrCTdokJnti', 'matinhz@gmail.com', 1, 'active', '', 0, ''),
(51, '', '$2a$12$3VK8K.iqFywjL87yLHWSo.LfbrETjm6OsiYU.xz4GjoquADJGAnrC', 'behshad.lahijanian@gmail.com', 1, 'active', '', 0, ''),
(52, '', '$2a$12$8iaiOcF1sqVTEuMG2Ya9A..LsiMAPcbydDEoKOOj.e8a7bJPRy3bq', 'pourya.delafrouz@yahoo.com', 1, 'active', '', 0, ''),
(53, '', '$2a$12$fcYFO0M4NawRlqVvvNFrmOxLbLkVTnqXMzVCbfVpUNg6jOcldFBVy', 'mohsen_mirzaeesisan@yahoo.com', 1, 'active', '', 0, ''),
(54, '', '$2a$12$hyP1/HQPwRTabLyQtkOstOpP6fblO4fnc51qvUQOJC2w6QAVGgQLu', 'sabolhassani@ut.ac.ir', 1, 'active', '', 0, ''),
(55, '', '$2a$12$.ahltIgCCARLQDi5mal82uOXzSebaRribsUOIrMVJST7pbONzO8lm', 'mortezanear@yahoo.com', 1, 'active', '', 0, ''),
(70, '', '$2a$12$NnBquXmveskaHJJJZabdYeU1Bb9mUwrRFDtv0RIqcGv3mRK9uFCKS', 'roozbehsalehi73@gmail.com', 1, 'active', '', 0, ''),
(71, '', '$2a$12$lId9nylvEhHWJwtrMki/7usAhsmfDKhKv12ZQBsGYuhRUJMEaYNtm', 'hamid.ghaderi777@yahoo.com', 1, 'active', 'a139861869ff73deed52983b1ff35923', 3, ''),
(72, '', '$2a$12$PvFYslUjwsGPJJE5dcZ//.isg7YEBlGHEghMlXZ2RjJ/Gn8g4xDqu', 'mohamad.karbalaee@gmail.com', 1, 'active', '', 0, ''),
(73, '', '$2a$12$0jmjrWovgnQodrv0F98ugeubvrSd0ZY8Q2HrjaQ.36aK5eodW3pTq', 'izadifarvahid@gmail.com', 2, 'active', 'e7214f00a1c7cf27409071ec196a5a30', 1, ''),
(74, '', '$2a$12$ERHZ2CDrpD0rEUdP1uEJguHiT0LYe6Qlz.NMNh4q1YMHYP6nHLT4G', 'amiralimasoodi@yahoo.com', 1, 'active', '', 0, ''),
(75, '', '$2a$12$./R0JghHWtaXFRhUWb1GuOwlPvCaWZ7/rM6uIVl77xHHS1.lO9s4G', 'esaffari12@gmail.com', 1, 'active', '', 0, ''),
(76, '', '$2a$12$6y3qzyKCg8r9HiZeTfzmq.oUkc9SbhFT1BnVc1yqb0E31R5watcoa', 'maryam.amiri136@gmail.com', 1, 'active', '', 0, ''),
(77, '', '$2a$12$lHzN271y.JxKGfbVddQjfOc02zuGMydG4Ztz3YOx.iiBiH.BoiTLW', 'ashnaa71@yahoo.com', 1, 'active', '', 0, ''),
(78, '', '$2a$12$G7wAs8FLoZ0OecuWovNZluGnceINhmWn0gPvcIF.fkxKaCd6Y/mwi', 'sarazahedian.2@gmail.com', 1, 'active', '', 0, ''),
(79, '', '$2a$12$fuHtUUHAlMp3UOaRi0XgQewn7.iuS8.REd5AX8PnQNHlJ6/leAleS', 'z_cr30@yahoo.com', 1, 'active', '', 0, ''),
(80, '', '$2a$12$ndNcu1uaHS/3dphN.ht36.6pM3Dknq4pzhgLVslNA0Zs1uCYN99Pq', 'sedisadeghi@yahoo.com', 1, 'active', '', 0, ''),
(81, '', '$2a$12$TLWkMKcKY3w.o9bhVytIbuc0wY7oywb5yycQZG7NBpQD41eKeP.vO', 'honey.gorji@gmail.com', 1, 'active', '', 0, ''),
(82, '', '$2a$12$pjRJ0z3ap.bR2Vs6QzBe0eyOMX3uk23dzmVXOalKV7hP9sD4cRjnu', 'nazilaa.yousefi@gmail.com', 1, 'active', '', 0, ''),
(83, '', '$2a$12$fWea7ZHUjGg3BCx.EpzT9ena2BG.zJfzSFmjlI4efVqbWmaslvzey', 'fallah.mse@gmail.com', 1, 'active', '', 0, ''),
(84, '', '$2a$12$hoOH0aVNpCS1PBsTa7P2L.8UIw3Vzl/uUeYbmgoM5gOfoNOhFQz.G', 'helia.hashemi32@gmail.com', 1, 'active', '', 0, ''),
(85, '', '$2a$12$P1ByrBZYayNGVGSVB6ezteKmYXvVCKxRa4J0MLzBEXvi42W7ZJL4q', 'amir8234@yahoo.com', 1, 'active', '', 0, ''),
(87, '', '$2a$12$w0GXvNw/IGL8IHmjrl/KvenJ4kv2t8TtvnIiB9Ow.gkyDTloQHJay', 'royadianat@gmail.com', 1, 'active', '', 0, ''),
(89, '', '$2a$12$/BgJkyJmu3YB3b6jI8Isuusvk.gimgQz7xIbNK0jXjHI7z55SjhnS', 'yusef@gmail.com', 1, 'active', '', 0, ''),
(90, '', '$2a$12$FiilkcqGMPpvhAUps6.rp.MidG0/cFr/Knh9.xINF0N.gY/iCu0xy', 'farinazzangeneh@yahoo.com', 1, 'active', '', 0, ''),
(91, '', '$2a$12$DTU2rV9NXdBLp3iY7kkADeaSVBGte6G.pI/qwUNVIVa3M/9SXly4K', 'javadforoughi@hotmail.com', 1, 'active', '', 0, ''),
(92, '', '$2a$12$v3t403V5PY.2RVeDKIMBMuwO55yWTn79j.RtZay7y/xxnrbAjwpM.', 'sarah.keypour@yahoo.com', 1, 'active', '', 0, ''),
(93, '', '$2a$12$C.eNC2zDNFD.RhLjcvkx0.U9CRKTnoVPJlW3wxr.3zu2RMv2wfM/S', 'samar.sardabi@gmail.com', 1, 'active', 'e427d3b34d837d4cd241dbd97999ab12', 2, ''),
(94, '', '$2a$12$7BXyrJOe1.9XhodTCLDi8uhCOCymk4fPYw6VyuGjklpdqhf2ViIry', 'erfanrahmani159@yahoo.com', 1, 'active', '', 0, ''),
(95, '', '$2a$12$soVeriNdnfbCiuMOUFXRyedj21alg7tgL7hCLSVErIHAsShfb8y/i', 'armin_oroojeh@yahoo.com', 1, 'active', '', 0, ''),
(96, '', '$2a$12$/xA10naU1Et0bZxzViGVt.hrm7xWQU1oYerOXKWmpi2jBFrL2WS32', 'farzane.zangene@gmail.com', 1, 'active', '', 0, ''),
(97, '', '$2a$12$lyZai2U1ikigRDctverM0unyiXeuniERQ9cd8g9A.B1t3ssDLzPAG', 'pourfathi.ali@gmail.com', 1, 'active', '', 0, ''),
(98, '', '$2a$12$Gdr5GbiS39nxC95a6U.3QuewWQIRTcWaOPXLX8IDCOUtBkUXrFH7.', 'm.babazadeh89@gmail.com', 1, 'active', '', 0, ''),
(99, '', '$2a$12$tS51xBU3VhJ9wjUmzR4mauEysgW0hEvZiuPt271Q1WHev/tpbL4dK', 'farzam.me@gmail.com', 1, 'active', '', 0, ''),
(100, '', '$2a$12$qJ.JAxCtSqYl3H2Uc6TYF.cQ.ijvMGKGhUSBh1HvwF9ecR1dk/JLq', '600516@gnail.com', 1, 'active', '', 0, ''),
(101, '', '$2a$12$cZ0BUcxQABTuMLTAfmzmf.wuCB.dKiHUp6aGkZ5NSLecZ1kVYAmzS', 'fatemeh.r1112@yahoo.com', 1, 'active', '', 0, ''),
(102, '', '$2a$12$7BkXXnqFrmawZSTcEq6w.e1pkuoeZHecg/YzkuVkYf5HbqP78EsxS', 'ebrahim.rayatparvar@yahoo.com', 1, 'active', '', 0, ''),
(103, '', '$2a$12$RHjAP7JC5MHFBa64trB.mOqySChXH3q4x4bppkGTsAltadOo4M6lm', 'mahdi_ghezelsefloo@gmail.com', 1, 'active', '', 0, ''),
(104, '', '$2a$12$VsvPMg/vRvfPYnRhFBVTVO5F8J6t9bl0aSCItMp7tVkJquOqUdPai', 'yusef.mobasheri@gmail.com', 1, 'active', 'a000dd2a9c7e598b172fe34d9a817b49', 1, ''),
(105, '', '$2a$12$.Va0LueqdLuElOj0OlliIOaRB3OtseuAqwdvMMYigFBDulUUpNTZ2', 'mohammadrezaabedi72@gmail.com', 1, 'active', '', 0, ''),
(106, '', '$2a$12$JlzZ1GbwmBoYK39Eui/w1O8sNzqL6O9f8bLOE4d1T/6lmPe9rmvLy', 'aliemamiagha@gmail.com', 1, 'active', '', 0, '1464269179'),
(107, '', '$2a$12$XlWzpDI7iWv4k/WFT6aiFOpIQ9BJVMS3C9LZj.L.nDQBZ1UFwa.D2', 'bijansaba@gmail.com', 1, 'active', '', 0, '1464332552'),
(108, '', '$2a$12$qdNMnU62hmCkHh3UjFPpfO46S4oClwIQcJeG7uAxZjcKfkxs4NFJO', 'farnik.nikakhtar@gmail.com', 1, 'active', '', 0, '1464333589'),
(109, '', '$2a$12$pL/q.pzy/K3AKPiCJzoZs.jNhhf7SGLZ3/yX5EPFbBnjExznHJ3Zi', 'ahmadreza_sgh@yahoo.com', 1, 'active', '', 0, '1464335622'),
(110, '', '$2a$12$p6mgeWPPQ69DQWnPZnZMau.VsNz5zw.onCbYrphbfB5vbIiKj32Iy', 'ahmadreza_sgh@yahoo.com', 1, 'active', '', 0, '1464335654'),
(111, '', '$2a$12$TcPk7yEJEbx1eQfLlj3txuKR5jvxNE0inRLCYhZ7c/wVLBiG0UHO2', 'elmira_yazdani91@yahoo.com', 1, 'active', '', 0, '1464335672'),
(112, '', '$2a$12$c0XyJ/tXgAu4NgHytEnxbemVypKAtsGMouxeNBSRqeVK1ADZb.pmW', 'ftm.asg@gmail.com', 1, 'active', '', 0, '1464337547'),
(113, '', '$2a$12$TCQYb.zj1zUbe35r9QBGXu8N0CMt5kKESyXW0ZWmoZxqN5fbVLf6.', 'ftm.asg@gmail.com', 1, 'active', '', 0, '1464337600'),
(114, '', '$2a$12$2RsEzQB2r2uTZyIGaPuL2.q9EXqY4s03C3DHnAafrhhGCzY2asOaC', 'amir_pss14@hotmail.com', 1, 'active', '', 0, '1464338392'),
(115, '', '$2a$12$/PVbEI7x.W2Ljh.RVLNa0OQhp04c9Feu8L9yTWRzyQRCw.ITYqYGy', 'mrl.larijani@gmail.com', 1, 'active', '', 0, '1464338994'),
(116, '', '$2a$12$Jfnm4eVfo4h3sy5yNxt1wOznPhH5Tuaj6N3f8XDEx76QJRgF8P1KC', 'ehsan.mahdavi.d@gmail.com', 1, 'active', '', 0, '1464339696'),
(117, '', '$2a$12$f1Y05ollMiV1XJz1M38upOab4cFIWJMdR33zAf2BTmWTPjhIC4IyG', 'elmirayazdani15@gmail.com', 1, 'active', '', 0, '1464344956'),
(118, '', '$2a$12$cKBopeXsCIE5Hwi0cLIj4ODGp7YcG1uWJ5zBN.EDWYR773yXwmTw2', 'rahaach@yahoo.com', 1, 'active', '', 0, '1464365570'),
(119, '', '$2a$12$OZbtIhaaZZujz3awq6FiMeD5BEjw9/Odw41kUJsLK4cUsSldDkebW', 'rahaach@yahoo.com', 1, 'active', '', 0, '1464365578'),
(120, '', '$2a$12$c4uzNaDX7EeAJ4FemXmdXeTHAIyPrhl45HzT.TAF7FyI7XxYb/Mu6', 'rahaach@yahoo.com', 1, 'active', '', 0, '1464365582'),
(121, '', '$2a$12$xgRJmfSLhl96vm8YKUsJ7O241u0o.gZvJZo1l9KoexExr1cUDiTS2', 'rahaach@yahoo.com', 1, 'active', '', 0, '1464365644'),
(122, '', '$2a$12$.B/J4ZuoJTBtsegCSQxqQeqwfzkMh/wWZgQqQTojQdmGegYr8mglW', 'hameelas@gmail.com', 1, 'active', '', 0, '1464377868'),
(123, '', '$2a$12$cxaDRInNHp.VOOqLowh1h.A1fmo3dloeu5jnnRcxl71iq4FrVPb3G', 'sabolhassani@ut.ac.ir', 1, 'active', '', 0, '1464380275'),
(124, '', '$2a$12$1RjR/4.iiYfVGKG9E0i7ou6r6fVKciZHappQWgnr.AUner/Z3HYyO', '600516@gmail.com', 1, 'active', '', 0, '1464409443'),
(125, '', '$2a$12$f5s9kEvn8oLmfeIbYiaFQOGEuT2KoQOUkfOp/fKQpgG0mdGOd.bc.', 'roya_x2004@yahoo.com', 1, 'active', '', 0, '1464414975'),
(126, '', '$2a$12$HqtJkAZ4jouNBT0NZxD2qu3Zy/Xhq5cW24kO.zVKk53YMXp74m/hW', 'alireza.gh2008@gmail.com', 1, 'active', '', 0, '1464427208'),
(127, '', '$2a$12$3RKnHCi7JkecD3/ZwETv0u1iufY7BxzzvtFM4HQouX0yYPzrttXKK', 'sharzeheeali@ymail.com', 1, 'active', '', 0, '1464445850'),
(128, '', '$2a$12$wpXcvXTHC2eWY4P4AywnGOZOIIbyXDOvgireWKc9fiuEk6Ck9ZNca', 'j.sayevand@gmail.com', 1, 'active', '', 0, '1464460006'),
(129, '', '$2a$12$VqOOuXMzNvw.LpsqmjvYHeFWg9.Nx6uWCI9Yo6yI5rWXbRBbUP5L2', 'faride.haghighi@yahoo.com', 1, 'active', '', 0, '1464461797'),
(130, '', '$2a$12$XTckWrz32W5aDeJZ2b4U/uTbRrm6AJduAFVipINseY/Ie3omsHQtW', 'zahrahaghighi@yahoo.com', 1, 'active', '', 0, '1464551298'),
(131, '', '$2a$12$DSoVG6MzWWNO6IgqCYZ0DOt2y68wC44as5K6OlBeUnwQR7foRp0ce', 'sh.zar@hotmail.com', 1, 'active', '', 0, '1464600467'),
(132, '', '$2a$12$FwWpolyXQo1MMK9vMBpsYOBVAsbR1IPhIIwtbARrbZODitEbQ0Psq', 'sarazahedian@yahoo.com', 1, 'active', '', 0, '1464607198'),
(133, '', '$2a$12$uLcJ2jUGhN2n3hP3fMmsHuIEvHOQ9LDO02C5pkEjRSTkF6EINmJS.', 'amin_j_kh@hotmail.com', 1, 'active', '', 0, '1464626265'),
(134, '', '$2a$12$g1o9lUkuqDiZnRlM5M1OheWa2lslr72BvaZcTJAdkQ2kw2xXKR7oC', 'mahtab_h_80@yahoo.com', 1, 'active', '', 0, '1464712871'),
(135, '', '$2a$12$ECYv8E/3WKraVuZIAfwsleRATQSXTETOJlvRiIYVLqX.8GTbnTUU2', 'sajjadsahaf@gmail.com', 1, 'active', '', 0, '1464716901'),
(136, '', '$2a$12$HmKKFBIfXTvrZvRbPQoeDu2Zfn0vYmEAUw092syijovvahBPJM6uG', 'hamid_break@yahoo.com', 1, 'active', '', 0, '1464717308'),
(137, '', '$2a$12$JCZnNwcMPzz9SOZpWMGkau.F5CTbtgU80LRys1CVLI3QenRGnPHXG', 'zanyarsalami@gmail.com', 1, 'active', '', 0, '1464722087'),
(138, '', '$2a$12$hwLVXC7dbJGKnvhQ/ey.TOSN1zBEkiwMozBM7444PNZtRAVTR9aXq', 'nima.azadikhah@gmail.com', 1, 'active', '', 0, '1464851046'),
(139, '', '$2a$12$tjq9nloUUaIEDrcJNAHxe.pH//gawSCeAACcbfQ/nzdJky63FeDyG', 'hamid.ghaderi777@gmail.com', 1, 'active', '', 0, '1464901101'),
(140, '', '$2a$12$B67yoV0vPGok5wn9yRkH2.0MPu52f.Uo6g9zxO0pBXCEskZfU/5Sm', 'behrooz.khalilloo@gmail.com', 1, 'active', '', 0, '1464937632'),
(141, '', '$2a$12$sk1M0X/kUPEYaY90CEu2Ju9jYWihs.9SktTZvBcJIX812S8GiPJCS', 'mohammadhadi.danesh@gmail.com', 1, 'active', '', 0, '1464948064'),
(142, '', '$2a$12$6WrHGWxt6xla8sNnWzesJuJHT29AKNTut/Whl598RYexrZG6kghD.', 'gharagozlu.masoud@gmail.com', 1, 'active', '', 0, '1464957442'),
(143, '', '$2a$12$.bKK1tKptiJbmvckIxEbo.GRyLIdeQVN2sXSI620LR7JTZUTDbBcq', 'masume_zare@yahoo.com', 1, 'active', '', 0, '1465031617'),
(144, '', '$2a$12$FVDWqgQ0eWpVC6ZFB13YKepjdudMbM1T4Mhhw5LajBQCcZd8GgnTe', 'leila.ayazi@gmail.com', 1, 'active', '', 0, '1465046946'),
(145, '', '$2a$12$LMhlHC0zLHWwk3VQX3GE4unAN/LqwuD.rE4EjUyDKLx1R5k36wjee', 'altafi.mk@gmail.com', 1, 'active', '', 0, '1465079825'),
(146, '', '$2a$12$9N1JXttI/OUjd.YYMEqifuSfzhDQ/LlLn6t.7IrbliJI/BAlHEiem', 'Sina_xp_2003@yahoo.com', 1, 'active', '', 0, '1465159019'),
(147, '', '$2a$12$HvC3dQ/VgaZLb6PqHL1qvOBO0/BTjIgnjEvDvBsoq9e6hthCeL9D.', 'hasanniaali@gmail.com', 1, 'active', '', 0, '1465197732'),
(148, '', '$2a$12$X7Vr8UKblKhB1y./7Wd0V.NRizzIAji2i7CR3nCN2HF6Pcgzu5Q4W', 'behrouzimr@gmail.com', 1, 'active', '', 0, '1465264066'),
(149, '', '$2a$12$F9Ox331/AK.fmS9GBHEUku36A8PGiLSB/BiJ.eoyk0vTLDK5tx1SO', 'majid.zare70@yahoo.com', 1, 'active', '', 0, '1465285988'),
(150, '', '$2a$12$PJfjXt7TM6AJ.iASh6JxO.uHj1Xz5yca74A0jfKcptNhuDxZOqzd.', 'alireza.farshin@gmail.com', 1, 'active', '', 0, '1465364883'),
(151, '', '$2a$12$mtUX4Vhx5OgIMzgEcRD7JuyiQrdRyThYm6c07bdOMiu4phsZxC6AW', 'mahshad.jahani2016@gmail.com', 1, 'active', '', 0, '1465479462'),
(152, '', '$2a$12$CvMFFfGR/6wRIowRUBx8NO1JHjrSIifYLQV4WrUppslsoCb1X6Lva', 'm_hamidi_80@yahoo.com', 1, 'active', '', 0, '1465559927'),
(153, '', '$2a$12$51ICXf3wwluhnLwqU6b/TuNAiQSVmL89fMOyQNhJffDVtmnOcVew2', 'mahdiaziz8867@gmail.com', 1, 'active', '', 0, '1465578906'),
(154, '', '$2a$12$XMrl2Pf5v7.nLJNtnDL0Z.D0lKrvAZDq.3wTV6qW9r5sWokrss6RC', 'M.RAMEZANI66@YAHOO.COM', 1, 'active', '', 0, '1465639445'),
(155, '', '$2a$12$NRPeCiAf70JPRyLP6FmS.eAQLA03PHZ0binEWNjij1dofP5puOySe', 'fatimah.ahmadi2009@gmail.com', 1, 'active', '', 0, '1465662715'),
(156, '', '$2a$12$3xqBLTzL6AEj6dP4.bksjOd4CO/LcZCSIxd1BLlfxZAxuap6WQVxu', 'sara_bazari@yahoo.com', 1, 'active', '', 0, '1465709975'),
(157, '', '$2a$12$iK6lVP52Ms7sb1opDF3IR.Bxr0nmRV3sglpQ7m5uNCGbAm4M6JCEu', 'alipour.yengejeh@gmail.com', 1, 'active', '', 0, '1465740567'),
(158, '', '$2a$12$ZwQHb7P7XwxVTpTeGO8hY.15AYyu8agJC4kdjsOLhMoa7kdHwEEoi', 'pardis@avayeshahir.com', 1, 'active', '', 0, '1465799982'),
(159, '', '$2a$12$RE3zYi4NDrSM3SRpS5r5vOpYdeRF4OOlJ2FpvY2UfutydtTHdjVsy', 'saynafiroozi@gmail.com', 1, 'active', '', 0, '1465928073'),
(160, '', '$2a$12$z9mmlAFEpsorZk3rAT50XuvyzTTvISyjcfBvYJsnumvuzg/V7X7ve', 'Fahimeh.saleh@gmail.com', 1, 'active', '', 0, '1465966276'),
(161, '', '$2a$12$oTVJe8Rn2BuPPszA4AXdJ.Ugg54SPjh8wrKpM8yALjfn7MLm1uos2', 'haniyeh.abdi1993@gmail.com', 1, 'active', '', 0, '1465980441'),
(162, '', '$2a$12$vxijIVHkitAmYCZbh94fWeZzv5mScwnXD0mnSUucLhJ/fdfI94duS', 'amir3396@gmail.com', 1, 'active', '', 0, '1466007847'),
(163, '', '$2a$12$.5FKb7j4N..4Xw844M.USOL5EAcemWG9yMF4dc9bfEwSQON5RTo/.', 'sajadalimadad@yahoo.com', 1, 'active', '', 0, '1466168990'),
(164, '', '$2a$12$2nSTTM5yeFsjGhdmME1Td.JsVhnFRG92HvUgyzOYHxR3bgoAQG9/W', 'microlab.ansaroudi@gmail.com', 1, 'active', '', 0, '1466190373'),
(165, '', '$2a$12$Ww00wBRMJ.qc71BmltkcKuMIPmvLJyFVlDCXM3xRST71FaMfIZKPi', 'n.roohi2013@gmail.com', 1, 'active', '', 0, '1466226240'),
(166, '', '$2a$12$owEoCubgG8kXvvxecUZivefJLWnBvFDhOxe8IJVpVI9wCQupVBYa.', 's.tahmasbian@gmail.com', 1, 'active', '', 0, '1466277616'),
(167, '', '$2a$12$zro6f7ZRr12qFAODr94W6Oy1kd75AvSh27L9EGDEu8MnP5qzzbGE6', 'leilaahmadinia@yahoo.com', 1, 'active', '', 0, '1466313298'),
(168, '', '$2a$12$QLJ0sIzKPznrH1OGPTge0.ywhp2ridV0Eln4JF3dN/KYKB/rW4ciS', 'saman.enayati1994@gmail.com', 1, 'active', '', 0, '1466337428'),
(169, '', '$2a$12$a3SkigupDwWJdFZYzPI20.IlUQlNE/qFzbdMJAhwgTNCsB0BCOJoC', 'marzieh_kerman@yahoo.com', 1, 'active', '', 0, '1466357726'),
(170, '', '$2a$12$PhVgPfIbmC58Fgw1sHCO3eUT5juNMB1ePeL0NhJTD4Sr537naxVLq', 'narges.gandali@gmail.com', 1, 'active', '', 0, '1466383030'),
(171, '', '$2a$12$W2uOF6Ivb749SfiZMl/bROd8KCREKH.G.xDZoEJ3enBdI7GPKoQIu', 'ehsan.rahmati87@gmail.com', 1, 'active', '', 0, '1466427653'),
(172, '', '$2a$12$N..47qlTGWDK85zIqjMY3OQt7rr1Yg2.u8yqd1ADSkJaA66.gQZAS', 'fmaryami@yahoo.com', 1, 'active', '', 0, '1466453986'),
(173, '', '$2a$12$/9kPJ8KyrHyj7Jqt3nqd2.3E4eLLR1WZ4wRxhxDlAAuluUR/y0B7u', 'termeh.mo@gmail.com', 1, 'active', '', 0, '1466573006'),
(174, '', '$2a$12$2AhXcdDEa.7mAl54fL40/.eOZbY0ft3XS0U0lkNYxdO9JySt0YuVG', 'moahanad.karbalaee@gmail.com', 1, 'active', '', 0, '1466595832'),
(175, '', '$2a$12$.7yo0raeXtWJQ2Y./GYDjOA6ARHAuFhS9WJuDGfjSm8r0.A68QY7W', 'salehyk1@yahoo.com', 1, 'active', '', 0, '1466794745'),
(176, '', '$2a$12$o3Is7sZdVIUacy9z6Hka6engEZZuo7CC9XIafYqVTq46qUzbKIVVO', 'zohre.iranmanesh@gmail.com', 1, 'active', '', 0, '1466851691'),
(177, '', '$2a$12$Fbo9kFCb30BKuPu9BvLGvOD2uv.Ee1z.0ih9txBdbY/Hk4X0IO..i', 'h.mobedi@ippi.ac.ir', 1, 'active', '', 0, '1466864133'),
(178, '', '$2a$12$xZ1hTPDHDX7.CspRchSGjOebkSEzD1PgXN78JPJI7hoddgDfVD/si', 'samane.abaszadeh@tahoo.com', 1, 'active', '', 0, '1466868092'),
(179, '', '$2a$12$yUNvalCb2iF291S8DgYtueEkXYf.ikon5.2Pd.vFVX/eoEjc4Bd5.', 'samane.abaszadeh@yahoo.com', 1, 'active', '', 0, '1466868833'),
(180, '', '$2a$12$oOngqwdazAzzVkNFNuCm2.2DThydaB.rZ3x.PFJAtVGbjk2uPBc4m', 'poohpary@gmail.com', 1, 'active', '', 0, '1466881832'),
(181, '', '$2a$12$j9kTxGfHkk5K1H5C.PkiwOHSdGq4L9nd2XFdqZArLfmd50JCMZ4cO', 'jalayeri.hoda@gmail.com', 1, 'active', '', 0, '1466922948'),
(182, '', '$2a$12$PNia2gwu.aUh23KSRY6mWO.dYA6EuBerKwiTpbEahNPPTckFKj.vu', 'moniba.keymaesh@gmail.com', 1, 'active', '', 0, '1466927163'),
(183, '', '$2a$12$cDLNGwr8kyDjitJ126huJevBdlnREhaWi2ShiCYqZVxikX5LRqIRC', 'moniba.keymaesh@googlemail.com', 1, 'active', '', 0, '1466932877'),
(184, '', '$2a$12$qBeWDDWqIqojfkP/Hh0.6esgrYISNwlgFBMMnX9PQSBf0JsI0c0Re', 'moniba.keymanesh@gmail.com', 1, 'active', '', 0, '1466932914'),
(185, '', '$2a$12$BKwMWCH1Jtmcaj2NNC26uu72.8XV8bscbMOwVJlsylcolxFneBfzu', 'elmira.fathdokht@gmail.com', 1, 'active', '', 0, '1466937379'),
(186, '', '$2a$12$a6yefm14s1I6QtV.jBnaUuaoe83XvdNdEnm1WmrykqPRVkWCmTHpy', 'behshad.2012@yahoo.com', 1, 'active', '', 0, '1467009803'),
(187, '', '$2a$12$E8XUUBibTHFONF13YY0X7.4mENhzporj5ueolWg7e79jpj1n.Rt5G', 'elvi_hafez@yahoo.com', 1, 'active', '', 0, '1467098894'),
(188, '', '$2a$12$8Gw03DNON3pHwrfH2vTmje0Y/88su.pw8HHPq8TrxRdujkNeDFi7a', 'shayan.dante@gmail.com', 1, 'active', '', 0, '1467128056'),
(189, '', '$2a$12$8Z.PcYEdDYShNNdIVc5cDeEELbPU2yV.wO/E31gg0Ehb2JVRJgGOu', 'mahsa.khodaee@gmail.com', 1, 'active', '', 0, '1467135844'),
(190, '', '$2a$12$wtvPlFarkCSDQDAZfn0lV.7jDgOtWtwCWESdFSn2blGGxxitNGrsC', 'md.fadaei@gmail.com', 1, 'active', '', 0, '1467137060'),
(191, '', '$2a$12$3Z1RCa3rnGkVf06FWKs52edJSPyy6kbAMuQSROmX8e8613.rkLQXi', 'aysan_sabaei@yahoo.com', 1, 'active', '', 0, '1467145455'),
(192, '', '$2a$12$EgGbUD0q/v5tOoPNWePqt.WmnDKWSgyQTzlTjM2E79AJuaqAZvhYi', 'korosh_nasrolahi@yahoo.com', 1, 'active', '', 0, '1467187220'),
(193, '', '$2a$12$aNU6qvuuzhvC/ykCQC.2OuXM5SKqpkBkBcrj3y77.j7OmtkWHjnnS', 'darabi.mahboobeh@gmail.com', 1, 'active', '', 0, '1467205654'),
(194, '', '$2a$12$EOwh/sskmicG2ueLDVqN4uf923Glq5jPTPVXNEf8Rj6Qxg4cRbyCy', 'nina.zamani@gmail.com', 1, 'active', '', 0, '1467218528'),
(195, '', '$2a$12$igWw0LI/1tKw4W8DBw3PzOOAh25qD6P9Wfqt6/FQmYNQ3frGyDePW', 'mohsen_karimi67@yahoo.com', 1, 'active', '', 0, '1467218988'),
(196, '', '$2a$12$BOAuFkCI6X2TbqKM8DDmwemRzejPQt4esvTfssuCjFSjDAZlWu/d2', 'abouzarkamaee@gmail.com', 1, 'active', '', 0, '1467280825'),
(197, '', '$2a$12$gsYaMQOCOOJbtAX7y5V15.sZ3QXqVARazuScMrQ4yybMHbNegEwL2', 'm_bagheriha@yahoo.com', 1, 'active', '', 0, '1467405020'),
(198, '', '$2a$12$jabnsNbdSxlTql5e17fG.uEzz3yeuJRt1rjKiT.iYcGcNb2MIXjpu', 'mona1986f@yahoo.com', 1, 'active', '', 0, '1467443461'),
(199, '', '$2a$12$IO6kbovmF6R9itMou510BOslZVjyKxs9K0BZRfUs/REGGIm5U8N7O', 'ali.banagozar@yahoo.com', 1, 'active', '', 0, '1467456780'),
(200, '', '$2a$12$Xr38XnhGJpzGJPgNZQjkgOH1mujKmnxee5MaRQOHwHUx788ZRffpm', 'amir.vaheb@gmail.com', 1, 'active', '', 0, '1467526150'),
(201, '', '$2a$12$VWkIxmSCb8nZ.U4RXLpQA.1uAPXe.DFG24MGyIJFigoleedF6NWwG', 'black_boy_73@yahoo.com', 1, 'active', '', 0, '1467531203'),
(202, '', '$2a$12$FnB8Dx0sKJnSVSe6Eu0FxecBvn2a1.RVKz1gNmxlp94Up9J2j0i7.', 'nedaipoura@gmail.com', 1, 'active', '', 0, '1467634176'),
(203, '', '$2a$12$b4nrQWNlHf3I6uzwH3Ulw.sjfplKo5Yrtyg2Yc9j57HOBY70eG3ma', 's.khorsand.kh@gmail.com', 1, 'active', '', 0, '1467651937'),
(204, '', '$2a$12$QDTMMOpIdIRo3ZSBrKj9lubj2uWdtkjUlvyNr5JGArM2x0Np3kC7W', 'hashemy1367@gmail.com', 1, 'active', '', 0, '1467653168'),
(205, '', '$2a$12$evW3Va8.1nBOpfArn9f0KOTunjsRWaH6kzIpop6MnDpTkO9WCqQF.', 'elnadaramsis@yahoo.com', 1, 'active', '', 0, '1467862658'),
(206, '', '$2a$12$YpPbzgTkEbRC8UQuC3UCneHWXf4GZhyx/AeSBlRDhvASFTbyz714m', 'v_fattahi88@yahoo.com', 1, 'active', '', 0, '1467926252'),
(207, '', '$2a$12$XA5UZVeUSL7tbLLVz8I2hOVyA27ZGR5NNkli69cUIVL74pOqwJ0KG', 'alikashi7@yahoo.com', 1, 'active', '', 0, '1468070310'),
(208, '', '$2a$12$DzfwCw50ftmPImQbW2VgLeCFJrDL5yWqoiaN8jEsaOSOJS9mQxLqq', 'khosravi_84@yahoo.com', 1, 'active', '', 0, '1468090474'),
(209, '', '$2a$12$HoBYincgUeFJrhNe3ZFLRuQdLABB.grJ4y6/qsRYdjpWEDLdd2K2.', 'amir00000amir@gmail.com', 1, 'active', '', 0, '1468136782'),
(210, '', '$2a$12$LvwAcCVijIGA.0TavOE4guyi1NveG2738ByLd5S1KgUHl/hBKd7nG', 'behsheed@yahoo.com', 1, 'active', '', 0, '1468140851'),
(211, '', '$2a$12$wtInSjlwJOgYei0PQvAIkOXIQ90Jrcg9fU8g4HI2UeoS1w7xvIWiK', 'azari.fahimeh@gmail.com', 1, 'active', '', 0, '1468156186'),
(212, '', '$2a$12$x0MdkI5O33s8ZaV7iDMh.uQrwm8lZdXnHQalUUJLH0y.M4LMzprDK', 'kysorkhabi@gmail.com', 1, 'active', '', 0, ''),
(213, '', '$2a$12$zKvi8QT7vAbjAV5kxrkOMOc9ZflkMWdJ8vJFLSD8FM4JHQZ7Wq75G', 'a.hoseinkhani71@gmail.com', 1, 'active', '', 0, '1468258953'),
(214, '', '$2a$12$mlvYGlfoIi/M5T1XaQfs4uxNZbJFXO.Ln66XIoJOOPh3zQh2UWtCi', 'kourosh_nasrollahi@yahoo.com', 1, 'active', '', 0, '1468304778'),
(215, '', '$2a$12$5fKaIBbNO3USZgJ0zhB3b.Lx2IuZv/D8AOnph20ldVrdZ/wtRNPka', 'ali.lashgari@aut.ac.ir', 1, 'active', '', 0, '1468437782'),
(216, '', '$2a$12$IwK2HWS3GPnrqTfiot1urO1.LQDSOps3n.rKr8dRzlq10DQ.sITGO', 's.samaeidaryan@gmail.com', 1, 'active', '', 0, '1468572287'),
(217, '', '$2a$12$PwpJmZ6V6McWwvywIbnMWeZ5S67zVmi5KYPJy72eOR/kDstxzeN5G', 'bitafathi75@gmail.com', 1, 'active', '', 0, '1468595888'),
(218, '', '$2a$12$6tEEzEhK8tca0FGMy0xhfO5dVbnj2pqikJiRbflMm0yIDAcwA2Q0S', 'mrg3333@yahoo.com', 1, 'active', '', 0, '1468646500'),
(219, '', '$2a$12$QiTn5aKPnJB/8PMOVwp2gOJy4RuB01rO.BcFs/gdqx7JTBdL9jWVe', 'neda_neda_neda85@yahoo.com', 1, 'active', '', 0, '1468651742'),
(220, '', '$2a$12$.bmm0lSI43Mcm1O5l3I5QuT95q8DIFZ5TbadhWxf76aFdu8L3Av4S', 'baharnaz_barikbin@yahoo.com', 1, 'active', '', 0, '1468694786'),
(221, '', '$2a$12$hqCgRfyG7R5cTCIcVAPkt.5.oeavPS8Jimp6QDe0RiwROJOdqx312', 'rt.gorji@gmail.com', 1, 'active', '', 0, '1468832307'),
(222, '', '$2a$12$7lEFwWTuMbPz7BR0KnnVseknPzkXUpGUtS2MA.uCOK1DTmRS4f0Va', 'm.heravi.1991@gmail.com', 1, 'active', '', 0, '1468907924'),
(223, '', '$2a$12$GECwE2M5tEeZW3r8tkcUCuwi0OoyB66uCmUwwCrYiNPhWXHrvh8x.', 'amin.banaie@yahoo.com', 1, 'active', '', 0, '1468955893'),
(224, '', '$2a$12$6kqv6kKEDPHVzg5bmpMS4OEvNFFXoTHHIFu0z/IKxspbBWvtmdZyi', 'ranjbar.r110@gmail.com', 1, 'active', '', 0, '1469090793'),
(225, '', '$2a$12$IPmf3yA4P.lN38g6lj49kuWn4kQbukAyWeY5BYRa0RpQoKBShV4Te', 'drmohammadroshani@gmail.com', 1, 'active', '', 0, '1469108966'),
(226, '', '$2a$12$7PPW1rvgGH3nO2Q6hmavNuboAleGSiisTOnqsb.fvDFyyZXMTX7x6', 'en.jalilian@gmail.com', 1, 'active', '', 0, '1469165150'),
(227, '', '$2a$12$D/FniehkAOlippwLnWKGzOaVZ4IPUl9np6vS3vTV8dIz2McSQETpO', 'b.azin93@yahoo.com', 1, 'active', '', 0, '1469184614'),
(228, '', '$2a$12$gN1alwvsTEaeU8mSo6iDq.0emODR7AVzM7qxpjMt.hj0QEQWq9lHm', 'ramin.v1992@gmail.com', 1, 'active', '', 0, '1469187906'),
(229, '', '$2a$12$Gdof7gPHbw4ToOWGWb7T7OyLdhDH8HEvfWWptYEo9PBZwX72vM6TS', 'arashae91@gmail.com', 1, 'active', '', 0, '1469192423'),
(230, '', '$2a$12$SlSHgv4JmEoW8KnFTxhgi.VkoMpyWROZ24i9o/5n7plHYYY52ZEZK', 'sharif.saleki@gmail.com', 1, 'active', '', 0, '1469203408'),
(231, '', '$2a$12$BHgrVtuq0SefTx8SH32LrOBlQ/PDhLOBfbsSQJRnCJJJafVbxfqoK', 'moein.kazemimk@yahoo.com', 1, 'active', '', 0, '1469253394'),
(232, '', '$2a$12$93SVK.edJyuzw0XyAk42k.yjTN0JBAxpbfTxA2/yhOgtaXH/1zeWq', 'amir.safiri@yahoo.com', 1, 'active', '', 0, '1469265701'),
(233, '', '$2a$12$a6UPTEVDpmIlK6uKe0lRb.DpPz6bI2VYas7QWF4Ad7U3mBUNrDbtu', 'fpouranph@gmail.com', 1, 'active', '', 0, '1469279980'),
(234, '', '$2a$12$DuTQZri8YgCl5dZ/Lbn8meekHhXOtL1YHGlu8hDEvB8Lfk/fO8eOG', 'k.st2020@yahoo.com', 1, 'active', '', 0, '1469345487'),
(235, '', '$2a$12$7aq84k5YXciQFgbFHdQ.0.DnGM013UDyZ4OCDlPi2hAk629Vu8O.e', 'pedram.saba@gmail.com', 1, 'active', '20eff0d3cb741058c3176f48d6f8601e', 2, '1469358318'),
(236, '', '$2a$12$uQ/zhCMs8CIehRmysrun1uDwpCJ2tPOClmWfCm.oCZAB/xiosfuCG', 'hajbabaei.mr@gmail.com', 1, 'active', '', 0, '1469422674'),
(237, '', '$2a$12$i3YNtVn9qfs/Z3UZyV5wB.iwbye/WfkZu88n9QnXcpokGfTj0WuXG', 'hosseini2310@yahoo.com', 1, 'active', '', 0, '1469438427'),
(238, '', '$2a$12$rD9KIS/4dBTSdGfbw9H7kOSQWRmZgYEPSZhG80R7gyblI3ITq2Blu', 'maryam.abdollahzadeh.1991@gmail.com', 1, 'active', '', 0, '1469523850'),
(239, '', '$2a$12$o1dSxzSSb.jmf0eJEbedTu/NdYHa0Rb3Y4IhBrto8YnF13B6622b2', 'majidsadi18@gmail.com', 1, 'active', '', 0, '1469529001'),
(240, '', '$2a$12$ZMQ2x.M0j6Lu2fXtmznR5.GTJOoRheCfAhVQWPOI9Si.OTsZD/87m', 'jalal.teimouri@gmail.com', 1, 'active', '', 0, '1469532521'),
(241, '', '$2a$12$angun/hJkJujGBzUVUwXCu.2KlQcFHzEdn3NuZqwUE59z1QqJefO6', 'narsisnazi@yahoo.com', 1, 'active', '', 0, '1469554893'),
(242, '', '$2a$12$rmbZugnKE6rfcaysjPwoIusuoSG3lALWGTOY6j5mIBj076jitsJC6', 'hamed.nasiri@modares.ac.ir', 1, 'active', '', 0, '1469585973'),
(243, '', '$2a$12$YVG0o4k9swyhH25GOAL/V.feA.wLscG51Cd1.IWNvksH0zC6aa67W', 'arash.joybari@gmail.com', 1, 'active', '', 0, '1469643431'),
(244, '', '$2a$12$Ua.89xVMrqnA37cODXE6hOCAOlTiaLewiJTlhbf92xk4vbrXrzSuq', 'sajjad24@ymail.com', 1, 'active', '', 0, '1469685977'),
(245, '', '$2a$12$IT8ni/QKdZE/VOXLX3G00ONbpXi//KFfwr.R15vzS/h7VZcllhjmG', 'zabihihamid@yahoo.com', 1, 'active', '', 0, '1469721135'),
(246, '', '$2a$12$nLZ9Dtk6Vk4FkBl/QrPkouO4ZGcqY91VVP3DgZTnNkp1TSfdjXk06', 'b.khakinejad@gmail.com', 1, 'active', '', 0, '1469788164'),
(247, '', '$2a$12$44By3l4cW1O2atM14k48kO/r3/PlEpTMoMC4Jo4wB9RGuJ8uSGHiy', 'ap.shirkavand@gmail.com', 1, 'active', '', 0, '1469878295'),
(248, '', '$2a$12$ePVO2R9.cWc47m7SD4.9aueQEEyVoPnlJAcyBKjVQwPU4L2rHKZPa', 'setare.metanat@gmail.com', 1, 'active', '', 0, '1469881410'),
(249, '', '$2a$12$NoWlMW98OBW2VPQIoSiyieto3tE237v0MiQo8WpYCTYXfaXLU4pBe', 'ayat_omidnia@yahoo.com', 1, 'active', '', 0, '1469884062'),
(250, '', '$2a$12$XcolfHW038iRRSg/jtsog.4Mx7lcHHaDFZ7jXWHdTXOICldQUGt96', 'fn.dadfar@gmail.com', 1, 'active', '', 0, '1469885659'),
(251, '', '$2a$12$QDN7UI35OU6vQPUFqSIG7.yh5jQ3i13/UQ/sxfy7BSt12oXOFzEhy', 'amin.einabadi@gmail.com', 1, 'active', '', 0, '1469898829'),
(252, '', '$2a$12$3Zx3WT34M6bu2OJoR9Y/KOlgduvYXwEcGRb4mT./0nALxd9QQXcRu', 'hossein1261@yahoo.com', 1, 'active', '', 0, '1469903007'),
(253, '', '$2a$12$hWoiJ3R14lnuPSVSTrLnLurMHl7b2SsM/M5ig01MtiFZdkJMpF9ZC', 'samane.fakourian@gmail.com', 1, 'active', '', 0, '1469963946'),
(254, '', '$2a$12$SPO9P9USQ872cAGSreJKRO.CJ3ZI5Vy7eF88/N77hg/8wtUcvVEhy', 'masoomeh.bararzadeh@yahoo.com.sg', 1, 'active', '', 0, '1469964677'),
(255, '', '$2a$12$3yX8jOuU20.m/qGtotRsp.WVLjVNvqbiRi8l5hHxhX2V6cwu9goEi', 'mha191111@gmail.com', 1, 'active', '', 0, '1469971548'),
(256, '', '$2a$12$ez9Rgr8hiNbeTaXy35VpVeASDKk9/dSC9wmjSRDOTv/d9E5/OhQ7m', 'fereshterabee@yahoo.com', 1, 'active', '', 0, '1469993419'),
(257, '', '$2a$12$F.em3NayONd9PRF6/DjzMuAymmdA/1nIqXmmRRIle7U05jLS6Wvfu', 'sharifikh@ripi.ir', 1, 'active', '', 0, '1470043841'),
(258, '', '$2a$12$DB/NXR5wrnoECzu6CJwfYu0IMZV9kHafvYvA2J.8joMOuLLb/sBqi', 'e.ravanasa91@gmail.com', 1, 'active', '', 0, '1470044735'),
(259, '', '$2a$12$ViiJI0z5RR8P.acxXElDFelt7HiGRDpo/juPa6Qhmg4KgJ3FikS8y', 'mr.amin.mir@gmail.com', 1, 'active', '', 0, '1470048334'),
(260, '', '$2a$12$mFujV2zL6nrBwrjDIBYsp.1qXNZMj.AQ.MdZAWpp6O/MKFTnK8tO6', 'p30msb@gmail.com', 1, 'active', '', 0, '1470065665'),
(261, '', '$2a$12$/7S2tgSLn7n3isut5NePXuDlvULkJCDoUG8PL9hf4jxAy50aJtmzy', 'f.panahandeh67@yahoo.com', 1, 'active', '', 0, '1470075655'),
(262, '', '$2a$12$hEJApSBl1pBGhccoRcszQ.7SxBUzV/27Ff5FH6DT0kWbwD6JBaYAm', 'hr.shafei@aut.ac.ir', 1, 'active', '', 0, '1470129026'),
(263, '', '$2a$12$6eLsBIryQswYJ0cVcFAP2uN3G4xegEuhrQqaTkDBUcwtrmXoU0d/6', 'mar_hashemii@yahoo.com', 1, 'active', '', 0, '1470131300'),
(264, '', '$2a$12$v6eNreNHS1K3rPG.mvjDEOz4C5prieVUEiufmnNoQ4Oc8wsDNKrgG', 'jasmine_a_m@yahoo.com', 1, 'active', '', 0, '1470150063'),
(265, '', '$2a$12$roeTd2aUG/T9btgbeHWSr.mZmg8Nfg/KBQ7MiqCmEjnvDzFdDk5JG', 's.bird74@yahoo.con', 1, 'active', '', 0, '1470239530'),
(266, '', '$2a$12$cxWTZmD5/96Ha.RQmJq8KejYLQ6SzVXcfygzeJkBnJH7RgO0s2GT2', 'mo.rezafathi11@gmail.com', 1, 'active', '', 0, '1470310357'),
(267, '', '$2a$12$FnOTKQVzVLgnw9jlktCBQe60/AspiaVMCtvkHjGpqZJw7KuY1Fb.u', 'fahimeh.70@gmail.com', 1, 'active', '', 0, '1470314630'),
(268, '', '$2a$12$2Ap/2w0wTIhPT43OeMURz.2fj5jeFgjHN2oGLzsY9kHnEaMBfz07i', 'z.golgooni@gmail.com', 1, 'active', '', 0, '1470405652'),
(269, '', '$2a$12$MmHHiv6gGOTp18SbM.Wn.O8Met3jxij/YHMZY.z5qTwbX19jLsUzy', 'svalianpour@gmail.com', 1, 'active', '', 0, '1470432735'),
(270, '', '$2a$12$Rq0h00czERb72xhlIIxGkOZ.dQS0Uv1sHFtFTTIHkkkctYUA.WfUG', 'memari.ahmad@gmail.com', 1, 'active', '', 0, '1470466167'),
(271, '', '$2a$12$NShsEyQ9A9aelfn2eMcUW.ktFucrEpDCuyrNlNNve32uPD68aXmvm', 'tannaz_oberon@yahoo.com', 1, 'active', '', 0, '1470476571'),
(272, '', '$2a$12$vPXjbQuJxSkcXrdnbbQ3QOocPRw5fVcpgmHHJMACC3AwakJkdkkS2', 'masoudeshghali@gmail.com', 1, 'active', '', 0, '1470495228'),
(273, '', '$2a$12$tXrcwagU6Wwz0/R6CVZBPuXIVs1x8xi4qBDXlcxVnIKLgYtZp8sl.', 'roozbehhassanzadeh@gmail.com', 1, 'active', '', 0, '1470504777'),
(274, '', '$2a$12$r948VLrc5Q8Bu/v9QYCFNuwvshzqZxHE7yBYL1dhVhVLgqB/j164S', 'amirkhadem8234@gmail.com', 1, 'active', '', 0, '1470558355'),
(275, '', '$2a$12$87DHpC30UTz.VkJFObSwAePM1XGH70/8yrklBjnpSUBCyGHa6UqE6', 'amirkhadem8234.ak@gmail.com', 1, 'active', '', 0, '1470558450'),
(276, '', '$2a$12$6zDnter33s2oAyWetfsX/uilmI4cuVWx6XmjJqM3cnTB/wicqu.ZC', 'amirkhadem82341@gmail.com', 1, 'active', '', 0, '1470558735'),
(277, '', '$2a$12$xGoaLwNetYLSYOiqkaos/e7ejezdNPRZj1n.BCtG.nG3mUi/pr.xC', 'kalhori.naser@gmail.com', 1, 'active', '', 0, '1470583807'),
(278, '', '$2a$12$sC74UwKroMRIIsL8RDwMP.bfsh3BCNDDzXOMGTZ/nbEXnfq8mqON6', 'leili_utm@yahoo.com.my', 1, 'active', '', 0, '1470599565'),
(279, '', '$2a$12$4YfrDFyYvXk7Z66qORYR4urh2LE/gVSSm7Guz2symKZ0xduPg0lTC', 'forootan.alireza@gmail.com', 1, 'active', '', 0, '1470660760'),
(280, '', '$2a$12$YtA0H7SmK7oLCsE1O1OdfOrYt8cTtR0c2nUd9sIOlfG2zckI0X3uq', 'f.manazarei@gmail.com', 1, 'active', '', 0, '1470660812'),
(281, '', '$2a$12$x9sM/hyvFsN0xSdVqY6JqOdpvKWqn8YkXLQifn8SxPUhBmulQBKmO', 'maral_63m@yahoo.com', 1, 'active', '', 0, '1470678192'),
(282, '', '$2a$12$vJE5cViipRidDvtyrpJq5eyByvBgBzH0udskvaSGyzCcGIbhEz/NS', 'siamakyar@gmail.com', 1, 'active', '', 0, '1470698930'),
(283, '', '$2a$12$UAgvRpJ7E25wxdQyAP54Wur5LVtsHjy4uT7fE.vE./J.OjkarMoKK', 'astareh.1367@yahoo.com', 1, 'active', '', 0, '1470739761'),
(284, '', '$2a$12$aquR.Fegk48K35oWQShu0O6sETk8FExYTs18mwOA/OwFTe81nrQIm', 'shayansut@yahoo.com', 1, 'active', '', 0, '1470812645'),
(285, '', '$2a$12$JVSs3uEh6sqLMth6PMJxYOPVC9v1DCIdqm.suRjfGsnubAOdIhDVm', 'samaa1372@yahoo.com', 1, 'active', '', 0, '1470829953'),
(286, '', '$2a$12$8Gt1XxNR8w.fdRJbimsoJuv59TMSg4TpazzTLL0kNaEbTXXU0SdAS', 'raanabagheri9@gmail.com', 1, 'active', '', 0, '1470849774'),
(287, '', '$2a$12$8yxsieeYa/CH9tUoLPWa0OaDrIGIxxJ6KWu/IN1Z2yT6nsnVP7LUy', 'yusef.mobasheri2@gmail.com', 1, 'active', '', 0, ''),
(288, '', '$2a$12$pAkjFlAk8evSr6MN8BLtXefZhEHntKpjiokTjLle6JU9qRrgLglAG', 'mehranfarelham@gmail.com', 1, 'active', '', 0, '1470903582'),
(289, '', '$2a$12$I4nIgj/AxvR.ZOgi9HPmDOgKOr9.oX/QnH8/8lVP2ua0kbKLZ1IJ.', 'niloofar.hendijani@gmail.com', 1, 'active', '', 0, '1470914481'),
(290, '', '$2a$12$Je2VQgWilpIs.JeZNbgjjeRm6c33pXIaLHwUx6KvdQKEoJlyLRhXG', 'samyar145@gmail.com', 1, 'active', '', 0, '1470950365'),
(291, '', '$2a$12$wIiih/oWeD5RQs94I1kzM.keZtGVA4dp0MBP2PIs5.LhbXvFC.Iji', 'nasoudeshghali@gmail.com', 1, 'active', '', 0, '1471027203'),
(292, '', '$2a$12$mMNa0tREgmbyznR0ofOSO.0xDrzDQJmPC9uHi6pwZ/gBrychuYWJ.', 'Adel_mhosseini@yahoo.com', 1, 'active', '', 0, '1471061002'),
(293, '', '$2a$12$9oHB.bvRYEmx1Rjqd1pHguxrNfl7jXvJsndVgHcOuMB0Epvp9jhea', 'hamrahmahdi1@gmail.com', 1, 'active', '', 0, '1471097699'),
(294, '', '$2a$12$y5CRcnmV./g//pZiBenDhuMyjuxSqvy5YyLGFnfMVwUI/NJdtEX1S', 'e.arshad.ir@gmail.com', 1, 'active', '', 0, '1471107957'),
(295, '', '$2a$12$qAJIcAdo8ia3xXU2hmkppuDhltniQtNsQwqUQeKlYDXqEQ6WAozou', 'behrooz.razeghi@yahoo.com', 1, 'active', '', 0, '1471337386'),
(296, '', '$2a$12$dC8ZMkjjGFQUk22bjSUXHOai448Ov2qOWSGYsHz1s9Sx38DVLBlOO', 'mahyar.t.m.95@gmail.com', 1, 'active', '', 0, '1471358499'),
(297, '', '$2a$12$7Ow9nGyOY5PlpgdtdM6Q2.OgbYusiPH3qz8Zv9UsdBKfmr2BzTUoK', 'sasani.ir@gmail.com', 1, 'active', '', 0, '1471592204'),
(298, '', '$2a$12$3Vc5bWNVuYf1c3OZY3Vk8.ummDhLm4lkZ5mOxhGuGRW4RzV4e62am', 'alimilanchi@gmail.com', 1, 'active', '', 0, '1471678469'),
(299, '', '$2a$12$O4O0MzBMq/VYMumZvLOXb.kPQA.nVfQWluRPPIsHt8ApgRXL6KzDS', 'z.javar@gmail.com', 1, 'active', '', 0, '1471773158'),
(300, '', '$2a$12$bCM7l0/WOeUcp0CKY2MnDOCK3hepEfXaJJeTC1vEqqTLEtwhRfrRK', 'attari.hamidreza@gmail.com', 1, 'active', '', 0, '1471773441'),
(301, '', '$2a$12$c4i8Ht215dQZAm84bUiHJeKgT.n3FzUZsGA6AkBfscpcZlkgz8epK', 'ha.yaghoobzadeh@gmail.com', 1, 'active', '', 0, '1471991321'),
(302, '', '$2a$12$/anGpWvcZuDZZgL2ExGcb.eFJXHvoTStyaD6zksQuM22QKwjTweqi', 'phoenix_elmosan@yahoo.com', 1, 'active', '', 0, '1472114518'),
(303, '', '$2a$12$tMKL7fyBu9f.g6eTXxvV8.tg3kOZr5rz12i0j.Q7KSpXol3z7tKcm', 'mjmomenisk@yahoo.com', 1, 'active', '', 0, '1472177801'),
(304, '', '$2a$12$Zmjk8zNEsKXJKUgbC/xSweEbX/rwa2dSDB/qGE23idK0JAOFVycAu', 's.sanaee.m@gmail.com', 1, 'active', '', 0, '1472310627'),
(305, '', '$2a$12$Rwep5knEdhqv34RzD6NxGOOAcZEGiaJbkI2BU/GB1qwvUv83E1/NG', 'p.azarbaijani@yahoo.com', 1, 'active', '', 0, '1472311816'),
(306, '', '$2a$12$OJ9ia8A2ycHWa1aUOGGj/uezZ6zxBqJk6dNACHXetm1abBgMjiMje', 'sarah.hajizadeh94@gmail.com', 1, 'active', '', 0, '1472404134'),
(307, '', '$2a$12$QJiWMRoQUuMiUnm4tS6G4e03CRfGg2QKes3N6Oi6Fx3SMX5l29afy', 'shadfardav@gmail.com', 1, 'active', '', 0, '1472450669'),
(308, '', '$2a$12$s.zLAJMKRF6pEeKEbTr.fOnxuW.tEk.KLeoTXKV/.uL.7RoSEAjSe', 'afarinmahbod@gmail.com', 1, 'active', '', 0, '1472496902'),
(309, '', '$2a$12$DIxKJ/jquWNfcC89YEtTAuvr5XrSfhXYfH.w9UM7XAKTID3.zpYOu', 'mahshidkhoshlessan@gmail.com', 1, 'active', '', 0, '1472544027'),
(310, '', '$2a$12$99/bROsBfkPu.LZjG2dYdOXPmFBTt0HGlAqoidjPbgXWucQ7URpVm', 'm.abdolahzade@gmail.com', 1, 'active', '', 0, ''),
(311, '', '$2a$12$PQxbgnHOUWgaEnZQttrFMujepOGvrbsPB8xznFBG3UaUth0ci2jKO', 'basirborhani@yahoo.com', 1, 'active', '', 0, '1472905699'),
(312, '', '$2a$12$0k9pt5ysM7FjHwfg0dJ1Wuoktm3AuEjOJcNiU.KjxgQ7vKOr1toPu', 'hanieperma@gmail.com', 1, 'active', '', 0, '1472982102'),
(313, '', '$2a$12$qPTIuMvPz9VX0bTiZTmUneYyhXkM2h.8DDb55BNiiouTbBnx1XUD.', 'safaei_info@yahoo.com', 1, 'active', '', 0, '1472986423'),
(314, '', '$2a$12$KOGs2EbvUJS705aznnbkPOBbTS0T6/CwG7mwtUI3.wRyUwQ6lZzfW', 'mahmoodi_id@live.com', 1, 'active', '', 0, '1473089621'),
(315, '', '$2a$12$0b4QeOdYrlMjMIpY/.UfaeRQnr/brlcwTCgGYaNpZN4ErrJQCH7Ee', 'rahnama.hadi2323@gmail.com', 1, 'active', '', 0, '1473102922'),
(316, '', '$2a$12$ZA5JN6.5WASvPnvzsAfAquEc3e0jA0R.DQkICFlIQ5Y4yMUd3smHa', 'sahar92.rahnama@gmail.com', 1, 'active', '', 0, '1473142786'),
(317, '', '$2a$12$.Xg1XsoYXbCyAUwOYcvVGuoYOie./MShlGx/f/3aFpDFxNfXxRPU6', 'soroush.aa@gmail.com', 1, 'active', '', 0, '1473157982'),
(318, '', '$2a$12$3TDRIjnaj22ndOkhe8I0xuXOl18NE9xFhSshV20zRbQN24MX3DZua', 'ali.amid@yahoo.com', 1, 'active', '', 0, '1473253524'),
(319, '', '$2a$12$EMgDhxA/n5cjMGQ6nBFtROShWKSZnqpxDPxGg4Wtz7YX.GfHr9qFe', 'sepeft@gmail.com', 1, 'active', '', 0, '1473353312'),
(320, '', '$2a$12$8DnGg3Vy58yIO/0yCpsoRu/wHVdN9szRDwYsaTKsTnxJrN/n2PhVm', 'setare.jalali92@gmail.com', 1, 'active', '', 0, '1473414604'),
(321, '', '$2a$12$3YjJWAxu45/J68SRAwuOn.SY5gKb5A5kvtK0nNdygdyKAQ0IFirP.', 'mahantajrobehkar73@gmail.com', 1, 'active', '', 0, '1473496449'),
(322, '', '$2a$12$AQsq3bZihYT5WsEme/39ge4BVUhM2Mp6N0VohKNTgil8lev/mjgG.', 'mm.mahsa.2@ygmail.com', 1, 'active', '', 0, '1473511116'),
(323, '', '$2a$12$RqvEWgkFJ7Q6mnA/qHUYdeS6/Wh9UGPoNTwHv7flVPD9VeZrM0N8u', 'mm.mahsa.2@gmail.com', 1, 'active', '', 0, '1473511194'),
(324, '', '$2a$12$ac9aX996TET0lc9LhGZJY.aLFKCW2.41ZgRhq9RaAPK32wwHDAAn2', 'l986mohammadkhani@gmail.com', 1, 'active', '', 0, '1473585914'),
(325, '', '$2a$12$1Y3A8nB6MVh7XvzbY6k4Ku/ukp0QythM7scA3Q06EI3.34KMtgd/G', 'najmeherfan.et@gmail.com', 1, 'active', '', 0, '1473699115'),
(326, '', '$2a$12$3E14q.giCgTZwJEgf.p8ROhn3Dt4gR25wcAnC/W3qunzaAlcdRHee', 'mh_edrisi@yahoo.com', 1, 'active', '', 0, '1473706518'),
(327, '', '$2a$12$C0oxY2V1sC/W7Ypp8OzSheJgdenU7xG5KCNqCdNNitcr5/uq9JY4y', 'militopstar@gmail.com', 1, 'active', '', 0, '1473778277'),
(328, '', '$2a$12$8p41ZIgB3N5yl3Z52jtTce5afpffaK8xdSOm/nB9qHOfa1u2vcx8K', 'mahsajamshidi110@gmail.com', 1, 'active', '', 0, ''),
(329, '', '$2a$12$EIbheajtUprN3yU9quwQKuXQQnKDx.MKb8Vi9.KllFjAO7l.5DRRm', 'faezeva@gmail.com', 1, 'active', '', 0, ''),
(330, '', '$2a$12$m6.bdiX2l4ZY2Bhcbxmq5e3iJIYFY9le5CJ5jAA.rGaYlQDv8hfXC', 'shahnazrezayi@gmail.com', 1, 'active', '', 0, ''),
(331, '', '$2a$12$5zNcyfBL6Q453zSq/Flps.eLY4jrXM6tJKwZwQky5srQGzrjHag4K', 'ha101di@gmail.com', 1, 'active', '', 0, ''),
(332, '', '$2a$12$qRHUvBUj2/SeNSKVA/zJC.k4Z9w4yWGlXL2gJVhbjY2zfVxm3ckjq', 'mahnooshva@yahoo.com', 1, 'active', '', 0, ''),
(333, '', '$2a$12$cYRaQm2gZZX.GfIJ4vwJ1OGadv3/YABW25l/8QsBf9E2XPRP0g2u.', 'javad_nasri@yahoo.com', 1, 'active', '', 0, ''),
(334, '', '$2a$12$.PsoWYog0SFZw3q8qA1kY.W6VYxVU8kWq8legXKaYioqhPMMar/ee', 's_ghalenoiee@ut.ac.ir', 1, 'active', '', 0, ''),
(335, '', '$2a$12$iG0z7ZGme6M7.XyXI2b5L.1ydmv91XhD6NzZoiqyIQLXDCw2fNqFe', 'melika3996@yahoo.com', 1, 'active', '', 0, ''),
(336, '', '$2a$12$oHm5YFIoXyFXn1uyf55sx.jYliDgvgrSuuLbz4A7nJDtXbg2Y0PT2', 'khorasanifateme752@ymail.com', 1, 'active', '', 0, ''),
(337, '', '$2a$12$O4lb.xG5Kwhcpi27j81xPOAHft3MCYpB.fXlQd3rLZgbtWjurSLei', 'nilooshaker1997@gmail.com', 1, 'active', '', 0, ''),
(338, '', '$2a$12$QgLms1M1bwmVxoe0E4wvHe3i6.mFWieUpMtPXHlMzJ.TaTHzhyBie', 'samaneh_toosi@yahoo.com', 1, 'active', '', 0, ''),
(339, '', '$2a$12$UVUnxN9F18uBEp.QHbaY2OeUBbw5oAohC0sJUgFM36FwJD.erlmnS', 'mohammadj_hashemi@yahoo.com', 1, 'active', '', 0, ''),
(340, '', '$2a$12$4EUYWet3KVqpysgKmRIjO.2J/WeF940mfBI2ktSxi.EwR4Afjt7Ce', 'fnili999@gmail.com', 1, 'active', '', 0, '1473843055'),
(341, '', '$2a$12$A0Eu6VuDVLLR4zJ.4hEtkeUmWMputJf8LbOCEKy8vwyloqfY7vHky', 'mostafashojaei1366@gmail.com', 1, 'active', '', 0, ''),
(342, '', '$2a$12$BUGjbJcAvNvIVUgEXVLgQOKpn.i0MpBHt0XHCfqdxl8eMwlmbU8X.', 'h.hashemi21@gmail.com', 1, 'active', '', 0, ''),
(343, '', '$2a$12$XD2wZsjOrJcZWYkRCwmL0.RuRTaA.bV726oPo8HohgKGH1nabsSBe', 'rg.irco@gmail.com', 1, 'active', '', 0, ''),
(344, '', '$2a$12$/7GyyskIew545T8s/p4/0uTy7E32LWrK5gOKF/75advsgxeT6Mu1G', 'mitrajamshidi@gmail.com', 1, 'active', '', 0, ''),
(345, '', '$2a$12$9WUd5SVnN8s2ACXulhzFvO1t8YbBXxqyd4QjrgMDpEu42t/sZifrK', 'f.anazarei@gmail.com', 1, 'active', '', 0, '1473844531'),
(346, '', '$2a$12$wg/RTafaZA58Y7OU9iYaFuDxwuPn4A1G1evOdrLDLBmUXYUH8d/Ki', 'elnazgholampoor@gmail.com', 1, 'active', '', 0, ''),
(347, '', '$2a$12$xfyaWoL22XobCX39tVC9F.RV30BDQB/kTyM4XqllC60XBpPyulE/C', 'samiranoroozi@gmail.com', 1, 'active', '', 0, ''),
(348, '', '$2a$12$kbo30.QnrdesJl4RARLEqu92P3nkvAigBgbJcBlEKhEwiR9ZIWdAC', 'nazari.khatereh@yahoo.com', 1, 'active', '', 0, ''),
(349, '', '$2a$12$UhPKWLxGdHWd3h1HkTEo.ebkXK7DpxMeOnYCplqAfLi7j8idT9Qmi', 'm.haghpanah@ymail.com', 1, 'active', '', 0, '1473845859'),
(350, '', '$2a$12$1AJBzhh1uZfnMpW2S1yWE./Ha9dQNus4u3oHHczuOp.TDAivVLpJi', 'ah.boustani@yahoo.com', 1, 'active', '', 0, '1473846512'),
(351, '', '$2a$12$2.1/GGloVHC.XA/yLXpLAe/FgsfyskMEwUzsEcPRLikOsfvd8skbe', 'esmail.chapar@gmail.com', 1, 'active', '', 0, ''),
(352, '', '$2a$12$2.FA/l2SU4lJL3W7IxV49uYiEaehxBGkiDEPMQlXjdck02mjRxAOe', 'yashar.hemmati@gmail.com', 1, 'active', '', 0, ''),
(353, '', '$2a$12$ZzEeu9oMoBBQELweZIuF/u4rU2fOHVmSeFC4NULfZ8qwJ..Wkjc8q', 'mehrdadmoaf@gmail.com', 1, 'active', '', 0, ''),
(354, '', '$2a$12$BQDrbZPntj6HfXoPIwG6veqlRg4B/jKAjBfGAWEq/10e3FnFuESKm', 'taghavi.mtb@gmail.com', 1, 'active', '', 0, '1473866856'),
(355, '', '$2a$12$HbH7Kaeq.OsMxYxj9kbusO1NwM9iGgjNXBixEvfDpZO6f21J4lRnG', 'monabasirat@gmail.com', 1, 'active', '', 0, '1474010473'),
(356, '', '$2a$12$M0fAQLhU69m8C.JoXwLbz.Mu9YyoX0ETAfY6BC.VFCPgx6sTaVp6W', 'hanieh_sadough@yahooo.com', 1, 'active', '', 0, '1474088841'),
(357, '', '$2a$12$eKACGOZJHaePlyy3m3IhveJIzvpcM9OW2nkjJcI94pbznflHxA6yC', 'smr_miremadi@yahoo.com', 1, 'active', '', 0, ''),
(358, '', '$2a$12$Eey9.hs3b/Pqo1V9Hq9QOeu4l1X6RaBTZoWu.D2KzM.lEkGLaYjcu', 'rahenow.arezoo@gmail.com', 1, 'active', '', 0, '1474130381'),
(359, '', '$2a$12$7eZ/ShJtvFaA7MaEhZzm9.HtX4LMCCY0KsbcNWY9ThAIpa6pF3IG2', 'm.hamidzad@yahoo.com', 1, 'active', '', 0, '1474180071'),
(360, '', '$2a$12$XMgQnl1AcrrnMdHw8IU4IOwC1L0HsB2/NdLrIFZdGHrB8GVP4aZri', 'atiyeh.sherafat1375@gmail.com', 1, 'active', '', 0, '1474191693'),
(361, '', '$2a$12$MPAMeR5tvYZnxa92mV4bQu0cpyF0/faQeC7hyZSxHtfTPN5ahWVCC', 'shima.masoumi@ut.ac.ir', 1, 'active', '', 0, '1474221731'),
(362, '', '$2a$12$qvLWdtvz9R7mo3.GQGRiJOmMY/PxwoK7PjTn0I2N/98ktxmgPAuoW', 'e.tallan@gmail.com', 1, 'active', '', 0, '1474265493'),
(363, '', '$2a$12$DfZZrf1M4dspps1HRNjKQe8hCDX1buQpkSj2vOr33/ppyFdBUNX9S', 'barikbinhanieh@gmail.com', 1, 'active', '', 0, '1474266787'),
(364, '', '$2a$12$fIbQTMWSPYJ89n8vVsiUpOWmBp/ipS.olqmjkPFYJmKObXKvFQjBC', 's.salsa137@yahoo.com', 1, 'active', '', 0, '1474271668'),
(365, '', '$2a$12$bhxO.R/bIiiJB8vFbXcDJueidM1xTa5rVzEq2k96bkRQ5kESMm4D6', 's.eftekhari@gmail.com', 1, 'active', '', 0, ''),
(366, '', '$2a$12$t1CgQQOJGkIT7grRdOrUje7T/K3w4cBX9zcd5PjGfHa6fz0M3FB/C', 'm.amirian44@gmail.com', 1, 'active', '', 0, '1474308306'),
(367, '', '$2a$12$fWrnpw2N8P6ohjixxjNhbOzR0jqbFeYv4NR2dOZAQ1FRX56DcRN4G', 'mahshad.jahani13@gmail.com', 1, 'active', '', 0, '1474381934'),
(368, '', '$2a$12$G9Puxs5XhGcLOnG3QlFWYuUo1rVyWeF2VB3UMSxj.N/taEJzH0VxC', 'moein.khalighi@gmail.com', 1, 'active', '', 0, ''),
(369, '', '$2a$12$HpB9GM1uMuPkWf.7aYYME.5dTEbitL0R4/SATq5LTiNe6Cw/.hOh2', 'houshmand71@yahoo.com', 1, 'active', '', 0, '1474458905'),
(370, '', '$2a$12$yXLm6mn7UI6fidUkAz8X7Oyw0F3p/4dl669L0hboI60GPf.E//lAS', 'talebinezhad@live.com', 1, 'active', '', 0, '1474616016'),
(371, '', '$2a$12$3XHvyFWnJA0eIdcoq68iO.6y2009XGujl7fGwHfbf9bvyB6GMfxIW', 'sara.sadeghpour@gmail.com', 1, 'active', '', 0, ''),
(372, '', '$2a$12$FzXVP4Ug5GKTJcj7xpEwzuYKp/aie0pW0JuKY.FBt.F64uyrBhhIW', 'omid.reyhani@gmail.com', 1, 'active', '', 0, ''),
(373, '', '$2a$12$njetAFcJAj0fOGBSek2ykO2VyfTYxYvtQW3Pyd14sBdaxhxhdOz2C', 'saeed9270@yahoo.com', 1, 'active', '', 0, '1474720381'),
(374, '', '$2a$12$YM.5GR3Q4PFGicJ6ej1VOOmZEl1B2w0ISjNADnxweoJ8nf50FqMJ6', 'saeed.hatefiardakani@gmail.com', 1, 'active', '', 0, '1474790269'),
(375, '', '$2a$12$UNFhC5yF52MovifT3DvE5uDZaEHFqj0S292QL9e7GJPU1bgegM4NK', 'fatemeh.rasty@yahoo.com', 1, 'active', '', 0, '1474811910'),
(376, '', '$2a$12$8DQC6AqtGShWgzwth9Tsnuc2VCmR6Qpax6foQ46I.0Y.uGIMg8mey', 'am_estetar@yahoo.com', 1, 'active', '', 0, '1474833819'),
(377, '', '$2a$12$feyOX0MdN7wBomRHwi3p0uwzTvpYudleZauRVzsrAPFPFCN/UEsFi', 'yazdian.yassaman@gmail.com', 1, 'active', '', 0, '1474887412'),
(378, '', '$2a$12$CZImPdH3z0o.lXH8H4sBweH7uiJ6POquQOYv0ZdKHDqv87gFi3rkS', 'a.babaiee@gmail.com', 1, 'active', '', 0, '1474915928'),
(379, '', '$2a$12$wINCEg24InjsMARKv5r5J.q4saI0lUByArSKbXgSZnm0S9ovtqSGC', 'hoseinizadehmehdi@yahoo.com', 1, 'active', '', 0, '1474916981'),
(380, '', '$2a$12$CqXy5MOxdWm8T4FkD7bQFOYcISB0YsEainiRX9y6MNSawXXB5YZES', 'za_alizadeh@hotmail.com', 1, 'active', '', 0, '1474964844'),
(381, '', '$2a$12$JPXyF1FU2a5A4LFQSNajp.hFtfCJA1hoJDzeQbmy1.bGOCGf.6aIG', 'fateme_rezaee99@yahoo.com', 1, 'active', '', 0, '1474994394'),
(382, '', '$2a$12$K/F2szPlUFGgvfWJ1zqRxeC6k92Ba4Y6tI5o8N/1/h9nlS6wCxdsm', 'mahta1377@yahoo.com', 1, 'active', '', 0, '1474998655'),
(383, '', '$2a$12$Iz.4p6OGnueo77u6ujL/IusQhNEJ.Y3nQ14MmhpXQ5ncreD3WY6Om', 'mohaddese.pakzaban@gmail.com', 1, 'active', '', 0, '1475009927'),
(384, '', '$2a$12$6AHJgInjFzzMfp74JG3L4e/FdxSoH3EFsH5aGbuFfskS0N1d.y8ES', 'na.elizei@gmail.com', 1, 'active', '', 0, '1475037842'),
(385, '', '$2a$12$FwKp13Sz0sJh3nJURy7pVOjihDeZMpTVWCJHliGhe4amhf0NbFth6', 'nastaran.alamgir@gmail.com', 1, 'active', '', 0, '1475056439'),
(386, '', '$2a$12$E/iOYe2kpsn61IWvEj1rvOBLeQfEiY5XSzpo.Rnpn2g4X.3RMo2pS', 's.shahrokhi1983@yahoo.com', 1, 'active', '', 0, '1475057096'),
(387, '', '$2a$12$0.7ESpSnC9ROsll1tmLNRu6L.400.ZcNGfEiLw2IEn.XElnR2vjXK', 's.jalali@gmail.com', 1, 'active', '', 0, ''),
(388, '', '$2a$12$hHp9llPOvT01GUKzW1WtW.rWHRyhfRfv1G5/FKnW83nyCJlms1EmO', 'nilo.hendijani@gmail.com', 1, 'active', '', 0, ''),
(389, '', '$2a$12$kf4YEXsoBB0D54qnKQ3Wnezpvh2azYdqOjAcvMRElYoK33ObCA3.y', 'm.zamani@gmail.com', 1, 'active', '', 0, ''),
(390, '', '$2a$12$.hsP39rwC3UqVk5sPhv6kurXb/q4FAw9kYAzSzUmnC8XRu3yUj1U.', 'e.allahyari@gmail.com', 1, 'active', '', 0, ''),
(391, '', '$2a$12$RjD/alugr.54JpXrTDIUoOO1r2HKnS87DtOHoLSFowC4gFsUW/kIS', 'payammorsali@yahoo.com', 1, 'active', '', 0, '1475065532'),
(392, '', '$2a$12$nPvNoj2n.8L4vIs6mm3FLOR5QizPeY88A5tfrMFCx0j7TLM9wNOeW', 'shkianid@yahoo.com', 1, 'active', '', 0, '1475070830'),
(393, '', '$2a$12$QMDQU5mmS.pHJRcK54ZK0O9iRBmmOLR762Q8isiX2rpoXzLW6TsR2', 'mousavisomayeh4@gmail.com', 1, 'active', '', 0, '1475072329'),
(394, '', '$2a$12$/7NRlztj0xxFP2u7mI5X1.MoSdS5l2OVgoQHSoF6eBTaWamba8HpG', 'tina.shadbakht.95@gmail.com', 1, 'active', '', 0, '1475073533'),
(395, '', '$2a$12$v8MjyPSfIuyzRu9JtERopOOOpJQcgXtrJ0FdXOo2Xn/032TanKFZ6', 'pfataie3@gmail.com', 1, 'active', '', 0, '1475078468'),
(396, '', '$2a$12$n5NBmH7aNIGJ9vjR0OlpoOdeM0ayL35TprxB9x0JSaI2O77mSPsly', 'majid_valizadeh_60@yahoo.com', 1, 'active', '', 0, '1475081351'),
(397, '', '$2a$12$zgsvwC5uU7zQFQw1wEsnQeuIUfbskpn0bLFTBZio7dHhoIm6SIyzq', 'tohidi.se@gmail.com', 1, 'active', '', 0, '1475124579'),
(398, '', '$2a$12$jtzgwAl47tQE33xWNJAQou0MGuadZRGXnSP6sLWLuY.Z0J1E5A/nG', 'setare.tohidi@gmail.com', 1, 'active', '', 0, '1475124932'),
(399, '', '$2a$12$xNWz57VoA2t1VhlbNhjkxuzE.K.99x2DzNoOEBB6HMeuchtECYP0q', 'moein.khalighi@yahoo.com', 1, 'active', '', 0, '1475182475'),
(400, '', '$2a$12$cXWeVd8.Y9XsT5sHrKnkKeoFXYuRv2vOJ3u7lXC9ouP9v/.Vnqk6W', 'akbariae69@gmail.com', 1, 'active', '', 0, '1475218385'),
(401, '', '$2a$12$SDbtoFYJWCXzvxi7JlqNrO76..U.dPeWRSh/u2IoMbPKyrWh7M7CG', 'ramtin.azami@gmail.com', 1, 'active', '', 0, '1475228018'),
(402, '', '$2a$12$RnZGTsvpgYfe.I1xRNM6X.HpORlIjOf5IVxa85SWh8h07rR5idSGC', 'm.eshaghi2010@gmail.com', 1, 'active', '', 0, '1475256010'),
(403, '', '$2a$12$X/xRJTHvslyx0DRkLBLrPe76uTON5rxF3lOBWy5oZKuAzvCKl6QnW', 'mohammadnemati2020@gmail.com', 1, 'active', '', 0, '1475337745'),
(404, '', '$2a$12$KLkeZ0x6cFQ7nl58SY9qt.QirOdJWJ86eOkQtnDMTWXlQfOfnjE2i', 'vidabarzegaran@gmail.com', 1, 'active', '', 0, '1475349457'),
(405, '', '$2a$12$5AkxHOfLhhXThO95/K1z.eOJYnMhzMPZpOYzUjpUyiC0Qp4Q/fxRe', 'ayshahrokh@gmail.com', 1, 'active', '', 0, '1475392828'),
(406, '', '$2a$12$a4.BveMDj1AwoNW1yb9CUOkz9JOTdbMmLPRFhxEBK5Jj8qzu4bnaC', 'mjm.mirza@yahoo.com', 1, 'active', '', 0, '1475437377'),
(407, '', '$2a$12$Z5Cl9GAbNRCmFdll.7aTOeKf/sF0cw/YDgKtD2iMXCkd0G77vxnFK', 'Mohammadpour_mh@yahoo.com', 1, 'active', '', 0, '1475548624'),
(408, '', '$2a$12$zCLxczJ1SLmrWQPKez2v/ujV0Z5iwxtbNM.UZZN5Tj625GsMjbQQ.', 'ashkanafrooghe@gmail.com', 1, 'active', '', 0, '1475583994'),
(409, '', '$2a$12$ksPUdHHrRUTawWA2W8V.Sutc/bu62qXhbjyoFvTSrcr2J7W9dnvBS', 'h.a.miremadi@gmail.com', 1, 'active', '', 0, '1475585769'),
(410, '', '$2a$12$xXUFYxFCsp81n04le3Zz9uSq71K2slkQYWIy5JSJKRIzDSZ/vU0I2', 'h.shafei@aut.ac.ir', 1, 'active', '', 0, ''),
(411, '', '$2a$12$YYiMQ3v/lM/kzUhC8whoEuc7MT8JPbWgXdkv6HPaVR.1cU4E2O7wS', 'saeid.memari@gmail.com', 1, 'active', '', 0, ''),
(412, '', '$2a$12$eArMkIahzKEUr4iAVTpM.eBQp.W4Zkqtn0X8T2ppl7bupojiTRzl.', 'mo.rezafathi1@yahoo.com', 1, 'active', '', 0, '1475666794'),
(413, '', '$2a$12$LrH.DhsC5NOiU1oZjzO6tuHoC5CjUa3tAnA6dqk2eJvU1I59dZ3Bi', 'm.fathi1377@gmail.com', 1, 'active', '', 0, ''),
(414, '', '$2a$12$Mvvj8IcmaTsgP1LbFzdPguPBOW2r3IjzDj8CHRGGinY22Px3blmCi', 'moahear@gmail.com', 1, 'active', '', 0, '1475673950'),
(415, '', '$2a$12$EaGLQxIwjldVvuYIh8XyQeOpv4Tlak0.9lMGN.RetMlN7whsDTfwe', 's.taghizade@gmail.com', 1, 'active', '', 0, ''),
(416, '', '$2a$12$z9vz8TIN6bl6zsQiAh/MyOY8LG3JYhSQdn79mQKoBUISm7nlwYTxK', 'somaye.sedaghati@gmail.com', 1, 'active', '', 0, ''),
(417, '', '$2a$12$IIDfuz5mwgLpcwDG4Rx8EuI4NpK/D8hucpWD7WIV1VjvRHf9oGv0q', 'amirhosseinekhorrami@gmail.com', 1, 'active', '', 0, '1475734542'),
(418, '', '$2a$12$gmco54NQ11fPiqjaA4In8uC1HNCvoLLwnV4ibIOm1X9cDMsV0OR0C', 'hesam72.mazaheri@yahoo.com', 1, 'active', '', 0, '1475874307'),
(419, '', '$2a$12$44n1XAo.YGOy7qyb6TzvR.xdZaav8n.mcd3ttxkyFHJsiWP/mxmSe', 'amir.khorami@gmail.com', 1, 'active', '', 0, ''),
(420, '', '$2a$12$J25PPGSod/Qq2FhAQi8qPem4VuhlGuOszLF6KtFwDfQxPkJNRhGqC', 'hrh1366@gmail.com', 1, 'active', '', 0, '1475940574'),
(421, '', '$2a$12$fNpVNkv2OuZc4VRx3oYhReoh/9IcnpcNlv.s062sxMNjWnCR6z8aW', 'asal.mansouri@ut.ac.ir', 1, 'active', '', 0, '1476030380'),
(422, '', '$2a$12$UNGaSJmUR1INn.LbNyBxVOegMSmO8DdWQdebsTQM6SpKRrDGJDqj2', 'taharajabzadeh@hotmail.com', 1, 'active', '', 0, '1476086654'),
(423, '', '$2a$12$zRHWZBYTPEFogqTrvjf4YOdqJGZyzPPWH8J31xTt/UsRf14t3gWoW', 'younes.aliyan@gmail.com', 1, 'active', '', 0, '1476123815'),
(424, '', '$2a$12$xLPy52XYHX7Au/3mnmIZbeMdqvKA9yUfMwnjc2tlrKjNvUmeqne.S', 'mohsenns5@yahoo.com', 1, 'active', '', 0, '1476202048'),
(425, '', '$2a$12$nRTXKftPRILE6DIWmylsDuruYcP4X15LHxNZawKAtlHDS1AN6C9L2', 'shirin_akbari88@yahoo.com', 1, 'active', '', 0, '1476346028'),
(426, '', '$2a$12$LyvvEqIaFLteLDFwiwbFRu20BX/ub4F5xuL5/jR/9e5k71fBUn/FK', 'mohammad.jsb@gmail.com', 1, 'active', '', 0, '1476347570'),
(427, '', '$2a$12$twvgv6Qwad2nADI0IVDnn.M/uYAWIQWR7lE2fm9UJS.Ehg3VLPMGO', 'mazizi46@gmail.com', 1, 'active', '', 0, '1476392787'),
(428, '', '$2a$12$ZR/UvTboRyHD7r2a/oDHIeLuFBLip3khNbERR7IcMFTDUs2Hfws0G', 'sartoon.mesgari@gmail.com', 1, 'active', '', 0, '1476475147'),
(429, '', '$2a$12$6spJcI9VRCNCzsOhvfuiRurF5TDJcnbp5UnTC2o.2pxgUZRImK306', 'k.zarshenas@gmail.com', 1, 'active', '', 0, '1476521275'),
(430, '', '$2a$12$2UlhEApxUSmiO1IiaEXjFOwfGCHc6wbnIqNb.Jr39dSrIvXS5Vk0q', 'zahra.tadjik@gmail.com', 1, 'active', '', 0, '1476534591'),
(431, '', '$2a$12$OjMXFGCpENTAxMA.HViLn.r5rOhwbw.G7Q5IKP1Flp363HkYRcKbi', 'mahya.latif@yahoo.com', 1, 'active', '', 0, '1476570099'),
(432, '', '$2a$12$RaiXY6O5q1vCsELQCvYl/.HccnIQhuxn.CqFYOYbufVKbN8kf9yCu', 'ambakhshayesh@gmail.com', 1, 'active', '', 0, '1476608468'),
(433, '', '$2a$12$zvhpK5njiZranDtKpPtvu.rTS5MTUbCFqc0WTOXsCxANCdfGUBE0q', 'Mosadegh0@gmail.com', 1, 'active', '', 0, '1476701529'),
(434, '', '$2a$12$BGUzwDptP2WzupAxMAr4VuZYCcg3s77fi60lpXPXHhrAMirhDtWX.', 'ladan.hazrati@gmail.com', 1, 'active', '', 0, '1476737652');
INSERT INTO `ym_users` (`id`, `username`, `password`, `email`, `role_id`, `status`, `verification_token`, `change_password_request_count`, `create_date`) VALUES
(435, '', '$2a$12$aS7ciDsiA.NIgT7hNYKtZeFoOVw4FF2yAzgB99Wm/4z6DrGVEclu2', 'hasanjafarian@gmail.com', 1, 'active', '', 0, ''),
(436, '', '$2a$12$ff3.X6M1o.DqnpVWpiWPU.7utN6YGWH8xTnhd2ZV/Xv8nKjJ3CQiW', 'S_malaee2000@yahoo.com', 1, 'active', '', 0, '1476865869'),
(437, '', '$2a$12$HxwIqoVLXw99KQOeIrjAwuBg9RbdEXS36qywR4dIDHTVkLi0I97zC', 'sepideh.taghizadeh2016@gmail.com', 1, 'active', '', 0, '1476956317'),
(438, '', '$2a$12$NRGk8v7Avid/D75423TAaOhOYKLVM66qR9Dm3JnnsuwtpryyFYOFG', 'ms.sayyas@gmail.com', 1, 'active', '', 0, '1477049620'),
(439, '', '$2a$12$KXDw8PpDrr5MyWrwHHMftesYSeH0QLQKfo57H20CLPIjQ/q8EVfsm', 'sanazmeghb@yahoo.com', 1, 'active', '', 0, '1477056120'),
(440, '', '$2a$12$ERmjdJYDfpHLgEtGLg/Rouz9jUoNadFV3SD6iDPaTbw4qVtPrYbLG', 'mans.sabaaa@yahoo.com', 1, 'active', '', 0, '1477158768'),
(441, '', '$2a$12$OXaf9pJYdCHkxrQS.JxWJumX6zNoRE5/6/I6W2/LvpY3F1vhrNaDy', 'soroushsr.e@gmail.com', 1, 'active', '', 0, '1477249786'),
(442, '', '$2a$12$UvoCo3eXB8VzKHP6U.VhvuClAIoZgDpAXrEc/9lGjM0QlhnGuxc9G', 'fr.poormohammadi@gmail.com', 1, 'active', '', 0, '1477401340'),
(443, '', '$2a$12$uKOfEDO/4IHiNnscQD4Hr.IamikPiu4.lij3ekLcmS0wI7bsKR8s6', 'h.amirkaveh@gmail.com', 1, 'active', '', 0, '1477401875'),
(444, '', '$2a$12$iHKeSOBANZSVeMhxs1/Sb.5ULecZjsEIs/f1TBdP.ScmmrMw6B8.G', 'faeze_jafari666@yahoo.com', 1, 'active', '', 0, '1477405436'),
(445, '', '$2a$12$pNjE6F40w93.P.LQCxaPDu/N2OKSuRdQ8xmBQSy5BpkAcSdZJozsy', 'vqanbari@yahoo.com', 1, 'active', '', 0, '1477510696'),
(446, '', '$2a$12$Fg.M1Rq3swDfwIXFicOGfehc/nsqdLfAU9WWG0joWVX4w2t72FEkW', 'seyedan.90@gmail.com', 1, 'active', '', 0, '1477667852'),
(447, '', '$2a$12$eSML3pXDPatvJ99H5aJ62.jblpqFr/ipfKaYQkYM22b3X19kFmp0y', 'kouroshbaizidi@gmail.com', 1, 'active', '', 0, '1477854644'),
(448, '', '$2a$12$Cq39RedNyFXxvfujk33qt.E3NKQNC96bslpkXrKwIpGEac86HmAOm', 'falahaty.mojgan@gmail.com', 1, 'active', '', 0, '1477894477'),
(449, '', '$2a$12$xTGM.j36LDQMRgXDZeJB5ew5aQFhJq19WZpOUvaaZ.Oty3XoqqsKy', 'hamed.shoushtari@gmail.com', 1, 'active', '', 0, '1477977654'),
(450, '', '$2a$12$/RzO02D/a07WmV9QjaZa3OIxkFAJD/36dKjf22SA7I/3H7gsYCzFa', 'mehdi.tamadon@gmail.com', 1, 'active', '', 0, ''),
(451, '', '$2a$12$Npz1S/WOsEJ1eB0Xm8VI6uPyrjzMQM.c/iNtFHrCkuWe96Qfvja/S', 'j.baseri@gmail.com', 1, 'active', '', 0, '1477984894'),
(452, '', '$2a$12$axhgSd2qAGz2fp.fwQBmUu1ajiCJnBgU.zPaV9ZYY2zKV4bFT./ra', 'gharibianc@yahoo.com', 1, 'active', '', 0, '1477985637'),
(453, '', '$2a$12$0MZZPP5tcxhuwRdqSiXQgeAU3mzsXlQSejI9ICGIL.B5sQifDQisy', 'zohre.m.shafieinurse@gmail.com', 1, 'active', '', 0, '1478033984'),
(454, '', '$2a$12$0kvekXQ0hPuBXvgJu98d4e30dcnV4ordDcHjQVJtsUii2MKDkruTe', 'nasim_83b@yahoo.com', 1, 'active', '', 0, '1478081717'),
(455, '', '$2a$12$mBtasxtxAB.Qg5vz.b9pIexf5aVeMgrykyBYpEOHmestwmny/yW6K', 'javad.shahpouri@gmail.com', 1, 'active', '', 0, '1478152555'),
(456, '', '$2a$12$ebvMWGFDZnyt58bHO3K/yeOliBtffGvqvbHv114qdxxsuH5ExDQxS', 'nasim.bamdad@gmail.com', 1, 'active', '', 0, ''),
(457, '', '$2a$12$1Y5O6kMpdY2t1CGchvKQeOFqdvEuW.YR3.e0nkisNBjKbXkYQbThS', 'tanaz_sadr@yahoo.com', 1, 'active', '', 0, '1478166013'),
(458, '', '$2a$12$VdUoA6YbftWUR/xSEeq4t.JkhJEo8XAHqi7TtFw58jwS6VK/paGJq', 'hosseini.t.ghaffari@gmail.com', 1, 'active', '', 0, '1478333121'),
(459, '', '$2a$12$lmDvGFSyRgMrJhW6WWozaOzzhhCrAL9ilIUXsluhIayaxRbDiuEoq', 'sshafizade@gmail.com', 1, 'active', '', 0, '1478596298'),
(460, '', '$2a$12$36LEz2KjsvAC7EOY1rtM5.3YLlHapsnb3w8nQ9IKq/0hGPJEBG4bu', 'sara.ranjbar91@gmail.com', 1, 'active', '', 0, '1478683091'),
(461, '', '$2a$12$V.0j86kzXyGdA9gU1T4aKOCj2iENc1SAQnf88pzRiY8bxa0sZ0Yjy', 'MH_SHAHMIRZADI@YAHOO.COM', 1, 'active', '', 0, '1478944347'),
(462, '', '$2a$12$C1vOiG/K51Xx9umJv5scOegB6A.lfjLxB0Lb0kAMb.hjb.RjY.YlW', 'unesi.samira@yahoo.com', 1, 'active', '', 0, '1478959284'),
(463, '', '$2a$12$QFAY48G0meLkE6t1EyAqce08cSK.A.xUsleOmL9pGd24DktxoCvjy', 'hasti.hamedi@yahoo.com', 1, 'active', '', 0, '1479029136'),
(464, '', '$2a$12$Ksi/uRqADS2QeOw2eSC0yObLsGbAMrEuqTv5siN11iIoZvk6ME0SW', 'zahra.mahmoudi.63@gmail.com', 1, 'active', '', 0, '1479076405'),
(465, '', '$2a$12$NKxnq6hWBPZC9oWQ8Hf4puJc8xjkXeA302rI6MfTwe4RpGL6doQj6', 'leila_ashrafi@yahoo.com', 1, 'active', '', 0, '1479078894'),
(466, '', '$2a$12$1SLRPUezZpRNTZx.bztxmuEBwsqMpIw321BESqnuLwPAz8tpUmV7m', 'mahdikalhori_93@yahoo.com', 1, 'active', '', 0, '1479155934'),
(467, '', '$2a$12$mVHuYSWBso8Ht6HHleVS6uMqiBlkEwikacGxNxnpdhABtyM2LKxkq', 'ashil_mech85@yahoo.com', 1, 'active', '', 0, '1479217989'),
(468, '', '$2a$12$NEg9zPXwmSLqQHgA6CvH9udM/.NF5bxdies.MYm2x8dCJ2ud19lsC', 'm.mirzadeh@ut.ac.ir', 1, 'active', '', 0, '1479231966'),
(469, '', '$2a$12$Dw.JWgWBOS45bPjv8g6MyOYnHEZOCbsCqNhK22RlMpnq3.kxRd9TW', 'abolfazlmp.759@gmail.com', 1, 'active', '', 0, '1479245627'),
(470, '', '$2a$12$Bl1M8VvEBfzKhls20qSNEeII/79L88mBaDlmVmkjlfL9kt5BjQ272', 'fereshteharamoun@ymail.com', 1, 'active', '', 0, '1479369207'),
(471, '', '$2a$12$g8dtMV35TgHkrQjQFDP2cO0qhw8xrh.RaDBpGbhM.IDAWPeDeNyzm', 'zahramoradi_ur@yahoo.com', 1, 'active', '', 0, '1479665131'),
(472, '', '$2a$12$8Vd5o33vuxq0r3JH/DTLoONMTTBj/XYZCULaQFSv7Q3gHsPuRQ9zC', 'm.bahremani@gmail.com', 1, 'active', '', 0, '1479723644'),
(473, '', '$2a$12$IMoapbeaertsab8N68TARu04UfrhUDJGN6oYbjh7AMh24i/KqWHaC', 'farzaneh.pourahmadi@yahoo.com', 1, 'active', '', 0, '1479726134'),
(474, '', '$2a$12$dAFSfKYVav/KOb3k9dCEbOhbZZOYWVEjJODe4B63yTAykDLWBe3q2', 'zahrajahanbakhshi@gmail.com', 1, 'active', '', 0, '1479900335'),
(475, '', '$2a$12$eSzZu/CK6up70fDDXQWZZ.vSW0vjaMRxOm2n4iC/M17hd4lTnCzjK', 'ncg.online@gmail.com', 1, 'active', '', 0, '1480071443'),
(476, '', '$2a$12$d.dFSCbUUVUm6I4eUvlC8eQd99z5lIijLbuZpIBxxqQPNMLshZV3S', 'aliahangari69@gmail.com', 1, 'active', '', 0, '1480278774'),
(477, '', '$2a$12$UpSuD5f1Ww2K56/.iZhQ8.8oB3l3dQ/qzAdKCiuAUgKwMZS7pdVlu', 'elham.afzali89@gmail.com', 1, 'active', '', 0, '1480284153'),
(478, '', '$2a$12$Nc2I/iaqheppbG.ZlQw/MOz.vgG0cHL467e3mKfg/FpuyjYLSaj36', 'h.basakha@gmail.com', 1, 'active', '', 0, '1480341253'),
(479, '', '$2a$12$rYo3b8T/dtq97IQZTTMEiOgr4QkJ38mTlOo9XE0qfrguxdpnKDEYi', 'khorsand.acca@gmail.com', 1, 'active', '', 0, '1480352133'),
(480, '', '$2a$12$Ha0hF5Lv.4fmXQGa.x0VVOWoVqGvl/9AGa.kXrccCw3/6r.x0ycM.', 'shimashahfar@gmail.com', 1, 'active', '', 0, '1480594357'),
(481, '', '$2a$12$jMED/jXfWfNsZ4F4i22oMObUxlQMrrz4QX69VcZ92V37DUVX0cJZ6', 'somdadashi@gmail.com', 1, 'active', '', 0, '1480620924'),
(482, '', '$2a$12$2H46nFSyOVZznHxprCmfTOdl9fw8WoKkv0Jv5JJdmOfWVet9lr6Di', 'rahimeh_n@yahoo.com', 1, 'active', '', 0, '1480750039'),
(483, '', '$2a$12$yVAIWOIn74vsRIzvePHEb.22.qhSzoNyWiZNsFeEiqt9sMbVr/cQy', 'niloofar.misigh@yahoo.com', 1, 'active', '', 0, '1480787346'),
(484, '', '$2a$12$KWznQHScB1vfb9jy320K6uvK/rHfoQ0pof6KgCpFzpda34rXDUQ5G', 'ebrahim.taban@gmail.com', 1, 'active', '', 0, '1480787806'),
(485, '', '$2a$12$EI877si/KGXPO4RWb6ommO8MjTK3ovhI9C16iE0NHefU.l1RyH06.', 'amr.ac68@gmail.com', 1, 'active', '', 0, '1480793173'),
(486, '', '$2a$12$D6PKFcw5UeLx6jTZvp14yunAJMCUuPeIAVlAQ12BUNowjnF23W3ym', 'niloo.misaghian@gmail.com', 1, 'active', '', 0, ''),
(487, '', '$2a$12$dB8BQg4R6hCye4OOtcCQIeXxdYSaJl2ONSVzzdPDHNEX6KrXk.jxa', 'aramvash@gmail.com', 1, 'active', '', 0, '1480883532'),
(488, '', '$2a$12$MSMiSlz42agovwIomfcX4..0HHACoORAa.RA1zMGzzbxecbLNkMWu', 'dorsa1371@gmail.com', 1, 'active', '', 0, '1480928623'),
(489, '', '$2a$12$nMfNbJiaXh2Se78KceUwDebpHc14aRdNcIsGUb0mVo.41RqbnouBq', 'shahrzadbehrouzi70@gmail.com', 1, 'active', '', 0, '1480962604'),
(490, '', '$2a$12$Np9ctFmMjAQ9BsbKUio0MO/7UU.Y/KjV6ljON69b8bRA6gAieDkwC', 'fateme.fathallahi@yahoo.com', 1, 'active', '', 0, '1481265895'),
(491, '', '$2a$12$fMTB0HDRAErOPknC/lKH4OpW6jijBFfzJ1.fud8g2zksW2VIb3cIO', 'samira.dabiri@yahoo.com', 1, 'active', '', 0, '1481273329'),
(492, '', '$2a$12$hbMMYVPESGzQMEycQeEuwOxke5AiHa3xiQKRpvf43j6SNrsbd0dvq', 'rana_mosaviani@yahoo.com', 1, 'active', '', 0, '1481293166'),
(493, '', '$2a$12$gp8J1vMuBuKAX97PeRJgZ.kXmXauBFqxzxh1ty11aKg9.mOAes4VO', 'alireza.motallebi.n@gmail.com', 1, 'active', '', 0, '1481531847'),
(494, '', '$2a$12$HJl/8QlSCbo.84Muyrm.oeCevazpaQBKMNGac.DqiDO15J0cx1TvK', 'm.araam@gmail.com', 1, 'active', '', 0, ''),
(495, '', '$2a$12$PGkeX7XcEBnyixcwnl1IhecW0vQOpxeyNYaarGcNKYmCdCnOlzi/O', 'radfar.farzad@gmail.com', 1, 'active', '', 0, '1481616646'),
(496, '', '$2a$12$oUsvQm1n07CwPMIDQwzl3.ODVwAvK2nPX/HbGvLsIhhWDAfhTnFbC', 'z.abbasi.1988@gmail.com', 1, 'active', '', 0, '1481729152'),
(497, '', '$2a$12$zSlGnA/rMQKiffijRcpkWe3fzEfgQ92uGvxdqCd.VnO6XegHYJxP.', 'Razavi.sajad@yahoo.com', 1, 'active', '', 0, '1481745158'),
(498, '', '$2a$12$sR57fjLyx5Fv9bqgm6hMCOq1/Rq2Eg/1DlLJ28mGgVGprty607ode', 'hesam.mohammadi1990@gmail.com', 1, 'active', '', 0, '1481746936'),
(499, '', '$2a$12$3RqkGPiO7BkS4Xn4R1HT5.r0LUxaYPNi6AvSrqAu6OA4uCahgqgNC', 'ismail.adeli.1988@gmail.com', 1, 'active', '', 0, '1481882584'),
(500, '', '$2a$12$1j7g5TCHxQUknn/CEfZze.62TOQh6cSqp1/SEcA6mJQS5WwPAWKyy', 'zeinabhamidzadeh@gmail.com', 1, 'active', '', 0, '1482054373'),
(501, '', '$2a$12$6lVW8l6ZFzjkMmHj8ltU1.m0t38oWgG9.wh8vI0bg0LNq1cGYLGKK', 'ebi@yahoo.com', 1, 'active', '', 0, '1482140486'),
(502, '', '$2a$12$s2bo3kOITGcVrqZa93by1OmRotyn6s5jcNG4FiJDKN9IKeCamrUXu', 'sh.davoodi@gmail.com', 1, 'active', '', 0, ''),
(503, '', '$2a$12$p50BepkyRsfJY2oBSOcpHeUEWEL6tV.SM4TZ1NpCCpQejVPlG6jae', 'smohshad@yahoo.com', 1, 'active', '', 0, '1482163619'),
(504, '', '$2a$12$8eEBZDls4MIu4Owr9Wk6ou9DLLd.tyC1fplWpfeJ0OsyUWDn5U1GC', 'mesmes1368@yahoo.com', 1, 'active', '', 0, '1482263913'),
(505, '', '$2a$12$EO7ctJh2VoAzrlSlZ7M7..C8UNa1fMdJ1sRyuYYA0vz/HVkVTfsPe', 'karimi.mina87@yahoo.com', 1, 'active', '', 0, '1482508695'),
(506, '', '$2a$12$ZS/IfBv.WxxIYw3QZLTGq.U0v2RbvSxFHrjH6xXR9tZiGpyIRsUSe', 'n.gh.sh.92@gmail.com', 1, 'active', '', 0, '1482591953'),
(507, '', '$2a$12$Dncy4xCCEJlwFkzW8NqU0.UUOB2rIAWLPgQ8FvJGHQa64PUxGbdmu', 'm.reza.assar@gmail.com', 1, 'active', '', 0, '1482688710'),
(508, '', '$2a$12$b06ZR/2xZVs54/VioE73qOFu1epe6vGc4c9pMTu9u3z0adff52LmO', 'Sajad.dhn@gmail.com', 1, 'active', '', 0, '1482704842'),
(509, '', '$2a$12$VTUJfgpmcTdMO642ApVIlOHiUKFOJd2XkYqOtv6NS723/OvV2sibC', 'rezvan.derayati@gmail.com', 1, 'active', '', 0, '1482816019'),
(510, '', '$2a$12$KLv9g6LkdHdBuVREGE9akOngsDYEs5zcR03hOw5QLikhyxKQp7qmu', 'nasimbamdad@gmail.com', 1, 'active', '', 0, ''),
(511, '', '$2a$12$rwsl/mBpCdL84oaIiEzF1OcHU7pRs22Lt4vH2JDM3mCShuUitRc/W', 'taherkhani@gmail.com', 1, 'active', '', 0, ''),
(512, '', '$2a$12$FQpfykuhU9cFy2VuD//P0uxOzIsQ6YuyajJYSifpu10FbbEVPkZo6', 'rafshar95@gmail.com', 1, 'active', '', 0, '1483107732'),
(513, '', '$2a$12$r.xQamwlnv4RlqQEBHBwSOWqxjth/CF3jwacGxsXsK6HMyaRHnB0G', 'm.mozafari33@yahoo.com', 1, 'active', '', 0, '1483228574'),
(514, '', '$2a$12$phlW/TejrLMQ.9eznUrZf.fckAVaxzcFirc276nrbxMtxb0jvR.x.', 'f.sadeghi99@gmail.com', 1, 'active', '', 0, '1483331066'),
(515, '', '$2a$12$1hZRylb6JLazPEbNqJCjOe8HJqp.7wEUjSP1/W/k2mVXtBfTcemNi', 'ne_amiri@yahoo.com', 1, 'active', '', 0, '1483514056');

-- --------------------------------------------------------

--
-- Table structure for table `ym_user_details`
--

CREATE TABLE IF NOT EXISTS `ym_user_details` (
  `user_id` int(10) unsigned NOT NULL COMMENT 'کاربر',
  `name` varchar(50) COLLATE utf8_persian_ci DEFAULT NULL COMMENT 'نام فارسی',
  `family` varchar(50) COLLATE utf8_persian_ci DEFAULT NULL,
  `web_url` varchar(255) COLLATE utf8_persian_ci DEFAULT NULL COMMENT 'آدرس سایت فارسی',
  `national_code` varchar(10) COLLATE utf8_persian_ci DEFAULT NULL COMMENT 'کد ملی',
  `phone` varchar(11) COLLATE utf8_persian_ci DEFAULT NULL COMMENT 'تلفن',
  `zip_code` varchar(10) COLLATE utf8_persian_ci DEFAULT NULL COMMENT 'کد پستی',
  `address` longtext COLLATE utf8_persian_ci COMMENT 'نشانی دقیق پستی',
  PRIMARY KEY (`user_id`),
  KEY `user_id` (`user_id`)
) ENGINE=InnoDB DEFAULT CHARSET=utf8 COLLATE=utf8_persian_ci;

--
-- Dumping data for table `ym_user_details`
--

INSERT INTO `ym_user_details` (`user_id`, `name`, `family`, `web_url`, `national_code`, `phone`, `zip_code`, `address`) VALUES
(42, NULL, NULL, NULL, NULL, '09212413401', NULL, NULL),
(45, 'فاطمه', 'اصغرزاده', '', '', '00123456789', '', NULL),
(46, 'test', 'test', '', '', '09131231231', '', NULL),
(47, NULL, NULL, NULL, NULL, '09364018866', NULL, NULL),
(48, NULL, NULL, NULL, NULL, '09122398848', NULL, NULL),
(49, NULL, NULL, NULL, NULL, '09355539599', NULL, NULL),
(50, NULL, NULL, NULL, NULL, '09119914149', NULL, NULL),
(51, NULL, NULL, NULL, NULL, '09101022381', NULL, NULL),
(52, NULL, NULL, NULL, NULL, '09173364293', NULL, NULL),
(53, NULL, NULL, NULL, NULL, '09125439344', NULL, NULL),
(54, 'سیامک ابوالحسنی', ' ابوالحسنی', '', '', '09194957321', '', NULL),
(55, NULL, NULL, NULL, NULL, NULL, NULL, NULL),
(70, NULL, NULL, NULL, NULL, '09386074803', NULL, NULL),
(71, NULL, NULL, NULL, NULL, '09374025788', NULL, NULL),
(72, NULL, NULL, NULL, NULL, '09124202974', NULL, NULL),
(74, NULL, NULL, NULL, NULL, '09399173632', NULL, NULL),
(75, NULL, NULL, NULL, NULL, '09127503879', NULL, NULL),
(76, 'maryam', 'amiri', '', '', '09358659640', '', NULL),
(77, NULL, NULL, NULL, NULL, '09128030664', NULL, NULL),
(78, NULL, NULL, NULL, NULL, '09133682561', NULL, NULL),
(79, NULL, NULL, NULL, NULL, '09384565837', NULL, NULL),
(80, NULL, NULL, NULL, NULL, '09121592945', NULL, NULL),
(81, NULL, NULL, NULL, NULL, '09195337862', NULL, NULL),
(82, NULL, NULL, NULL, NULL, '09126445058', NULL, NULL),
(83, NULL, NULL, NULL, NULL, '09399749925', NULL, NULL),
(84, NULL, NULL, NULL, NULL, '09102120211', NULL, NULL),
(85, NULL, NULL, NULL, NULL, '09203528797', NULL, NULL),
(87, NULL, NULL, NULL, NULL, '09128038784', NULL, NULL),
(89, NULL, NULL, NULL, NULL, NULL, NULL, NULL),
(90, NULL, NULL, NULL, NULL, '09192381609', NULL, NULL),
(91, 'محمد جواد', 'فروغی مقدم', '', '0384293972', '09125853064', '', NULL),
(92, NULL, NULL, NULL, NULL, '09124033676', NULL, NULL),
(93, NULL, NULL, NULL, NULL, '09195216178', NULL, NULL),
(94, NULL, NULL, NULL, NULL, '09338863706', NULL, NULL),
(95, NULL, NULL, NULL, NULL, '09374551143', NULL, NULL),
(96, NULL, NULL, NULL, NULL, '09125639073', NULL, NULL),
(97, NULL, NULL, NULL, NULL, '09128152660', NULL, NULL),
(98, NULL, NULL, NULL, NULL, '09382838263', NULL, NULL),
(99, 'فرزام', 'م', '', '', '09352335319', '', NULL),
(100, NULL, NULL, NULL, NULL, '+9891221277', NULL, NULL),
(101, NULL, NULL, NULL, NULL, '09372038462', NULL, NULL),
(102, 'ابراهیم', 'رعیت پرور', '', '', '09362867087', '', NULL),
(103, NULL, NULL, NULL, NULL, '09306992399', NULL, NULL),
(104, 'یوسف', 'مبشری', '', '0370544651', '09358389265', '3718146164', NULL),
(105, NULL, NULL, NULL, NULL, '09102739423', NULL, NULL),
(106, NULL, NULL, NULL, NULL, '09126880799', NULL, NULL),
(107, NULL, NULL, NULL, NULL, NULL, NULL, NULL),
(108, NULL, NULL, NULL, NULL, '09126873676', NULL, NULL),
(109, 'AhmadReza', 'Soraghi', '', '', '09121693169', '', NULL),
(110, NULL, NULL, NULL, NULL, '09121693169', NULL, NULL),
(111, NULL, NULL, NULL, NULL, '56565644444', NULL, NULL),
(112, NULL, NULL, NULL, NULL, NULL, NULL, NULL),
(113, NULL, NULL, NULL, NULL, NULL, NULL, NULL),
(114, NULL, NULL, NULL, NULL, '09122340630', NULL, NULL),
(115, 'محمد', 'رضایی', '', '', '09113222635', '', NULL),
(116, 'EHSNAM', 'M', '', '', '09141197543', '', NULL),
(117, 'المیرا', 'یزدانی', '', '', '09126473429', '', NULL),
(118, NULL, NULL, NULL, NULL, '09124123665', NULL, NULL),
(119, NULL, NULL, NULL, NULL, '09124123665', NULL, NULL),
(120, NULL, NULL, NULL, NULL, '09124123665', NULL, NULL),
(121, NULL, NULL, NULL, NULL, '09124123665', NULL, NULL),
(122, 'حامد', 'صالح', '', '', '09128117221', '', NULL),
(123, NULL, NULL, NULL, NULL, '09194957321', NULL, NULL),
(124, 'Adel', 'AD', '', '', '09122127795', '', NULL),
(125, 'Roya', 'Riazi', '', '', '09124850965', '', NULL),
(126, 'علیرضا', 'قاسمی', '', '', '09017640364', '', NULL),
(127, 'علی', 'شرزه', '', '', '09367390921', '', NULL),
(128, 'Javad', 'Sayehvand', '', '', '09125692076', '', NULL),
(129, NULL, NULL, NULL, NULL, '09127234573', NULL, NULL),
(130, 'Zahra', 'Haghighi', '', '', '09127607057', '', NULL),
(131, NULL, NULL, NULL, NULL, '09122215139', NULL, NULL),
(132, NULL, NULL, NULL, NULL, '09133682561', NULL, NULL),
(133, NULL, NULL, NULL, NULL, '09143711976', NULL, NULL),
(134, NULL, NULL, NULL, NULL, '09122088200', NULL, NULL),
(135, NULL, NULL, NULL, NULL, '09126473429', NULL, NULL),
(136, NULL, NULL, NULL, NULL, '09122398848', NULL, NULL),
(137, NULL, NULL, NULL, NULL, '09357734425', NULL, NULL),
(138, NULL, NULL, NULL, NULL, '09102124248', NULL, NULL),
(139, 'Hamid', ' Ghaderi', '', '', '09374025788', '', NULL),
(140, NULL, NULL, NULL, NULL, '09146109801', NULL, NULL),
(141, 'محمدهادی', 'دانش', '', '', '09391654775', '', NULL),
(142, NULL, NULL, NULL, NULL, '09373252746', NULL, NULL),
(143, NULL, NULL, NULL, NULL, '09173386513', NULL, NULL),
(144, NULL, NULL, NULL, NULL, '09123243351', NULL, NULL),
(145, 'Mohammad', 'Altafi', '', '', '09364018866', '', NULL),
(146, NULL, NULL, NULL, NULL, '09141470754', NULL, NULL),
(147, NULL, NULL, NULL, NULL, '09375452191', NULL, NULL),
(148, NULL, NULL, NULL, NULL, '09104498439', NULL, NULL),
(149, NULL, NULL, NULL, NULL, '09134094297', NULL, NULL),
(150, 'علیرضا', 'فرشین', '', '', '09127606393', '', NULL),
(151, NULL, NULL, NULL, NULL, NULL, NULL, NULL),
(152, NULL, NULL, NULL, NULL, '09122088200', NULL, NULL),
(153, NULL, NULL, NULL, NULL, '09388418180', NULL, NULL),
(154, NULL, NULL, NULL, NULL, '09122722409', NULL, NULL),
(155, 'Fatimah', 'Ahmadi', '', '', '09190674906', '', NULL),
(156, NULL, NULL, NULL, NULL, '09367160670', NULL, NULL),
(157, NULL, NULL, NULL, NULL, '09144472587', NULL, NULL),
(158, NULL, NULL, NULL, NULL, NULL, NULL, NULL),
(159, 'ساینا', 'فیروزی یگانه', '', '', '09365531507', '', NULL),
(160, 'فهیمه', 'صالح', '', '', '09397576759', '', NULL),
(161, 'هانیه', 'عبدی', '', '4710191611', '09364980775', '', NULL),
(162, NULL, NULL, NULL, NULL, '09363117079', NULL, NULL),
(163, NULL, NULL, NULL, NULL, '09101816065', NULL, NULL),
(164, 'کریم', 'عنصرودی', '', '1382412142', '09149978641', '', NULL),
(165, NULL, NULL, NULL, NULL, '09124945851', NULL, NULL),
(166, NULL, NULL, NULL, NULL, '09129269396', NULL, NULL),
(167, NULL, NULL, NULL, NULL, '09124227506', NULL, NULL),
(168, NULL, NULL, NULL, NULL, '09375124593', NULL, NULL),
(169, NULL, NULL, NULL, NULL, 'supercalciu', NULL, NULL),
(170, NULL, NULL, NULL, NULL, '09166071466', NULL, NULL),
(171, NULL, NULL, NULL, NULL, '09127247707', NULL, NULL),
(172, NULL, NULL, NULL, NULL, NULL, NULL, NULL),
(173, NULL, NULL, NULL, NULL, '09126469650', NULL, NULL),
(174, NULL, NULL, NULL, NULL, '09124202974', NULL, NULL),
(175, NULL, NULL, NULL, NULL, '09190536519', NULL, NULL),
(176, NULL, NULL, NULL, NULL, '09133406248', NULL, NULL),
(177, NULL, NULL, NULL, NULL, '09125347001', NULL, NULL),
(178, NULL, NULL, NULL, NULL, '09133431343', NULL, NULL),
(179, NULL, NULL, NULL, NULL, '09133431343', NULL, NULL),
(180, NULL, NULL, NULL, NULL, '09183447506', NULL, NULL),
(181, NULL, NULL, NULL, NULL, '09151614126', NULL, NULL),
(182, NULL, NULL, NULL, NULL, '09124751965', NULL, NULL),
(183, NULL, NULL, NULL, NULL, '09124751965', NULL, NULL),
(184, NULL, NULL, NULL, NULL, '09124751965', NULL, NULL),
(185, NULL, NULL, NULL, NULL, '09366980945', NULL, NULL),
(186, NULL, NULL, NULL, NULL, '09101022381', NULL, NULL),
(187, NULL, NULL, NULL, NULL, '09193259500', NULL, NULL),
(188, NULL, NULL, NULL, NULL, '09126873073', NULL, NULL),
(189, NULL, NULL, NULL, NULL, '09124883156', NULL, NULL),
(190, NULL, NULL, NULL, NULL, '09131633703', NULL, NULL),
(191, NULL, NULL, NULL, NULL, '09126394165', NULL, NULL),
(192, NULL, NULL, NULL, NULL, '09106802877', NULL, NULL),
(193, NULL, NULL, NULL, NULL, '09171606883', NULL, NULL),
(194, NULL, NULL, NULL, NULL, '09354693334', NULL, NULL),
(195, 'محسن', 'کریمی', '', '', '09128456580', '', NULL),
(196, NULL, NULL, NULL, NULL, '09301756825', NULL, NULL),
(197, NULL, NULL, NULL, NULL, NULL, NULL, NULL),
(198, NULL, NULL, NULL, NULL, '09125575770', NULL, NULL),
(199, NULL, NULL, NULL, NULL, '09368980291', NULL, NULL),
(200, NULL, NULL, NULL, NULL, '09128176865', NULL, NULL),
(201, NULL, NULL, NULL, NULL, NULL, NULL, NULL),
(202, NULL, NULL, NULL, NULL, '09132262164', NULL, NULL),
(203, NULL, NULL, NULL, NULL, '09128949167', NULL, NULL),
(204, NULL, NULL, NULL, NULL, '09171069582', NULL, NULL),
(205, NULL, NULL, NULL, NULL, '01005538606', NULL, NULL),
(206, 'vahid', 'fattahi', '', '', '09188560527', '', NULL),
(207, NULL, NULL, NULL, NULL, '09126313655', NULL, NULL),
(208, NULL, NULL, NULL, NULL, '09131434819', NULL, NULL),
(209, NULL, NULL, NULL, NULL, '09121993122', NULL, NULL),
(210, NULL, NULL, NULL, NULL, '09183613545', NULL, NULL),
(211, NULL, NULL, NULL, NULL, '09129129120', NULL, NULL),
(213, NULL, NULL, NULL, NULL, '09396270072', NULL, NULL),
(214, NULL, NULL, NULL, NULL, '09106802877', NULL, NULL),
(215, NULL, NULL, NULL, NULL, '09128024525', NULL, NULL),
(216, NULL, NULL, NULL, NULL, '09193380749', NULL, NULL),
(217, NULL, NULL, NULL, NULL, '09122185393', NULL, NULL),
(218, NULL, NULL, NULL, NULL, '09127752751', NULL, NULL),
(219, NULL, NULL, NULL, NULL, '09367631751', NULL, NULL),
(220, NULL, NULL, NULL, NULL, '09381199504', NULL, NULL),
(221, 'Reza', 'Gorji', '', '', '09112575098', '', NULL),
(222, 'محمد', 'هروی', '', '0880090456', '09157418329', '', NULL),
(223, 'امین', 'بنائی مقدم ', '', '0840072023', '09158787429', '', NULL),
(224, NULL, NULL, NULL, NULL, '09132268020', NULL, NULL),
(225, NULL, NULL, NULL, NULL, '09126398005', NULL, NULL),
(226, NULL, NULL, NULL, NULL, '09189301405', NULL, NULL),
(227, NULL, NULL, NULL, NULL, '09127953533', NULL, NULL),
(228, NULL, NULL, NULL, NULL, '09124069205', NULL, NULL),
(229, 'آرش', 'صفری', '', '', '09336640405', '', NULL),
(230, NULL, NULL, NULL, NULL, '09127145054', NULL, NULL),
(231, NULL, NULL, NULL, NULL, '09354087507', NULL, NULL),
(232, 'امير', 'سفيري', '', '3790081744', '09359829604', '1476676549', NULL),
(233, NULL, NULL, NULL, NULL, '09127629488', NULL, NULL),
(234, NULL, NULL, NULL, NULL, '09203525020', NULL, NULL),
(235, 'صبا', 'پدرام', '', '', '09125737334', '', NULL),
(236, NULL, NULL, NULL, NULL, '09350630291', NULL, NULL),
(237, NULL, NULL, NULL, NULL, '09123635625', NULL, NULL),
(238, NULL, NULL, NULL, NULL, '09198015342', NULL, NULL),
(239, NULL, NULL, NULL, NULL, '09128204202', NULL, NULL),
(240, NULL, NULL, NULL, NULL, '09376446738', NULL, NULL),
(241, NULL, NULL, NULL, NULL, '09126392152', NULL, NULL),
(242, NULL, NULL, NULL, NULL, '09109901696', NULL, NULL),
(243, NULL, NULL, NULL, NULL, '09304962065', NULL, NULL),
(244, NULL, NULL, NULL, NULL, '09214193957', NULL, NULL),
(245, NULL, NULL, NULL, NULL, '09379937533', NULL, NULL),
(246, NULL, NULL, NULL, NULL, '09183623688', NULL, NULL),
(247, NULL, NULL, NULL, NULL, '09122938091', NULL, NULL),
(248, NULL, NULL, NULL, NULL, '09305411993', NULL, NULL),
(249, NULL, NULL, NULL, NULL, '09123176881', NULL, NULL),
(250, NULL, NULL, NULL, NULL, '09122763018', NULL, NULL),
(251, NULL, NULL, NULL, NULL, '09128981374', NULL, NULL),
(252, 'حسین', 'رحمانیان', '', '', '09367240878', '', NULL),
(253, NULL, NULL, NULL, NULL, '09120241067', NULL, NULL),
(254, NULL, NULL, NULL, NULL, '09386871518', NULL, NULL),
(255, NULL, NULL, NULL, NULL, '09125796803', NULL, NULL),
(256, NULL, NULL, NULL, NULL, '09136967046', NULL, NULL),
(257, 'خشايار', 'شريفي', '', '', '09122350971', '', NULL),
(258, NULL, NULL, NULL, NULL, '09129439039', NULL, NULL),
(259, NULL, NULL, NULL, NULL, '09153781492', NULL, NULL),
(260, 'محمد صادق', 'برخورداری', '', '3080133528', '09198858840', '', NULL),
(261, NULL, NULL, NULL, NULL, '09133076106', NULL, NULL),
(262, NULL, NULL, NULL, NULL, '09133956991', NULL, NULL),
(263, NULL, NULL, NULL, NULL, '09121692577', NULL, NULL),
(264, NULL, NULL, NULL, NULL, '09128955177', NULL, NULL),
(265, NULL, NULL, NULL, NULL, NULL, NULL, NULL),
(266, NULL, NULL, NULL, NULL, '09126847534', NULL, NULL),
(267, NULL, NULL, NULL, NULL, '09392276201', NULL, NULL),
(268, NULL, NULL, NULL, NULL, '09374157730', NULL, NULL),
(269, NULL, NULL, NULL, NULL, '09156474504', NULL, NULL),
(270, 'Ahmad', 'Memari', '', '', '09122161298', '', NULL),
(271, NULL, NULL, NULL, NULL, '09215539310', NULL, NULL),
(272, NULL, NULL, NULL, NULL, '09380019504', NULL, NULL),
(273, NULL, NULL, NULL, NULL, '09354856166', NULL, NULL),
(274, NULL, NULL, NULL, NULL, '09122341201', NULL, NULL),
(275, NULL, NULL, NULL, NULL, '09122341201', NULL, NULL),
(276, 'امیر', 'خادم ', '', '', '09122341201', '', NULL),
(277, NULL, NULL, NULL, NULL, '09125885410', NULL, NULL),
(278, NULL, NULL, NULL, NULL, '09122465023', NULL, NULL),
(279, NULL, NULL, NULL, NULL, '09125027351', NULL, NULL),
(280, 'مانا', 'زارعي', '', '', '09125027351', '', NULL),
(281, 'مارال', 'صراف', '', '0063641526', '09122394660', '', NULL),
(282, NULL, NULL, NULL, NULL, '09371828762', NULL, NULL),
(283, NULL, NULL, NULL, NULL, '09193712079', NULL, NULL),
(284, NULL, NULL, NULL, NULL, '09359344919', NULL, NULL),
(285, NULL, NULL, NULL, NULL, '09140168533', NULL, NULL),
(286, NULL, NULL, NULL, NULL, '09128187126', NULL, NULL),
(287, 'سعید', 'مبشری', NULL, NULL, '09358389265', NULL, NULL),
(288, NULL, NULL, NULL, NULL, '09198952816', NULL, NULL),
(289, NULL, NULL, NULL, NULL, '09124905486', NULL, NULL),
(290, NULL, NULL, NULL, NULL, '09393781094', NULL, NULL),
(291, NULL, NULL, NULL, NULL, '09380019504', NULL, NULL),
(292, NULL, NULL, NULL, NULL, '09123658867', NULL, NULL),
(293, NULL, NULL, NULL, NULL, '09330576512', NULL, NULL),
(294, NULL, NULL, NULL, NULL, '09136705529', NULL, NULL),
(295, 'بهروز', 'رازقی', '', '', '09382024353', '', NULL),
(296, NULL, NULL, NULL, NULL, '09367874068', NULL, NULL),
(297, NULL, NULL, NULL, NULL, '09123624788', NULL, NULL),
(298, NULL, NULL, NULL, NULL, '09103138700', NULL, NULL),
(299, NULL, NULL, NULL, NULL, '09371697700', NULL, NULL),
(300, NULL, NULL, NULL, NULL, '09132661492', NULL, NULL),
(301, NULL, NULL, NULL, NULL, '09124551124', NULL, NULL),
(302, NULL, NULL, NULL, NULL, '09191080277', NULL, NULL),
(303, NULL, NULL, NULL, NULL, '09386313494', NULL, NULL),
(304, NULL, NULL, NULL, NULL, '09124017832', NULL, NULL),
(305, NULL, NULL, NULL, NULL, '09123044118', NULL, NULL),
(306, NULL, NULL, NULL, NULL, '09143454556', NULL, NULL),
(307, NULL, NULL, NULL, NULL, '09195289947', NULL, NULL),
(308, NULL, NULL, NULL, NULL, '09127909940', NULL, NULL),
(309, NULL, NULL, NULL, NULL, '09183184093', NULL, NULL),
(310, NULL, NULL, NULL, NULL, NULL, NULL, NULL),
(311, NULL, NULL, NULL, NULL, '09193202396', NULL, NULL),
(312, NULL, NULL, NULL, NULL, '09125976920', NULL, NULL),
(313, NULL, NULL, NULL, NULL, '09333808243', NULL, NULL),
(314, NULL, NULL, NULL, NULL, '09197121989', NULL, NULL),
(315, NULL, NULL, NULL, NULL, '09132950422', NULL, NULL),
(316, NULL, NULL, NULL, NULL, '09353726070', NULL, NULL),
(317, NULL, NULL, NULL, NULL, '09128880855', NULL, NULL),
(318, NULL, NULL, NULL, NULL, '09196390589', NULL, NULL),
(319, NULL, NULL, NULL, NULL, '09904906002', NULL, NULL),
(320, NULL, NULL, NULL, NULL, '09124723831', NULL, NULL),
(321, 'ماهان', 'تجربه کار', '', '0440463726', '09399632204', '1981643733', NULL),
(322, NULL, NULL, NULL, NULL, '09127372189', NULL, NULL),
(323, NULL, NULL, NULL, NULL, '09127372189', NULL, NULL),
(324, NULL, NULL, NULL, NULL, '09127084426', NULL, NULL),
(325, NULL, NULL, NULL, NULL, '09354225097', NULL, NULL),
(326, 'mohamad hosein', 'edrisi', '', '', '09121994540', '', NULL),
(327, NULL, NULL, NULL, NULL, '09363625362', NULL, NULL),
(328, 'مهسا ', 'جمشیدی ', NULL, NULL, '09354128073', NULL, NULL),
(329, 'فایزه ', 'واعظی', NULL, NULL, '09120327334', NULL, NULL),
(330, 'شهناز ', 'رضایی', NULL, NULL, '09358022504', NULL, NULL),
(331, 'hadi ', 'vakili', NULL, NULL, '09183842004', NULL, NULL),
(332, 'مهنوش ', 'ورامینی', NULL, NULL, '09331417733', NULL, NULL),
(333, 'محد جواد ', 'نصری', NULL, NULL, '09153514829', NULL, NULL),
(334, 'سمیرا ', 'قلعه نوعی', NULL, NULL, '09158248495', NULL, NULL),
(335, 'ملیکا ', 'رضاپور', NULL, NULL, '09195040693', NULL, NULL),
(336, 'فاطمه ', 'خراسانی', NULL, NULL, '09127366654', NULL, NULL),
(337, 'نیلوفر ', 'شاکر', NULL, NULL, '09120260871', NULL, NULL),
(338, 'سمانه ', 'طوسی ', NULL, NULL, '09384891550', NULL, NULL),
(339, 'محمد جواد ', 'هاشمی', NULL, NULL, '09126331316', NULL, NULL),
(340, 'fateme', 'nili', '', '', '09181073289', '', NULL),
(341, 'مصطفی ', 'شجاعی', NULL, NULL, '09128150049', NULL, NULL),
(342, 'سید حمید', 'هاشمی', NULL, NULL, '09124945620', NULL, NULL),
(343, 'مهرداد', 'شاهسوار', NULL, NULL, '09121461223', NULL, NULL),
(344, 'میترا', 'جمشیدی', NULL, NULL, '09354128073', NULL, NULL),
(345, NULL, NULL, NULL, NULL, '02122930177', NULL, NULL),
(346, 'الناز ', 'غلامپور', NULL, NULL, '09387179347', NULL, NULL),
(347, 'سمیرا ', 'نوروزی', NULL, NULL, '09126760920', NULL, NULL),
(348, 'خاطره ', 'نظری', NULL, NULL, '09128435603', NULL, NULL),
(349, 'محمدرضا', 'حق پناه', '', '', '09394967997', '', NULL),
(350, NULL, NULL, NULL, NULL, '09125370811', NULL, NULL),
(351, 'اسماعیل ', 'چاپار', NULL, NULL, '09126886691', NULL, NULL),
(352, 'یاشار ', 'همتی ', NULL, NULL, '09336803780', NULL, NULL),
(353, 'مهرداد', 'معاف', NULL, NULL, '09363640092', NULL, NULL),
(354, NULL, NULL, NULL, NULL, '09362612810', NULL, NULL),
(355, NULL, NULL, NULL, NULL, '09358205277', NULL, NULL),
(356, NULL, NULL, NULL, NULL, '09197169935', NULL, NULL),
(357, 'سمیرا السادات', 'میر عمادی ', NULL, NULL, '09123218907', NULL, NULL),
(358, NULL, NULL, NULL, NULL, '09194647201', NULL, NULL),
(359, NULL, NULL, NULL, NULL, '09127942485', NULL, NULL),
(360, NULL, NULL, NULL, NULL, '09156155627', NULL, NULL),
(361, 'شیما', 'معصومی', '', '0010442189', '09192191599', '', NULL),
(362, NULL, NULL, NULL, NULL, '09384791698', NULL, NULL),
(363, 'هانیه', 'باریک بین', 'Barikbinhanieh@gmail.com', '0015275825', '09369927173', '1916853773', NULL),
(364, NULL, NULL, NULL, NULL, '09388640098', NULL, NULL),
(365, 'سپیده', 'افتخاری ', NULL, NULL, '09904906002', NULL, NULL),
(366, NULL, NULL, NULL, NULL, '09185845456', NULL, NULL),
(367, NULL, NULL, NULL, NULL, NULL, NULL, NULL),
(368, 'معین ', 'خلیقی', NULL, NULL, '09129240838', NULL, NULL),
(369, 'نگین', 'هوشمند', 'houshmand71@yahoo.com', '0014919486', '09124255628', '1471954514', NULL),
(370, NULL, NULL, NULL, NULL, '09178586414', NULL, NULL),
(371, 'صفورا ', 'صادقپور', NULL, NULL, '09117072520', NULL, NULL),
(372, 'امید ', 'ریحانی ', NULL, NULL, '09150468177', NULL, NULL),
(373, NULL, NULL, NULL, NULL, '09395439270', NULL, NULL),
(374, 'سعید', 'هاتفی اردکانی', '', '4449966929', '09132551217', '1445934915', NULL),
(375, NULL, NULL, NULL, NULL, '09132651026', NULL, NULL),
(376, NULL, NULL, NULL, NULL, '09363737081', NULL, NULL),
(377, NULL, NULL, NULL, NULL, '09139514486', NULL, NULL),
(378, 'ابوالفضل ', 'بابایی', 'a.babaiee@gmail.com', '2170091661', '09352945251', '', NULL),
(379, NULL, NULL, NULL, NULL, '09372955411', NULL, NULL),
(380, NULL, NULL, NULL, NULL, '09360046854', NULL, NULL),
(381, NULL, NULL, NULL, NULL, '09106809801', NULL, NULL),
(382, NULL, NULL, NULL, NULL, '09374474188', NULL, NULL),
(383, NULL, NULL, NULL, NULL, '09226547417', NULL, NULL),
(384, NULL, NULL, NULL, NULL, '09123191370', NULL, NULL),
(385, NULL, NULL, NULL, NULL, '09128237338', NULL, NULL),
(386, NULL, NULL, NULL, NULL, '09124381186', NULL, NULL),
(387, 'ستاره ', 'جلالی', NULL, NULL, '09124723831', NULL, NULL),
(388, 'نیلوفر ', 'هندیجانی', NULL, NULL, '09124905486', NULL, NULL),
(389, 'میلاد', 'زمانی', NULL, NULL, '09125201502', NULL, NULL),
(390, 'الهه ', 'الهیاری ', NULL, NULL, '09122337798', NULL, NULL),
(391, NULL, NULL, NULL, NULL, '09125087517', NULL, NULL),
(392, NULL, NULL, NULL, NULL, '09360801031', NULL, NULL),
(393, NULL, NULL, NULL, NULL, '09357928256', NULL, NULL),
(394, NULL, NULL, NULL, NULL, '09124588077', NULL, NULL),
(395, 'پریسا ', 'فتایی', '', '4190006858', '09169619611', '', NULL),
(396, NULL, NULL, NULL, NULL, '09121401406', NULL, NULL),
(397, 'Setare', 'T.', '', '', '09224924550', '', NULL),
(398, NULL, NULL, NULL, NULL, '09224924550', NULL, NULL),
(399, NULL, NULL, NULL, NULL, '09129240838', NULL, NULL),
(400, NULL, NULL, NULL, NULL, '09126133343', NULL, NULL),
(401, NULL, NULL, NULL, NULL, '09393797752', NULL, NULL),
(402, NULL, NULL, NULL, NULL, '09374882807', NULL, NULL),
(403, NULL, NULL, NULL, NULL, '09380743732', NULL, NULL),
(404, NULL, NULL, NULL, NULL, NULL, NULL, NULL),
(405, NULL, NULL, NULL, NULL, '09031318222', NULL, NULL),
(406, NULL, NULL, NULL, NULL, '09120382415', NULL, NULL),
(407, 'حسین', 'محمدپور', '', '', '09122366771', '', NULL),
(408, NULL, NULL, NULL, NULL, '09128303690', NULL, NULL),
(409, 'حمیرا السادات', 'میرعمادی', '', '0440456924', '09123131089', '', NULL),
(410, 'حمیدرضا', 'شافعی', NULL, NULL, '09133956991', NULL, NULL),
(411, 'سعید', 'معماری', NULL, NULL, '09395439270', NULL, NULL),
(412, NULL, NULL, NULL, NULL, '09126847534', NULL, NULL),
(413, 'محمدرضا ', 'فتحی', NULL, NULL, '09126847534', NULL, NULL),
(414, NULL, NULL, NULL, NULL, '09153388230', NULL, NULL),
(415, 'سپیده', 'تقی زاده', NULL, NULL, '09191621300', NULL, NULL),
(416, 'سمیه ', 'صداقتی', NULL, NULL, '09333886648', NULL, NULL),
(417, NULL, NULL, NULL, NULL, '09208068006', NULL, NULL),
(418, NULL, NULL, NULL, NULL, '09101718068', NULL, NULL),
(419, 'امیر حسین ', 'خرمی ', NULL, NULL, '09208068006', NULL, NULL),
(420, 'حمیدرضا', 'حیدرنژاد', '', '', '09179110791', '', NULL),
(421, 'عسل', 'منصوری مرند', '', '', '09124146321', '', NULL),
(422, NULL, NULL, NULL, NULL, '09137942969', NULL, NULL),
(423, 'یونس', 'عالیان', '', '', '09172546898', '', NULL),
(424, NULL, NULL, NULL, NULL, '09128102508', NULL, NULL),
(425, NULL, NULL, NULL, NULL, '09127366353', NULL, NULL),
(426, NULL, NULL, NULL, NULL, '09122544179', NULL, NULL),
(427, NULL, NULL, NULL, NULL, '09124932797', NULL, NULL),
(428, NULL, NULL, NULL, NULL, '09138345585', NULL, NULL),
(429, NULL, NULL, NULL, NULL, '09364723603', NULL, NULL),
(430, 'زهرا', 'تاجیک', '', '0013194828', '09301086421', '', NULL),
(431, NULL, NULL, NULL, NULL, '09195765071', NULL, NULL),
(432, 'ساناز', 'مقراضی برین', '', '', '09128132274', '', NULL),
(433, NULL, NULL, NULL, NULL, '09176284027', NULL, NULL),
(434, NULL, NULL, NULL, NULL, '09122115102', NULL, NULL),
(435, 'حسن', 'جعفریان', NULL, NULL, '09113264415', NULL, NULL),
(436, NULL, NULL, NULL, NULL, '09125661575', NULL, NULL),
(437, NULL, NULL, NULL, NULL, '09191621300', NULL, NULL),
(438, NULL, NULL, NULL, NULL, '09123854028', NULL, NULL),
(439, NULL, NULL, NULL, NULL, '+9891281322', NULL, NULL),
(440, NULL, NULL, NULL, NULL, '09124842342', NULL, NULL),
(441, NULL, NULL, NULL, NULL, '09122178107', NULL, NULL),
(442, 'فرشته', 'پورمحمدی', '', '1080095314', '09138368557', '8513844316', NULL),
(443, 'حمید', 'امیرکاوه', '', '', '09368148051', '', NULL),
(444, NULL, NULL, NULL, NULL, '09127954179', NULL, NULL),
(445, NULL, NULL, NULL, NULL, '09369858844', NULL, NULL),
(446, 'مصطفی', 'سیدان', '', '', '09126630636', '', NULL),
(447, NULL, NULL, NULL, NULL, '09039254808', NULL, NULL),
(448, NULL, NULL, NULL, NULL, '09120201563', NULL, NULL),
(449, NULL, NULL, NULL, NULL, '09371352066', NULL, NULL),
(450, 'مهدی', 'تمدن', NULL, NULL, '09123985808', NULL, NULL),
(451, 'جعفر', 'باصری', '', '1250053080', '09125363264', '', NULL),
(452, NULL, NULL, NULL, NULL, '09132941889', NULL, NULL),
(453, NULL, NULL, NULL, NULL, '09133417513', NULL, NULL),
(454, NULL, NULL, NULL, NULL, '09122124745', NULL, NULL),
(455, NULL, NULL, NULL, NULL, '09368284256', NULL, NULL),
(456, 'نسیم ', 'بامداد ', NULL, NULL, '09122124745', NULL, NULL),
(457, NULL, NULL, NULL, NULL, '09122506318', NULL, NULL),
(458, NULL, NULL, NULL, NULL, '09127331220', NULL, NULL),
(459, NULL, NULL, NULL, NULL, '09123798962', NULL, NULL),
(460, NULL, NULL, NULL, NULL, '09117770116', NULL, NULL),
(461, NULL, NULL, NULL, NULL, '09153897825', NULL, NULL),
(462, NULL, NULL, NULL, NULL, '09118236782', NULL, NULL),
(463, NULL, NULL, NULL, NULL, NULL, NULL, NULL),
(464, NULL, NULL, NULL, NULL, '09013470712', NULL, NULL),
(465, NULL, NULL, NULL, NULL, '09120215143', NULL, NULL),
(466, NULL, NULL, NULL, NULL, '09126964821', NULL, NULL),
(467, NULL, NULL, NULL, NULL, '09124505817', NULL, NULL),
(468, 'سید محمد جواد', 'میرزاده', '', '4420009926', '09371998683', '8913773485', NULL),
(469, NULL, NULL, NULL, NULL, '09039816322', NULL, NULL),
(470, NULL, NULL, NULL, NULL, NULL, NULL, NULL),
(471, NULL, NULL, NULL, NULL, '09127849622', NULL, NULL),
(472, NULL, NULL, NULL, NULL, '09127693764', NULL, NULL),
(473, NULL, NULL, NULL, NULL, '09132525936', NULL, NULL),
(474, NULL, NULL, NULL, NULL, '09387373436', NULL, NULL),
(475, NULL, NULL, NULL, NULL, '09103105010', NULL, NULL),
(476, NULL, NULL, NULL, NULL, '09127060337', NULL, NULL),
(477, NULL, NULL, NULL, NULL, '09126850951', NULL, NULL),
(478, NULL, NULL, NULL, NULL, '09193224951', NULL, NULL),
(479, 'محمد سروش', 'خورسند', '', '', '09125011808', '', NULL),
(480, NULL, NULL, NULL, NULL, '+9893618022', NULL, NULL),
(481, NULL, NULL, NULL, NULL, '09104004548', NULL, NULL),
(482, 'رحیمه', 'نگارنده', '', '', '09123168057', '', NULL),
(483, NULL, NULL, NULL, NULL, '09307989411', NULL, NULL),
(484, NULL, NULL, NULL, NULL, '09388223806', NULL, NULL),
(485, NULL, NULL, NULL, NULL, '09124284928', NULL, NULL),
(486, 'نیلوفر ', 'میثاقیان', NULL, NULL, '09307989411', NULL, NULL),
(487, NULL, NULL, NULL, NULL, '09123978354', NULL, NULL),
(488, NULL, NULL, NULL, NULL, '09378755833', NULL, NULL),
(489, NULL, NULL, NULL, NULL, '09127372860', NULL, NULL),
(490, 'فاطمه', 'فتح اللهی', 'fateme.fathallahi@yahoo.com', '0010709721', '09125474120', '1439634489', NULL),
(491, NULL, NULL, NULL, NULL, '09365632955', NULL, NULL),
(492, NULL, NULL, NULL, NULL, '09354629161', NULL, NULL),
(493, NULL, NULL, NULL, NULL, '09352155346', NULL, NULL),
(494, 'marziye ', 'aram', NULL, NULL, '09356929890', NULL, NULL),
(495, NULL, NULL, NULL, NULL, '09121231813', NULL, NULL),
(496, NULL, NULL, NULL, NULL, '09120146785', NULL, NULL),
(497, 'سجاد', 'رضوی بزاز', '', '', '09306672733', '', NULL),
(498, NULL, NULL, NULL, NULL, '09305610270', NULL, NULL),
(499, NULL, NULL, NULL, NULL, NULL, NULL, NULL),
(500, NULL, NULL, NULL, NULL, '09125965602', NULL, NULL),
(501, NULL, NULL, NULL, NULL, NULL, NULL, NULL),
(502, 'شادفر', 'داوودی', NULL, NULL, '09195289947', NULL, NULL),
(503, NULL, NULL, NULL, NULL, '09369725092', NULL, NULL),
(504, 'سید محمد', 'ابراهیمی سریزدی', '', '', '09134510903', '', NULL),
(505, NULL, NULL, NULL, NULL, '09159317672', NULL, NULL),
(506, NULL, NULL, NULL, NULL, '09112280661', NULL, NULL),
(507, NULL, NULL, NULL, NULL, '09123496067', NULL, NULL),
(508, NULL, NULL, NULL, NULL, '09358181802', NULL, NULL),
(509, NULL, NULL, NULL, NULL, '09126126753', NULL, NULL),
(510, 'نسیم ', 'بامداد ', NULL, NULL, '09122124745', NULL, NULL),
(511, 'عارفه ', 'طاهرخانی', NULL, NULL, '09128832782', NULL, NULL),
(512, NULL, NULL, NULL, NULL, '09128634832', NULL, NULL),
(513, NULL, NULL, NULL, NULL, '09351033439', NULL, NULL),
(514, NULL, NULL, NULL, NULL, '09123215434', NULL, NULL),
(515, NULL, NULL, NULL, NULL, '09122892941', NULL, NULL);

-- --------------------------------------------------------

--
-- Table structure for table `ym_user_roles`
--

CREATE TABLE IF NOT EXISTS `ym_user_roles` (
  `id` int(11) unsigned NOT NULL AUTO_INCREMENT,
  `name` varchar(100) COLLATE utf8_persian_ci NOT NULL,
  `role` varchar(255) COLLATE utf8_persian_ci NOT NULL,
  PRIMARY KEY (`id`)
) ENGINE=InnoDB  DEFAULT CHARSET=utf8 COLLATE=utf8_persian_ci AUTO_INCREMENT=3 ;

--
-- Dumping data for table `ym_user_roles`
--

INSERT INTO `ym_user_roles` (`id`, `name`, `role`) VALUES
(1, 'کاربر معمولی', 'user'),
(2, 'استاد', 'teacher');

-- --------------------------------------------------------

--
-- Table structure for table `ym_user_role_permissions`
--

CREATE TABLE IF NOT EXISTS `ym_user_role_permissions` (
  `id` int(10) unsigned NOT NULL AUTO_INCREMENT COMMENT 'شناسه',
  `role_id` int(10) unsigned DEFAULT NULL COMMENT 'نقش',
  `module_id` varchar(255) CHARACTER SET utf8 DEFAULT NULL COMMENT 'ماژول',
  `controller_id` varchar(255) CHARACTER SET utf8 DEFAULT NULL COMMENT 'کنترلر',
  `actions` text CHARACTER SET utf8 COMMENT 'اکشن ها',
  PRIMARY KEY (`id`),
  KEY `role_id` (`role_id`)
) ENGINE=InnoDB  DEFAULT CHARSET=utf8 COLLATE=utf8_persian_ci AUTO_INCREMENT=113 ;

--
-- Dumping data for table `ym_user_role_permissions`
--

INSERT INTO `ym_user_role_permissions` (`id`, `role_id`, `module_id`, `controller_id`, `actions`) VALUES
(110, 2, 'users', 'UsersPublicController', 'dashboard,logout,setting,update'),
(112, 1, 'users', 'UsersPublicController', 'dashboard,logout,setting,update,changePassword,captcha');

-- --------------------------------------------------------

--
-- Table structure for table `ym_user_transactions`
--

CREATE TABLE IF NOT EXISTS `ym_user_transactions` (
  `class_id` int(10) unsigned NOT NULL COMMENT 'شناسه',
  `user_id` int(10) unsigned NOT NULL COMMENT 'کاربر',
  `amount` varchar(10) DEFAULT NULL COMMENT 'مقدار',
  `date` varchar(20) DEFAULT NULL COMMENT 'تاریخ',
  `status` enum('unpaid','paid','deleted') DEFAULT 'unpaid' COMMENT 'وضعیت',
  `description` varchar(200) CHARACTER SET utf8 COLLATE utf8_persian_ci DEFAULT NULL COMMENT 'توضیحات',
  `order_id` int(12) DEFAULT NULL,
  `ref_id` varchar(50) DEFAULT NULL,
  `res_code` int(5) DEFAULT NULL,
  `sale_reference_id` varchar(50) DEFAULT NULL,
  `settle` tinyint(1) unsigned NOT NULL DEFAULT '0',
  `verbal` tinyint(1) unsigned NOT NULL DEFAULT '0',
  PRIMARY KEY (`class_id`,`user_id`),
  UNIQUE KEY `order_id` (`order_id`),
  KEY `user_id` (`user_id`)
) ENGINE=InnoDB DEFAULT CHARSET=latin1;

--
-- Dumping data for table `ym_user_transactions`
--

INSERT INTO `ym_user_transactions` (`class_id`, `user_id`, `amount`, `date`, `status`, `description`, `order_id`, `ref_id`, `res_code`, `sale_reference_id`, `settle`, `verbal`) VALUES
(1, 234, '250000', '1469459460', 'paid', 'پرداخت شهریه جهت ثبت نام در دوره تافل آی بی تی، کلاس اسپیکینگ تافل آی بی تی گروه 1', 1101, 'E26A71CF13CB6985', 0, '117721202265', 1, 0),
(1, 238, '250000', '1469523974', 'paid', 'پرداخت شهریه جهت ثبت نام در دوره تافل آی بی تی، کلاس اسپیکینگ تافل آی بی تی گروه 1', 1107, '99B945BACD4979EE', 0, '117739644418', 1, 0),
(1, 466, '250000', '1479156427', 'unpaid', 'پرداخت شهریه جهت ثبت نام در دوره تافل آی بی تی، کلاس اسپیکینگ تافل آی بی تی گروه 1', 1359, '355442079E29BAA3', NULL, NULL, 0, 0),
(1, 472, '250000', '1479723812', 'paid', 'پرداخت شهریه جهت ثبت نام در دوره تافل آی بی تی، کلاس اسپیکینگ تافل آی بی تی گروه 1', 1361, 'BD6EADA20CFD69A1', 0, '120578876493', 1, 0),
(1, 485, '250000', '1480793844', 'unpaid', 'پرداخت شهریه جهت ثبت نام در دوره تافل آی بی تی، کلاس اسپیکینگ تافل آی بی تی گروه 1', 1366, 'B769A5F82C569A51', NULL, NULL, 0, 0),
(1, 509, '250000', '1482816209', 'paid', 'پرداخت شهریه جهت ثبت نام در دوره تافل آی بی تی، کلاس اسپیکینگ تافل آی بی تی گروه 1', 1377, '9753320B67E81905', 0, '121237737533', 1, 0),
(2, 104, '400000', '1473928341', 'unpaid', 'پرداخت شهریه جهت ثبت نام در دوره تافل آی بی تی، کلاس رایتینگ تافل آی بی تی گروه 1', 1215, '18E4CDB55519CA4F', NULL, NULL, 0, 0),
(2, 169, '400000', '1473710380', 'unpaid', 'پرداخت شهریه جهت ثبت نام در دوره تافل آی بی تی، کلاس رایتینگ تافل آی بی تی گروه 1', 1185, 'F86220BA5423CA81', 415, '', 0, 0),
(2, 231, '400000', '1472905072', 'paid', 'پرداخت شهریه جهت ثبت نام در دوره تافل آی بی تی، کلاس رایتینگ تافل آی بی تی گروه 1', 1174, '4460576690CBB490', 0, '118739485459', 1, 0),
(2, 237, '400000', '1475050261', 'paid', 'پرداخت شهریه جهت ثبت نام در دوره تافل آی بی تی، کلاس رایتینگ تافل آی بی تی گروه 1', 1264, 'C8BFB04C51F6907D', 43, '119397502535', 1, 0),
(2, 305, '400000', '1472312177', 'paid', 'پرداخت شهریه جهت ثبت نام در دوره تافل آی بی تی، کلاس رایتینگ تافل آی بی تی گروه 1', 1168, 'C0E4ECCFC767A2A7', 0, '118563818510', 1, 0),
(2, 310, '400000', '1472638702', 'paid', 'پرداخت شهریه جهت ثبت نام در دوره تافل آی بی تی، کلاس رایتینگ تافل آی بی تی گروه 1', 1171, NULL, NULL, NULL, 1, 1),
(2, 311, '400000', '1472928304', 'paid', 'پرداخت شهریه جهت ثبت نام در دوره تافل آی بی تی، کلاس رایتینگ تافل آی بی تی گروه 1', 1176, '12AED747BE765C86', 0, '118751934683', 1, 0),
(2, 349, '400000', '1474394177', 'paid', 'پرداخت شهریه جهت ثبت نام در دوره تافل آی بی تی، کلاس رایتینگ تافل آی بی تی گروه 1', 1234, 'C6F77068FA565316', 0, '119193847758', 1, 0),
(2, 357, '400000', '1474109436', 'paid', 'پرداخت شهریه جهت ثبت نام در دوره تافل آی بی تی، کلاس رایتینگ تافل آی بی تی گروه 1', 1222, NULL, NULL, NULL, 0, 1),
(2, 364, '400000', '1474522080', 'paid', 'پرداخت شهریه جهت ثبت نام در دوره تافل آی بی تی، کلاس رایتینگ تافل آی بی تی گروه 1', 1243, '818EEAC03F6989FC', 0, '119227453336', 1, 0),
(2, 365, '400000', '1474286476', 'paid', 'پرداخت شهریه جهت ثبت نام در دوره تافل آی بی تی، کلاس رایتینگ تافل آی بی تی گروه 1', 1228, NULL, NULL, NULL, 0, 1),
(2, 366, '400000', '1474439793', 'paid', 'پرداخت شهریه جهت ثبت نام در دوره تافل آی بی تی، کلاس رایتینگ تافل آی بی تی گروه 1', 1238, NULL, NULL, NULL, 0, 1),
(2, 368, '400000', '1474439677', 'paid', 'پرداخت شهریه جهت ثبت نام در دوره تافل آی بی تی، کلاس رایتینگ تافل آی بی تی گروه 1', 1237, NULL, NULL, NULL, 0, 1),
(2, 369, '400000', '1474476019', 'paid', 'پرداخت شهریه جهت ثبت نام در دوره تافل آی بی تی، کلاس رایتینگ تافل آی بی تی گروه 1', 1242, '1A18C969CE36B8CE', 0, '119218940948', 1, 0),
(2, 374, '400000', '1474830803', 'paid', 'پرداخت شهریه جهت ثبت نام در دوره تافل آی بی تی، کلاس رایتینگ تافل آی بی تی گروه 1', 1255, '160251C3C8585BD0', 0, '119333457437', 1, 0),
(2, 375, '400000', '1474812060', 'paid', 'پرداخت شهریه جهت ثبت نام در دوره تافل آی بی تی، کلاس رایتینگ تافل آی بی تی گروه 1', 1254, '5FE8BF4A55348FAC', 0, '119322780563', 1, 0),
(2, 378, '400000', '1474975097', 'paid', 'پرداخت شهریه جهت ثبت نام در دوره تافل آی بی تی، کلاس رایتینگ تافل آی بی تی گروه 1', 1259, '6EDB8BA9B912726C', 0, '119375210498', 1, 0),
(2, 380, '400000', '1475037686', 'paid', 'پرداخت شهریه جهت ثبت نام در دوره تافل آی بی تی، کلاس رایتینگ تافل آی بی تی گروه 1', 1261, 'AEDB3FFA8B323C8C', 0, '119391807466', 1, 0),
(2, 381, '400000', '1475046764', 'paid', 'پرداخت شهریه جهت ثبت نام در دوره تافل آی بی تی، کلاس رایتینگ تافل آی بی تی گروه 1', 1263, '1598F033AAAB013B', 0, '119395462364', 1, 0),
(2, 384, '400000', '1475037868', 'paid', 'پرداخت شهریه جهت ثبت نام در دوره تافل آی بی تی، کلاس رایتینگ تافل آی بی تی گروه 1', 1262, 'F3E9BBBF8C2A2D6F', 0, '119391859025', 1, 0),
(2, 385, '400000', '1475056532', 'paid', 'پرداخت شهریه جهت ثبت نام در دوره تافل آی بی تی، کلاس رایتینگ تافل آی بی تی گروه 1', 1265, '27C59D6A2B3E8C6C', 0, '119401065328', 1, 0),
(2, 386, '400000', '1475057188', 'paid', 'پرداخت شهریه جهت ثبت نام در دوره تافل آی بی تی، کلاس رایتینگ تافل آی بی تی گروه 1', 1266, '55923F92308023C9', 0, '119401273233', 1, 0),
(2, 387, '400000', '1475059311', 'paid', 'پرداخت شهریه جهت ثبت نام در دوره تافل آی بی تی، کلاس رایتینگ تافل آی بی تی گروه 1', 1268, NULL, NULL, NULL, 0, 1),
(2, 388, '400000', '1475059859', 'paid', 'پرداخت شهریه جهت ثبت نام در دوره تافل آی بی تی، کلاس رایتینگ تافل آی بی تی گروه 1', 1269, NULL, NULL, NULL, 0, 1),
(2, 389, '400000', '1475060670', 'paid', 'پرداخت شهریه جهت ثبت نام در دوره تافل آی بی تی، کلاس رایتینگ تافل آی بی تی گروه 1', 1271, NULL, NULL, NULL, 0, 1),
(2, 390, '400000', '1475061074', 'paid', 'پرداخت شهریه جهت ثبت نام در دوره تافل آی بی تی، کلاس رایتینگ تافل آی بی تی گروه 1', 1272, NULL, NULL, NULL, 0, 1),
(2, 393, '400000', '1475072560', 'paid', 'پرداخت شهریه جهت ثبت نام در دوره تافل آی بی تی، کلاس رایتینگ تافل آی بی تی گروه 1', 1276, '491FE6A5334743C5', 0, '119407230326', 1, 0),
(2, 466, '400000', '1479156074', 'paid', 'پرداخت شهریه جهت ثبت نام در دوره تافل آی بی تی، کلاس رایتینگ تافل آی بی تی گروه 1', 1358, 'E549BC08F48F593E', 0, '120467842851', 1, 0),
(2, 471, '400000', '1482864346', 'paid', 'پرداخت شهریه جهت ثبت نام در دوره تافل آی بی تی، کلاس رایتینگ تافل آی بی تی گروه 1', 1378, '72FCAD81888EF207', 0, '121254554411', 1, 0),
(2, 472, '400000', '1479723913', 'paid', 'پرداخت شهریه جهت ثبت نام در دوره تافل آی بی تی، کلاس رایتینگ تافل آی بی تی گروه 1', 1362, '8782A7343B897FED', 0, '120578905388', 1, 0),
(2, 474, '400000', '1479900395', 'unpaid', 'پرداخت شهریه جهت ثبت نام در دوره تافل آی بی تی، کلاس رایتینگ تافل آی بی تی گروه 1', 1363, '65110B5F474A3D26', NULL, NULL, 0, 0),
(2, 483, '400000', '1480849893', 'unpaid', 'پرداخت شهریه جهت ثبت نام در دوره تافل آی بی تی، کلاس رایتینگ تافل آی بی تی گروه 1', 1367, '074910BDF3DB0F15', NULL, NULL, 0, 0),
(2, 486, '400000', '1480852717', 'paid', 'پرداخت شهریه جهت ثبت نام در دوره تافل آی بی تی، کلاس رایتینگ تافل آی بی تی گروه 1', 1368, NULL, NULL, NULL, 0, 1),
(2, 490, '400000', '1483023394', 'unpaid', 'پرداخت شهریه جهت ثبت نام در دوره تافل آی بی تی، کلاس رایتینگ تافل آی بی تی گروه 1', 1381, '5144688E6D00A3FF', NULL, NULL, 0, 0),
(2, 493, '400000', '1481532031', 'unpaid', 'پرداخت شهریه جهت ثبت نام در دوره تافل آی بی تی، کلاس رایتینگ تافل آی بی تی گروه 1', 1369, '6EDFD281FFC43B4C', NULL, NULL, 0, 0),
(2, 497, '400000', '1483070841', 'unpaid', 'پرداخت شهریه جهت ثبت نام در دوره تافل آی بی تی، کلاس رایتینگ تافل آی بی تی گروه 1', 1382, '59C866506A2C13C1', 17, '', 0, 0),
(2, 502, '400000', '1482154009', 'paid', 'پرداخت شهریه جهت ثبت نام در دوره تافل آی بی تی، کلاس رایتینگ تافل آی بی تی گروه 1', 1373, NULL, NULL, NULL, 0, 1),
(2, 504, '400000', '1482264022', 'unpaid', 'پرداخت شهریه جهت ثبت نام در دوره تافل آی بی تی، کلاس رایتینگ تافل آی بی تی گروه 1', 1374, '4AAA442AC6A5CCF4', NULL, NULL, 0, 0),
(2, 509, '400000', '1482816073', 'paid', 'پرداخت شهریه جهت ثبت نام در دوره تافل آی بی تی، کلاس رایتینگ تافل آی بی تی گروه 1', 1376, '06A1E091AAAF51D1', 0, '121237713352', 1, 0),
(2, 513, '400000', '1483228669', 'unpaid', 'پرداخت شهریه جهت ثبت نام در دوره تافل آی بی تی، کلاس رایتینگ تافل آی بی تی گروه 1', 1383, 'B799A2B28B2E1C73', NULL, NULL, 0, 0),
(3, 42, '400000', '1474464292', 'paid', 'پرداخت شهریه جهت ثبت نام در دوره تافل آی بی تی، کلاس رایتینگ تافل آی بی تی گروه 2', 1240, NULL, NULL, NULL, 0, 1),
(3, 126, '400000', '1469591457', 'paid', 'پرداخت شهریه جهت ثبت نام در دوره تافل آی بی تی، کلاس رایتینگ تافل آی بی تی گروه 2', 1110, '844FCB28041C7025', 0, '117758202878', 1, 0),
(3, 234, '400000', '1469459653', 'paid', 'پرداخت شهریه جهت ثبت نام در دوره تافل آی بی تی، کلاس رایتینگ تافل آی بی تی گروه 2', 1102, '6DB62B077A90E9DB', 0, '117721275820', 1, 0),
(3, 235, '400000', '1476710739', 'paid', 'پرداخت شهریه جهت ثبت نام در دوره تافل آی بی تی، کلاس رایتینگ تافل آی بی تی گروه 2', 1336, NULL, NULL, NULL, 0, 1),
(3, 242, '400000', '1469586058', 'paid', 'پرداخت شهریه جهت ثبت نام در دوره تافل آی بی تی، کلاس رایتینگ تافل آی بی تی گروه 2', 1111, 'B90C2C8F4E191DCC', 0, '117760791478', 1, 0),
(3, 248, '400000', '1469881597', 'unpaid', 'پرداخت شهریه جهت ثبت نام در دوره تافل آی بی تی، کلاس رایتینگ تافل آی بی تی گروه 2', 1116, '039BC40929C5578C', NULL, NULL, 0, 0),
(3, 260, '400000', '1475657470', 'paid', 'پرداخت شهریه جهت ثبت نام در دوره تافل آی بی تی، کلاس رایتینگ تافل آی بی تی گروه 2', 1301, '06F6E1EC7DA10FF3', 0, '119578509590', 1, 0),
(3, 302, '400000', '1472114768', 'paid', 'پرداخت شهریه جهت ثبت نام در دوره تافل آی بی تی، کلاس رایتینگ تافل آی بی تی گروه 2', 1166, '5F0CDE36FE30A921', 0, '118505153479', 1, 0),
(3, 305, '400000', '1472882978', 'unpaid', 'پرداخت شهریه جهت ثبت نام در دوره تافل آی بی تی، کلاس رایتینگ تافل آی بی تی گروه 2', 1172, 'DFB1870D3B8AE2EF', NULL, NULL, 0, 0),
(3, 321, '400000', '1474266724', 'paid', 'پرداخت شهریه جهت ثبت نام در دوره تافل آی بی تی، کلاس رایتینگ تافل آی بی تی گروه 2', 1225, '3B859DF8457F0FAF', 0, '119148138126', 1, 0),
(3, 340, '400000', '1476455503', 'unpaid', 'پرداخت شهریه جهت ثبت نام در دوره تافل آی بی تی، کلاس رایتینگ تافل آی بی تی گروه 2', 1328, 'B61C8935F841DB45', NULL, NULL, 0, 0),
(3, 363, '400000', '1474267733', 'paid', 'پرداخت شهریه جهت ثبت نام در دوره تافل آی بی تی، کلاس رایتینگ تافل آی بی تی گروه 2', 1226, 'F00F39B2DAB9E8A8', 0, '119148797702', 1, 0),
(3, 364, '400000', '1474438370', 'unpaid', 'پرداخت شهریه جهت ثبت نام در دوره تافل آی بی تی، کلاس رایتینگ تافل آی بی تی گروه 2', 1236, '551AE28941FF2827', NULL, NULL, 0, 0),
(3, 372, '400000', '1474705305', 'paid', 'پرداخت شهریه جهت ثبت نام در دوره تافل آی بی تی، کلاس رایتینگ تافل آی بی تی گروه 2', 1248, NULL, NULL, NULL, 0, 1),
(3, 394, '400000', '1475164796', 'paid', 'پرداخت شهریه جهت ثبت نام در دوره تافل آی بی تی، کلاس رایتینگ تافل آی بی تی گروه 2', 1281, 'C32BAA0C5A27C075', 0, '119438628468', 1, 0),
(3, 395, '400000', '1475080992', 'paid', 'پرداخت شهریه جهت ثبت نام در دوره تافل آی بی تی، کلاس رایتینگ تافل آی بی تی گروه 2', 1277, 'C2F133ADA103D1B6', 0, '119412123032', 1, 0),
(3, 401, '400000', '1475656516', 'paid', 'پرداخت شهریه جهت ثبت نام در دوره تافل آی بی تی، کلاس رایتینگ تافل آی بی تی گروه 2', 1299, NULL, NULL, NULL, 0, 1),
(3, 405, '400000', '1476106225', 'paid', 'پرداخت شهریه جهت ثبت نام در دوره تافل آی بی تی، کلاس رایتینگ تافل آی بی تی گروه 2', 1316, '27B9D92256BEBCB6', 0, '119708584428', 1, 0),
(3, 411, '400000', '1475656630', 'paid', 'پرداخت شهریه جهت ثبت نام در دوره تافل آی بی تی، کلاس رایتینگ تافل آی بی تی گروه 2', 1300, NULL, NULL, NULL, 0, 1),
(3, 413, '400000', '1475667061', 'paid', 'پرداخت شهریه جهت ثبت نام در دوره تافل آی بی تی، کلاس رایتینگ تافل آی بی تی گروه 2', 1302, NULL, NULL, NULL, 0, 1),
(3, 418, '400000', '1475932959', 'paid', 'پرداخت شهریه جهت ثبت نام در دوره تافل آی بی تی، کلاس رایتینگ تافل آی بی تی گروه 2', 1306, NULL, NULL, NULL, 0, 1),
(3, 419, '400000', '1475917495', 'paid', 'پرداخت شهریه جهت ثبت نام در دوره تافل آی بی تی، کلاس رایتینگ تافل آی بی تی گروه 2', 1305, NULL, NULL, NULL, 0, 1),
(3, 420, '400000', '1476049419', 'paid', 'پرداخت شهریه جهت ثبت نام در دوره تافل آی بی تی، کلاس رایتینگ تافل آی بی تی گروه 2', 1314, 'A1E38337F9DF35B4', 0, '119693249018', 1, 0),
(3, 421, '400000', '1476129507', 'paid', 'پرداخت شهریه جهت ثبت نام در دوره تافل آی بی تی، کلاس رایتینگ تافل آی بی تی گروه 2', 1322, 'FF37222E9F47B763', 0, '119718814392', 1, 0),
(3, 422, '400000', '1476086722', 'paid', 'پرداخت شهریه جهت ثبت نام در دوره تافل آی بی تی، کلاس رایتینگ تافل آی بی تی گروه 2', 1315, '34B77356571E4F7E', 0, '119699938328', 1, 0),
(3, 424, '400000', '1476203910', 'paid', 'پرداخت شهریه جهت ثبت نام در دوره تافل آی بی تی، کلاس رایتینگ تافل آی بی تی گروه 2', 1324, 'F9DCA187C77F3448', 0, '119729841648', 1, 0),
(3, 425, '400000', '1476346109', 'paid', 'پرداخت شهریه جهت ثبت نام در دوره تافل آی بی تی، کلاس رایتینگ تافل آی بی تی گروه 2', 1325, 'E42DA96181BF16C8', 0, '119748333619', 1, 0),
(3, 426, '400000', '1476516861', 'paid', 'پرداخت شهریه جهت ثبت نام در دوره تافل آی بی تی، کلاس رایتینگ تافل آی بی تی گروه 2', 1330, 'C42573CCEFA7FEB9', 0, '119790131037', 1, 0),
(3, 428, '400000', '1476475302', 'unpaid', 'پرداخت شهریه جهت ثبت نام در دوره تافل آی بی تی، کلاس رایتینگ تافل آی بی تی گروه 2', 1329, '06EC7BAF5C4D884A', NULL, NULL, 0, 0),
(3, 430, '400000', '1476534694', 'paid', 'پرداخت شهریه جهت ثبت نام در دوره تافل آی بی تی، کلاس رایتینگ تافل آی بی تی گروه 2', 1332, '94D8133A895E8B15', 0, '119798244410', 1, 0),
(3, 432, '400000', '1476609964', 'paid', 'پرداخت شهریه جهت ثبت نام در دوره تافل آی بی تی، کلاس رایتینگ تافل آی بی تی گروه 2', 1335, '690D93B6F5987EDF', 0, '119820793535', 1, 0),
(3, 434, '400000', '1476737824', 'paid', 'پرداخت شهریه جهت ثبت نام در دوره تافل آی بی تی، کلاس رایتینگ تافل آی بی تی گروه 2', 1337, '0292882D39E6CEBD', 43, '119863547258', 1, 0),
(3, 435, '400000', '1476770653', 'paid', 'پرداخت شهریه جهت ثبت نام در دوره تافل آی بی تی، کلاس رایتینگ تافل آی بی تی گروه 2', 1338, NULL, NULL, NULL, 0, 1),
(4, 42, '250000', '1477389576', 'paid', 'پرداخت شهریه جهت ثبت نام در دوره تافل آی بی تی، کلاس اسپیکینگ تافل آی بی تی گروه 2', 1342, NULL, NULL, NULL, 0, 1),
(4, 139, '250000', '1470673825', 'unpaid', 'پرداخت شهریه جهت ثبت نام در دوره تافل آی بی تی، کلاس اسپیکینگ تافل آی بی تی گروه 3', 1163, '62592C8AF1E89ADD', 17, '', 0, 0),
(4, 207, '250000', '1470378601', 'paid', 'پرداخت شهریه جهت ثبت نام در دوره تافل آی بی تی، کلاس اسپیکینگ تافل آی بی تی گروه 3', 1155, '5B88A2EE396BD292', 0, '118009401611', 1, 0),
(4, 213, '250000', '1477435869', 'paid', 'پرداخت شهریه جهت ثبت نام در دوره تافل آی بی تی، کلاس اسپیکینگ تافل آی بی تی گروه 2', 1346, 'B771443B56C1B59A', 0, '120085685848', 1, 0),
(4, 231, '250000', '1472904871', 'paid', 'پرداخت شهریه جهت ثبت نام در دوره تافل آی بی تی، کلاس اسپیکینگ تافل آی بی تی گروه 1', 1173, 'CB58BBE30C836B17', 0, '118739434001', 1, 0),
(4, 247, '250000', '1470500382', 'paid', 'پرداخت شهریه جهت ثبت نام در دوره تافل آی بی تی، کلاس اسپیکینگ تافل آی بی تی گروه 3', 1157, 'A9FB40B8556BAA85', 0, '118020524892', 1, 0),
(4, 253, '250000', '1470115628', 'paid', 'پرداخت شهریه جهت ثبت نام در دوره تافل آی بی تی، کلاس اسپیکینگ تافل آی بی تی گروه 3', 1142, 'DEA4D7BE0E6A462F', 0, '117918379414', 1, 0),
(4, 254, '250000', '1470115036', 'paid', 'پرداخت شهریه جهت ثبت نام در دوره تافل آی بی تی، کلاس اسپیکینگ تافل آی بی تی گروه 3', 1144, 'F3CFA47BA55E3B6C', 0, '117918528716', 1, 0),
(4, 259, '250000', '1470120158', 'unpaid', 'پرداخت شهریه جهت ثبت نام در دوره تافل آی بی تی، کلاس اسپیکینگ تافل آی بی تی گروه 3', 1137, NULL, NULL, NULL, 0, 0),
(4, 262, '250000', '1475586948', 'unpaid', 'پرداخت شهریه جهت ثبت نام در دوره تافل آی بی تی، کلاس اسپیکینگ تافل آی بی تی گروه 1', 1297, '04EFAF5A2B84BD6A', NULL, NULL, 0, 0),
(4, 272, '250000', '1475500129', 'paid', 'پرداخت شهریه جهت ثبت نام در دوره تافل آی بی تی، کلاس اسپیکینگ تافل آی بی تی گروه 1', 1289, NULL, NULL, NULL, 0, 1),
(4, 276, '250000', '1470558836', 'paid', 'پرداخت شهریه جهت ثبت نام در دوره تافل آی بی تی، کلاس اسپیکینگ تافل آی بی تی گروه 3', 1159, '082B45A42D391233', 0, '118034784206', 1, 0),
(4, 279, '250000', '1475521940', 'paid', 'پرداخت شهریه جهت ثبت نام در دوره تافل آی بی تی، کلاس اسپیکینگ تافل آی بی تی گروه 1', 1290, 'FCB999F91CE67DEF', 0, '119543820603', 1, 0),
(4, 280, '250000', '1475522928', 'paid', 'پرداخت شهریه جهت ثبت نام در دوره تافل آی بی تی، کلاس اسپیکینگ تافل آی بی تی گروه 1', 1291, '9F3C4E15D46440CD', 0, '119544029056', 1, 0),
(4, 289, '250000', '1474545719', 'paid', 'پرداخت شهریه جهت ثبت نام در دوره تافل آی بی تی، کلاس اسپیکینگ تافل آی بی تی گروه 1', 1245, '609FB59AE54E2231', 0, '119240441948', 1, 0),
(4, 305, '250000', '1472311991', 'paid', 'پرداخت شهریه جهت ثبت نام در دوره تافل آی بی تی، کلاس اسپیکینگ تافل آی بی تی گروه 1', 1167, '0AACAD4F8D1C341B', 0, '118563685072', 1, 0),
(4, 311, '250000', '1475057269', 'paid', 'پرداخت شهریه جهت ثبت نام در دوره تافل آی بی تی، کلاس اسپیکینگ تافل آی بی تی گروه 1', 1267, '28793882F0EF58C7', 0, '119401304258', 1, 0),
(4, 316, '250000', '1473142942', 'unpaid', 'پرداخت شهریه جهت ثبت نام در دوره تافل آی بی تی، کلاس اسپیکینگ تافل آی بی تی گروه 1', 1178, '72BED3BDA9239F76', NULL, NULL, 0, 0),
(4, 319, '250000', '1473353479', 'unpaid', 'پرداخت شهریه جهت ثبت نام در دوره تافل آی بی تی، کلاس اسپیکینگ تافل آی بی تی گروه 1', 1180, 'EF4FACED52755589', NULL, NULL, 0, 0),
(4, 327, '250000', '1473778353', 'unpaid', 'پرداخت شهریه جهت ثبت نام در دوره تافل آی بی تی، کلاس اسپیکینگ تافل آی بی تی گروه 1', 1186, 'C49B8290FF89A6A5', NULL, NULL, 0, 0),
(4, 349, '250000', '1474394310', 'paid', 'پرداخت شهریه جهت ثبت نام در دوره تافل آی بی تی، کلاس اسپیکینگ تافل آی بی تی گروه 1', 1235, 'CDBDA1B40E729772', 0, '119193894464', 1, 0),
(4, 357, '250000', '1474109411', 'paid', 'پرداخت شهریه جهت ثبت نام در دوره تافل آی بی تی، کلاس اسپیکینگ تافل آی بی تی گروه 1', 1221, NULL, NULL, NULL, 0, 1),
(4, 365, '250000', '1474286449', 'paid', 'پرداخت شهریه جهت ثبت نام در دوره تافل آی بی تی، کلاس اسپیکینگ تافل آی بی تی گروه 1', 1227, NULL, NULL, NULL, 0, 1),
(4, 371, '250000', '1474702274', 'paid', 'پرداخت شهریه جهت ثبت نام در دوره تافل آی بی تی، کلاس اسپیکینگ تافل آی بی تی گروه 1', 1246, NULL, NULL, NULL, 0, 1),
(4, 372, '250000', '1474705271', 'paid', 'پرداخت شهریه جهت ثبت نام در دوره تافل آی بی تی، کلاس اسپیکینگ تافل آی بی تی گروه 1', 1247, NULL, NULL, NULL, 0, 1),
(4, 373, '250000', '1475267878', 'unpaid', 'پرداخت شهریه جهت ثبت نام در دوره تافل آی بی تی، کلاس اسپیکینگ تافل آی بی تی گروه 1', 1284, '265D819DE30DBB7F', NULL, NULL, 0, 0),
(4, 378, '250000', '1476526065', 'paid', 'پرداخت شهریه جهت ثبت نام در دوره تافل آی بی تی، کلاس اسپیکینگ تافل آی بی تی گروه2', 1331, 'CF8A34D84877332C', 0, '119795238737', 1, 0),
(4, 381, '250000', '1475297097', 'paid', 'پرداخت شهریه جهت ثبت نام در دوره تافل آی بی تی، کلاس اسپیکینگ تافل آی بی تی گروه 1', 1285, 'DE7BFA3683009B92', 0, '119466193499', 1, 0),
(4, 389, '250000', '1475060657', 'paid', 'پرداخت شهریه جهت ثبت نام در دوره تافل آی بی تی، کلاس اسپیکینگ تافل آی بی تی گروه 1', 1270, NULL, NULL, NULL, 0, 1),
(4, 390, '250000', '1475061881', 'paid', 'پرداخت شهریه جهت ثبت نام در دوره تافل آی بی تی، کلاس اسپیکینگ تافل آی بی تی گروه 1', 1273, NULL, NULL, NULL, 0, 1),
(4, 399, '250000', '1475333534', 'paid', 'پرداخت شهریه جهت ثبت نام در دوره تافل آی بی تی، کلاس اسپیکینگ تافل آی بی تی گروه 1', 1286, '6EEC4202A0E17EA7', 0, '119482757412', 1, 0),
(4, 401, '250000', '1475228126', 'unpaid', 'پرداخت شهریه جهت ثبت نام در دوره تافل آی بی تی، کلاس اسپیکینگ تافل آی بی تی گروه 1', 1282, '8AF67FFBC704B24D', NULL, NULL, 0, 0),
(4, 402, '250000', '1475497145', 'unpaid', 'پرداخت شهریه جهت ثبت نام در دوره تافل آی بی تی، کلاس اسپیکینگ تافل آی بی تی گروه 1', 1288, 'D6F2D7BFB10FDD57', NULL, NULL, 0, 0),
(4, 405, '250000', '1475393113', 'paid', 'پرداخت شهریه جهت ثبت نام در دوره تافل آی بی تی، کلاس اسپیکینگ تافل آی بی تی گروه 1', 1287, 'A30850F0192684E6', 0, '119497276787', 1, 0),
(4, 407, '250000', '1475561763', 'paid', 'پرداخت شهریه جهت ثبت نام در دوره تافل آی بی تی، کلاس اسپیکینگ تافل آی بی تی گروه 1', 1294, 'A41624C4C1D382B8', 0, '119547858685', 1, 0),
(4, 409, '250000', '1475586190', 'paid', 'پرداخت شهریه جهت ثبت نام در دوره تافل آی بی تی، کلاس اسپیکینگ تافل آی بی تی گروه 1', 1295, 'EC3A407368048232', 0, '119558272578', 1, 0),
(4, 410, '250000', '1475587295', 'paid', 'پرداخت شهریه جهت ثبت نام در دوره تافل آی بی تی، کلاس اسپیکینگ تافل آی بی تی گروه 1', 1298, NULL, NULL, NULL, 0, 1),
(4, 436, '250000', '1476866057', 'paid', 'پرداخت شهریه جهت ثبت نام در دوره تافل آی بی تی، کلاس اسپیکینگ تافل آی بی تی گروه 2', 1339, 'E00B94073735E1F4', 0, '119902873546', 1, 0),
(4, 442, '250000', '1477401528', 'paid', 'پرداخت شهریه جهت ثبت نام در دوره تافل آی بی تی، کلاس اسپیکینگ تافل آی بی تی گروه 2', 1344, 'A5147297DEE144B0', 0, '120073242990', 1, 0),
(4, 443, '250000', '1477402052', 'paid', 'پرداخت شهریه جهت ثبت نام در دوره تافل آی بی تی، کلاس اسپیکینگ تافل آی بی تی گروه 2', 1345, 'B48FE0567AA21C61', 0, '120073512637', 1, 0),
(7, 396, '250000', '1475081451', 'paid', 'پرداخت شهریه جهت ثبت نام در دوره آیلتس ، کلاس ریدینگ آیلتس آکادمیک: گروه 1', 1278, 'D4C06BA14EDA6349', 0, '119412329988', 1, 0),
(8, 318, '400000', '1473253640', 'unpaid', 'پرداخت شهریه جهت ثبت نام در دوره آیلتس ، کلاس رایتینگ آیلتس آکادمیک: گروه 1', 1179, 'D25E39CD85D1C3FC', NULL, NULL, 0, 0),
(10, 396, '250000', '1475082000', 'paid', 'پرداخت شهریه جهت ثبت نام در دوره آیلتس ، کلاس لیسنینگ آیلتس (جنرال و آکادمیک): گروه 1', 1280, 'B7C4ACE04A8DB1D1', 0, '119412613139', 1, 0),
(13, 42, '400000', '1477389591', 'paid', 'پرداخت شهریه جهت ثبت نام در دوره تافل آی بی تی، کلاس رایتینگ تافل آی بی تی گروه 3', 1343, NULL, NULL, NULL, 0, 1),
(13, 104, '400000', '1476973023', 'unpaid', 'پرداخت شهریه جهت ثبت نام در دوره تافل آی بی تی، کلاس رایتینگ تافل آی بی تی گروه 3', 1340, 'C2A0A28A104892F1', 17, '', 0, 0),
(13, 207, '400000', '1470378672', 'unpaid', 'پرداخت شهریه جهت ثبت نام در دوره تافل آی بی تی، کلاس رایتینگ تافل آی بی تی گروه 4', 1150, 'EA3D9F226B469C15', NULL, NULL, 0, 0),
(13, 219, '400000', '1470209624', 'paid', 'پرداخت شهریه جهت ثبت نام در دوره تافل آی بی تی، کلاس رایتینگ تافل آی بی تی گروه 4', 1148, '7B30AA489C3E30AC', 0, '117936517672', 1, 0),
(13, 232, '400000', '1470022509', 'paid', 'پرداخت شهریه جهت ثبت نام در دوره تافل آی بی تی، کلاس رایتینگ تافل آی بی تی گروه 4', 1121, 'ACCB6D018C41D5FE', 0, '117888037151', 1, 0),
(13, 239, '400000', '1470124003', 'unpaid', 'پرداخت شهریه جهت ثبت نام در دوره تافل آی بی تی، کلاس رایتینگ تافل آی بی تی گروه 4', 1139, NULL, NULL, NULL, 0, 0),
(13, 253, '400000', '1469964424', 'paid', 'پرداخت شهریه جهت ثبت نام در دوره تافل آی بی تی، کلاس رایتینگ تافل آی بی تی گروه 4', 1117, '6CA9A5E9D7317E77', 0, '117863466270', 1, 0),
(13, 254, '400000', '1469964771', 'paid', 'پرداخت شهریه جهت ثبت نام در دوره تافل آی بی تی، کلاس رایتینگ تافل آی بی تی گروه 4', 1118, '18E7D7AC336566C0', 0, '117863552091', 1, 0),
(13, 255, '400000', '1470153296', 'paid', 'پرداخت شهریه جهت ثبت نام در دوره تافل آی بی تی، کلاس رایتینگ تافل آی بی تی گروه 4', 1145, '0612340078CF569D', 0, '117923521322', 1, 0),
(13, 257, '400000', '1470043905', 'paid', 'پرداخت شهریه جهت ثبت نام در دوره تافل آی بی تی، کلاس رایتینگ تافل آی بی تی گروه 4', 1122, '21A495A672B5EAF1', 0, '117888113217', 1, 0),
(13, 258, '400000', '1470044832', 'paid', 'پرداخت شهریه جهت ثبت نام در دوره تافل آی بی تی، کلاس رایتینگ تافل آی بی تی گروه 4', 1123, '420AD4B0C086DA19', 0, '117888447600', 1, 0),
(13, 259, '400000', '1470048456', 'paid', 'پرداخت شهریه جهت ثبت نام در دوره تافل آی بی تی، کلاس رایتینگ تافل آی بی تی گروه 4', 1146, '6205FC04F30805AF', 0, '117925516652', 1, 0),
(13, 262, '400000', '1470406304', 'unpaid', 'پرداخت شهریه جهت ثبت نام در دوره تافل آی بی تی، کلاس رایتینگ تافل آی بی تی گروه 4', 1152, '73B8C0C146B9FDAD', NULL, NULL, 0, 0),
(13, 268, '400000', '1470405967', 'paid', 'پرداخت شهریه جهت ثبت نام در دوره تافل آی بی تی، کلاس رایتینگ تافل آی بی تی گروه 4', 1151, '773D83D04A21C6C6', 0, '117992828859', 1, 0),
(13, 269, '400000', '1470433188', 'paid', 'پرداخت شهریه جهت ثبت نام در دوره تافل آی بی تی، کلاس رایتینگ تافل آی بی تی گروه 4', 1153, 'BFB8C077E6412F16', 0, '118000406272', 1, 0),
(13, 272, '400000', '1470495351', 'paid', 'پرداخت شهریه جهت ثبت نام در دوره تافل آی بی تی، کلاس رایتینگ تافل آی بی تی گروه 4', 1156, '5F24A9BE446B11BE', 0, '118017492688', 1, 0),
(13, 279, '400000', '1470662015', 'paid', 'پرداخت شهریه جهت ثبت نام در دوره تافل آی بی تی، کلاس رایتینگ تافل آی بی تی گروه 4', 1161, '130ADC1BDD9A265E', 0, '118065321430', 1, 0),
(13, 280, '400000', '1470660883', 'paid', 'پرداخت شهریه جهت ثبت نام در دوره تافل آی بی تی، کلاس رایتینگ تافل آی بی تی گروه 4', 1160, 'D2BE2042E77D5DC9', 0, '118064886530', 1, 0),
(13, 312, '400000', '1473397771', 'unpaid', 'پرداخت شهریه جهت ثبت نام در دوره تافل آی بی تی، کلاس رایتینگ تافل آی بی تی گروه 3', 1181, 'C6BE09871B5F4D5E', NULL, NULL, 0, 0),
(13, 366, '400000', '1474308498', 'unpaid', 'پرداخت شهریه جهت ثبت نام در دوره تافل آی بی تی، کلاس رایتینگ تافل آی بی تی گروه 3', 1229, 'F759F36EE4D00A12', NULL, NULL, 0, 0),
(13, 445, '400000', '1477510760', 'paid', 'پرداخت شهریه جهت ثبت نام در دوره تافل آی بی تی، کلاس رایتینگ تافل آی بی تی گروه 3', 1347, '9D9268AB58933E37', 0, '120112573969', 1, 0),
(13, 446, '400000', '1478247675', 'paid', 'پرداخت شهریه جهت ثبت نام در دوره تافل آی بی تی، کلاس رایتینگ تافل آی بی تی گروه 3', 1356, 'A9C36C6EE4839A25', 0, '120281627651', 1, 0),
(13, 448, '400000', '1478070441', 'paid', 'پرداخت شهریه جهت ثبت نام در دوره تافل آی بی تی، کلاس رایتینگ تافل آی بی تی گروه 3', 1353, '0C67CC1548B28420', 0, '120244171275', 1, 0),
(13, 449, '400000', '1478242782', 'paid', 'پرداخت شهریه جهت ثبت نام در دوره تافل آی بی تی، کلاس رایتینگ تافل آی بی تی گروه 3', 1355, 'D56F32028F69F5B4', 0, '120280382600', 1, 0),
(13, 450, '400000', '1477979150', 'paid', 'پرداخت شهریه جهت ثبت نام در دوره تافل آی بی تی، کلاس رایتینگ تافل آی بی تی گروه 3', 1348, NULL, NULL, NULL, 0, 1),
(13, 451, '400000', '1477985210', 'paid', 'پرداخت شهریه جهت ثبت نام در دوره تافل آی بی تی، کلاس رایتینگ تافل آی بی تی گروه 3', 1350, 'B713945B96D5279E', 0, '120226258044', 1, 0),
(13, 452, '400000', '1477985853', 'paid', 'پرداخت شهریه جهت ثبت نام در دوره تافل آی بی تی، کلاس رایتینگ تافل آی بی تی گروه 3', 1351, 'B517B7CC34030B87', 0, '120226493731', 1, 0),
(13, 456, '400000', '1478161777', 'paid', 'پرداخت شهریه جهت ثبت نام در دوره تافل آی بی تی، کلاس رایتینگ تافل آی بی تی گروه 3', 1354, NULL, NULL, NULL, 0, 1),
(14, 217, '400000', '1470202738', 'paid', 'پرداخت شهریه جهت ثبت نام در دوره جی آر ای، کلاس جی آر ای (وربال و رایتنگ)', 1147, '30CE4D69A53DA5E6', 0, '117933043787', 1, 0),
(14, 263, '400000', '1470131483', 'paid', 'پرداخت شهریه جهت ثبت نام در دوره جی آر ای، کلاس جی آر ای (وربال و رایتنگ)', 1141, 'C179EBC1FC56AFC8', 0, '117913885263', 1, 0),
(14, 270, '400000', '1470466276', 'paid', 'پرداخت شهریه جهت ثبت نام در دوره جی آر ای، کلاس جی آر ای (وربال و رایتنگ)', 1154, 'BB60A7E24E1C0C0B', 0, '118005651125', 1, 0),
(14, 390, '400000', '1475061896', 'paid', 'پرداخت شهریه جهت ثبت نام در دوره جی آر ای، کلاس جی آر ای (و رایتنگ)', 1274, NULL, NULL, NULL, 0, 1),
(14, 392, '400000', '1475071075', 'unpaid', 'پرداخت شهریه جهت ثبت نام در دوره جی آر ای، کلاس جی آر ای (و رایتنگ)', 1275, '17753B11B3BE4401', NULL, NULL, 0, 0),
(15, 169, '400000', '1471538336', 'unpaid', 'پرداخت شهریه جهت ثبت نام در دوره جی آر ای، کلاس جی آر ای (وربال و رایتینگ)', 1165, '19C6085A6B1EF835', NULL, NULL, 0, 0),
(15, 207, '400000', '1472619081', 'paid', 'پرداخت شهریه جهت ثبت نام در دوره جی آر ای، کلاس جی آر ای (وربال و رایتینگ)', 1169, 'F85145EF8B09E745', 0, '118654265820', 1, 0),
(15, 226, '400000', '1470504226', 'unpaid', 'پرداخت شهریه جهت ثبت نام در دوره جی آر ای، کلاس جی آر ای (وربال و رایتینگ)', 1158, '863DAF82D0598457', NULL, NULL, 0, 0),
(15, 277, '400000', '1471076658', 'unpaid', 'پرداخت شهریه جهت ثبت نام در دوره جی آر ای، کلاس جی آر ای (وربال و رایتینگ)', 1164, '88EADBD2361F470A', NULL, NULL, 0, 0),
(15, 361, '400000', '1474222058', 'paid', 'پرداخت شهریه جهت ثبت نام در دوره جی آر ای، کلاس جی آر ای پریمیوم (وربال و رایتینگ)', 1223, 'A273499E2E27565D', 0, '119140749324', 1, 0),
(16, 104, '200000', '1473929140', 'unpaid', 'پرداخت شهریه جهت ثبت نام در دوره TOEFL iBT، کلاس TOEFL iBT Reading: group 1', 1220, 'E3791748D60AF952', NULL, NULL, 0, 0),
(17, 104, '200000', '1473928443', 'unpaid', 'پرداخت شهریه جهت ثبت نام در دوره تافل آی بی تی، کلاس لیسنینگ تافل آی بی تی گروه 1', 1218, '7CBA1295840830C7', NULL, NULL, 0, 0),
(18, 235, '400000', '1476537674', 'unpaid', 'پرداخت شهریه جهت ثبت نام در دوره دوره های گرامر ، کلاس  گرامر مقدماتی برای تافل، آیلتس، جی آر ای، و جی مت', 1333, '934A80EAF38E507F', NULL, NULL, 0, 0),
(18, 415, '400000', '1475733094', 'paid', 'پرداخت شهریه جهت ثبت نام در دوره دوره های گرامر ، کلاس  گرامر مقدماتی برای تافل، آیلتس، جی آر ای، و جی مت', 1304, NULL, NULL, NULL, 0, 1),
(18, 416, '400000', '1475733078', 'paid', 'پرداخت شهریه جهت ثبت نام در دوره دوره های گرامر ، کلاس  گرامر مقدماتی برای تافل، آیلتس، جی آر ای، و جی مت', 1303, NULL, NULL, NULL, 0, 1),
(18, 423, '400000', '1476125777', 'paid', 'پرداخت شهریه جهت ثبت نام در دوره دوره های گرامر ، کلاس  گرامر مقدماتی برای تافل، آیلتس، جی آر ای، و جی مت', 1321, 'D90769CC0C870028', 0, '119718154449', 1, 0),
(18, 424, '200000', '1477037914', 'paid', 'پرداخت شهریه جهت ثبت نام در دوره دوره های گرامر ، کلاس  گرامر مقدماتی برای تافل، آیلتس، جی آر ای، و جی مت', 1341, 'B797ADE9424A4BDB', 0, '119957558859', 1, 0),
(18, 458, '200000', '1478333294', 'paid', 'پرداخت شهریه جهت ثبت نام در دوره دوره های گرامر ، کلاس  گرامر مقدماتی برای تافل، آیلتس، جی آر ای، و جی مت', 1357, 'C5D99097CC5CA01F', 0, '120296677575', 1, 0),
(18, 485, '4000000', '1480793571', 'unpaid', 'پرداخت شهریه جهت ثبت نام در دوره دوره های گرامر ، کلاس  گرامر مقدماتی برای تافل، آیلتس، جی آر ای، و جی مت', 1365, 'ACE6F72454BFD432', NULL, NULL, 0, 0),
(18, 494, '4000000', '1481617998', 'paid', 'پرداخت شهریه جهت ثبت نام در دوره دوره های گرامر ، کلاس  گرامر مقدماتی برای تافل، آیلتس، جی آر ای، و جی مت', 1371, NULL, NULL, NULL, 0, 1),
(18, 496, '400000', '1482664961', 'paid', 'پرداخت شهریه جهت ثبت نام در دوره دوره های گرامر ، کلاس  گرامر مقدماتی برای تافل، آیلتس، جی آر ای، و جی مت', 1375, '37014703F121FB80', 0, '121206232907', 1, 0),
(18, 510, '400000', '1482918559', 'paid', 'پرداخت شهریه جهت ثبت نام در دوره دوره های گرامر ، کلاس  گرامر مقدماتی برای تافل، آیلتس، جی آر ای، و جی مت', 1379, NULL, NULL, NULL, 0, 1),
(18, 511, '400000', '1482998051', 'paid', 'پرداخت شهریه جهت ثبت نام در دوره دوره های گرامر ، کلاس  گرامر مقدماتی برای تافل، آیلتس، جی آر ای، و جی مت', 1380, NULL, NULL, NULL, 0, 1),
(19, 318, '0', '1473834690', 'paid', 'پرداخت شهریه جهت ثبت نام در دوره آیلتس ، کلاس کارگاه رایگان آیلتس آکادمیک و جنرال', 1187, NULL, NULL, NULL, 0, 1),
(19, 324, '0', '1473586137', 'paid', 'ثبت نام در دوره آیلتس ، کلاس کارگاه رایگان آیلتس آکادمیک و جنرال', 1183, NULL, NULL, NULL, 1, 0),
(19, 325, '0', '1473700704', 'paid', 'ثبت نام در دوره آیلتس ، کلاس کارگاه رایگان آیلتس آکادمیک و جنرال', 1184, NULL, NULL, NULL, 1, 0),
(19, 328, '0', '1473835085', 'paid', 'پرداخت شهریه جهت ثبت نام در دوره آیلتس ، کلاس کارگاه رایگان آیلتس آکادمیک و جنرال', 1188, NULL, NULL, NULL, 0, 1),
(19, 329, '0', '1473835382', 'paid', 'پرداخت شهریه جهت ثبت نام در دوره آیلتس ، کلاس کارگاه رایگان آیلتس آکادمیک و جنرال', 1189, NULL, NULL, NULL, 0, 1),
(19, 330, '0', '1473835720', 'paid', 'پرداخت شهریه جهت ثبت نام در دوره آیلتس ، کلاس کارگاه رایگان آیلتس آکادمیک و جنرال', 1190, NULL, NULL, NULL, 0, 1),
(19, 331, '0', '1473835978', 'paid', 'پرداخت شهریه جهت ثبت نام در دوره آیلتس ، کلاس کارگاه رایگان آیلتس آکادمیک و جنرال', 1191, NULL, NULL, NULL, 0, 1),
(19, 332, '0', '1473836802', 'paid', 'پرداخت شهریه جهت ثبت نام در دوره آیلتس ، کلاس کارگاه رایگان آیلتس آکادمیک و جنرال', 1192, NULL, NULL, NULL, 0, 1),
(19, 333, '0', '1473837074', 'paid', 'پرداخت شهریه جهت ثبت نام در دوره آیلتس ، کلاس کارگاه رایگان آیلتس آکادمیک و جنرال', 1193, NULL, NULL, NULL, 0, 1),
(19, 334, '0', '1473837323', 'paid', 'پرداخت شهریه جهت ثبت نام در دوره آیلتس ، کلاس کارگاه رایگان آیلتس آکادمیک و جنرال', 1194, NULL, NULL, NULL, 0, 1),
(19, 335, '0', '1473837518', 'paid', 'پرداخت شهریه جهت ثبت نام در دوره آیلتس ، کلاس کارگاه رایگان آیلتس آکادمیک و جنرال', 1195, NULL, NULL, NULL, 0, 1),
(19, 336, '0', '1473837912', 'paid', 'پرداخت شهریه جهت ثبت نام در دوره آیلتس ، کلاس کارگاه رایگان آیلتس آکادمیک و جنرال', 1196, NULL, NULL, NULL, 0, 1),
(19, 337, '0', '1473838690', 'paid', 'پرداخت شهریه جهت ثبت نام در دوره آیلتس ، کلاس کارگاه رایگان آیلتس آکادمیک و جنرال', 1197, NULL, NULL, NULL, 0, 1),
(19, 338, '0', '1473842541', 'paid', 'پرداخت شهریه جهت ثبت نام در دوره آیلتس ، کلاس کارگاه رایگان آیلتس آکادمیک و جنرال', 1198, NULL, NULL, NULL, 0, 1),
(19, 339, '0', '1473842735', 'paid', 'پرداخت شهریه جهت ثبت نام در دوره آیلتس ، کلاس کارگاه رایگان آیلتس آکادمیک و جنرال', 1199, NULL, NULL, NULL, 0, 1),
(19, 341, '0', '1473843499', 'paid', 'پرداخت شهریه جهت ثبت نام در دوره آیلتس ، کلاس کارگاه رایگان آیلتس آکادمیک و جنرال', 1200, NULL, NULL, NULL, 0, 1),
(19, 342, '0', '1473843868', 'paid', 'پرداخت شهریه جهت ثبت نام در دوره آیلتس ، کلاس کارگاه رایگان آیلتس آکادمیک و جنرال', 1201, NULL, NULL, NULL, 0, 1),
(19, 343, '0', '1473843980', 'paid', 'پرداخت شهریه جهت ثبت نام در دوره آیلتس ، کلاس کارگاه رایگان آیلتس آکادمیک و جنرال', 1202, NULL, NULL, NULL, 0, 1),
(19, 344, '0', '1473844535', 'paid', 'پرداخت شهریه جهت ثبت نام در دوره آیلتس ، کلاس کارگاه رایگان آیلتس آکادمیک و جنرال', 1203, NULL, NULL, NULL, 0, 1),
(19, 346, '0', '1473844692', 'paid', 'پرداخت شهریه جهت ثبت نام در دوره آیلتس ، کلاس کارگاه رایگان آیلتس آکادمیک و جنرال', 1204, NULL, NULL, NULL, 0, 1),
(19, 347, '0', '1473844839', 'paid', 'پرداخت شهریه جهت ثبت نام در دوره آیلتس ، کلاس کارگاه رایگان آیلتس آکادمیک و جنرال', 1205, NULL, NULL, NULL, 0, 1),
(19, 348, '0', '1473844971', 'paid', 'پرداخت شهریه جهت ثبت نام در دوره آیلتس ، کلاس کارگاه رایگان آیلتس آکادمیک و جنرال', 1206, NULL, NULL, NULL, 0, 1),
(19, 351, '0', '1473846795', 'paid', 'پرداخت شهریه جهت ثبت نام در دوره آیلتس ، کلاس کارگاه رایگان آیلتس آکادمیک و جنرال', 1208, NULL, NULL, NULL, 0, 1),
(19, 352, '0', '1473847266', 'paid', 'پرداخت شهریه جهت ثبت نام در دوره آیلتس ، کلاس کارگاه رایگان آیلتس آکادمیک و جنرال', 1209, NULL, NULL, NULL, 0, 1),
(19, 353, '0', '1473847373', 'paid', 'پرداخت شهریه جهت ثبت نام در دوره آیلتس ، کلاس کارگاه رایگان آیلتس آکادمیک و جنرال', 1210, NULL, NULL, NULL, 0, 1);

--
-- Constraints for dumped tables
--

--
-- Constraints for table `ym_admins`
--
ALTER TABLE `ym_admins`
  ADD CONSTRAINT `ym_admins_ibfk_1` FOREIGN KEY (`role_id`) REFERENCES `ym_admin_roles` (`id`) ON DELETE CASCADE ON UPDATE NO ACTION;

--
-- Constraints for table `ym_admin_role_permissions`
--
ALTER TABLE `ym_admin_role_permissions`
  ADD CONSTRAINT `ym_admin_role_permissions_ibfk_1` FOREIGN KEY (`role_id`) REFERENCES `ym_admin_roles` (`id`) ON DELETE CASCADE ON UPDATE NO ACTION;

--
-- Constraints for table `ym_articles`
--
ALTER TABLE `ym_articles`
  ADD CONSTRAINT `ym_articles_ibfk_1` FOREIGN KEY (`category_id`) REFERENCES `ym_article_categories` (`id`) ON DELETE CASCADE ON UPDATE NO ACTION;

--
-- Constraints for table `ym_article_files`
--
ALTER TABLE `ym_article_files`
  ADD CONSTRAINT `ym_article_files_ibfk_1` FOREIGN KEY (`article_id`) REFERENCES `ym_articles` (`id`) ON DELETE CASCADE ON UPDATE NO ACTION;

--
-- Constraints for table `ym_article_file_links`
--
ALTER TABLE `ym_article_file_links`
  ADD CONSTRAINT `ym_article_file_links_ibfk_1` FOREIGN KEY (`article_id`) REFERENCES `ym_articles` (`id`) ON DELETE CASCADE ON UPDATE NO ACTION;

--
-- Constraints for table `ym_article_links`
--
ALTER TABLE `ym_article_links`
  ADD CONSTRAINT `ym_article_links_ibfk_1` FOREIGN KEY (`article_id`) REFERENCES `ym_articles` (`id`) ON DELETE CASCADE ON UPDATE NO ACTION;

--
-- Constraints for table `ym_article_tag_rel`
--
ALTER TABLE `ym_article_tag_rel`
  ADD CONSTRAINT `ym_article_tag_rel_ibfk_1` FOREIGN KEY (`tag_id`) REFERENCES `ym_class_tags` (`id`) ON DELETE CASCADE ON UPDATE NO ACTION,
  ADD CONSTRAINT `ym_article_tag_rel_ibfk_2` FOREIGN KEY (`article_id`) REFERENCES `ym_articles` (`id`) ON DELETE CASCADE ON UPDATE NO ACTION;

--
-- Constraints for table `ym_category_tag_rel`
--
ALTER TABLE `ym_category_tag_rel`
  ADD CONSTRAINT `ym_category_tag_rel_ibfk_1` FOREIGN KEY (`tag_id`) REFERENCES `ym_class_tags` (`id`) ON DELETE CASCADE ON UPDATE NO ACTION;

--
-- Constraints for table `ym_classes`
--
ALTER TABLE `ym_classes`
  ADD CONSTRAINT `ym_classes_ibfk_1` FOREIGN KEY (`category_id`) REFERENCES `ym_class_categories` (`id`) ON DELETE CASCADE ON UPDATE NO ACTION,
  ADD CONSTRAINT `ym_classes_ibfk_2` FOREIGN KEY (`course_id`) REFERENCES `ym_courses` (`id`) ON DELETE CASCADE ON UPDATE NO ACTION;

--
-- Constraints for table `ym_class_categories`
--
ALTER TABLE `ym_class_categories`
  ADD CONSTRAINT `ym_class_categories_ibfk_1` FOREIGN KEY (`course_id`) REFERENCES `ym_courses` (`id`) ON DELETE CASCADE ON UPDATE NO ACTION;

--
-- Constraints for table `ym_class_category_files`
--
ALTER TABLE `ym_class_category_files`
  ADD CONSTRAINT `ym_class_category_files_ibfk_1` FOREIGN KEY (`category_id`) REFERENCES `ym_class_categories` (`id`) ON DELETE CASCADE ON UPDATE NO ACTION;

--
-- Constraints for table `ym_class_category_file_links`
--
ALTER TABLE `ym_class_category_file_links`
  ADD CONSTRAINT `ym_class_category_file_links_ibfk_1` FOREIGN KEY (`category_id`) REFERENCES `ym_class_categories` (`id`) ON DELETE CASCADE ON UPDATE NO ACTION;

--
-- Constraints for table `ym_class_tag_rel`
--
ALTER TABLE `ym_class_tag_rel`
  ADD CONSTRAINT `ym_class_tag_rel_ibfk_1` FOREIGN KEY (`tag_id`) REFERENCES `ym_class_tags` (`id`) ON DELETE CASCADE ON UPDATE NO ACTION,
  ADD CONSTRAINT `ym_class_tag_rel_ibfk_2` FOREIGN KEY (`class_id`) REFERENCES `ym_classes` (`id`) ON DELETE CASCADE ON UPDATE NO ACTION;

--
-- Constraints for table `ym_course_tag_rel`
--
ALTER TABLE `ym_course_tag_rel`
  ADD CONSTRAINT `ym_course_tag_rel_ibfk_1` FOREIGN KEY (`tag_id`) REFERENCES `ym_class_tags` (`id`) ON DELETE CASCADE ON UPDATE NO ACTION,
  ADD CONSTRAINT `ym_course_tag_rel_ibfk_2` FOREIGN KEY (`course_id`) REFERENCES `ym_courses` (`id`) ON DELETE CASCADE ON UPDATE NO ACTION;

--
-- Constraints for table `ym_faq`
--
ALTER TABLE `ym_faq`
  ADD CONSTRAINT `ym_faq_ibfk_1` FOREIGN KEY (`category_id`) REFERENCES `ym_faq_categories` (`id`) ON DELETE CASCADE ON UPDATE NO ACTION;

--
-- Constraints for table `ym_faq_tag_rel`
--
ALTER TABLE `ym_faq_tag_rel`
  ADD CONSTRAINT `ym_faq_tag_rel_ibfk_1` FOREIGN KEY (`tag_id`) REFERENCES `ym_class_tags` (`id`) ON DELETE CASCADE ON UPDATE NO ACTION,
  ADD CONSTRAINT `ym_faq_tag_rel_ibfk_2` FOREIGN KEY (`faq_id`) REFERENCES `ym_faq` (`id`) ON DELETE CASCADE ON UPDATE NO ACTION;

--
-- Constraints for table `ym_news`
--
ALTER TABLE `ym_news`
  ADD CONSTRAINT `ym_news_ibfk_1` FOREIGN KEY (`category_id`) REFERENCES `ym_news_categories` (`id`) ON DELETE CASCADE ON UPDATE NO ACTION;

--
-- Constraints for table `ym_news_categories`
--
ALTER TABLE `ym_news_categories`
  ADD CONSTRAINT `ym_news_categories_ibfk_1` FOREIGN KEY (`parent_id`) REFERENCES `ym_news_categories` (`id`) ON DELETE CASCADE ON UPDATE NO ACTION;

--
-- Constraints for table `ym_news_tag_rel`
--
ALTER TABLE `ym_news_tag_rel`
  ADD CONSTRAINT `ym_news_tag_rel_ibfk_1` FOREIGN KEY (`tag_id`) REFERENCES `ym_class_tags` (`id`) ON DELETE CASCADE ON UPDATE NO ACTION,
  ADD CONSTRAINT `ym_news_tag_rel_ibfk_2` FOREIGN KEY (`news_id`) REFERENCES `ym_news` (`id`) ON DELETE CASCADE ON UPDATE NO ACTION;

--
-- Constraints for table `ym_pages`
--
ALTER TABLE `ym_pages`
  ADD CONSTRAINT `ym_pages_ibfk_1` FOREIGN KEY (`category_id`) REFERENCES `ym_page_categories` (`id`) ON DELETE CASCADE ON UPDATE NO ACTION;

--
-- Constraints for table `ym_places`
--
ALTER TABLE `ym_places`
  ADD CONSTRAINT `ym_places_ibfk_1` FOREIGN KEY (`town_id`) REFERENCES `ym_towns` (`id`) ON DELETE CASCADE ON UPDATE NO ACTION;

--
-- Constraints for table `ym_teacher_details`
--
ALTER TABLE `ym_teacher_details`
  ADD CONSTRAINT `ym_teacher_details_ibfk_1` FOREIGN KEY (`user_id`) REFERENCES `ym_users` (`id`) ON DELETE CASCADE ON UPDATE NO ACTION;

--
-- Constraints for table `ym_users`
--
ALTER TABLE `ym_users`
  ADD CONSTRAINT `ym_users_ibfk_1` FOREIGN KEY (`role_id`) REFERENCES `ym_user_roles` (`id`) ON DELETE CASCADE ON UPDATE NO ACTION;

--
-- Constraints for table `ym_user_details`
--
ALTER TABLE `ym_user_details`
  ADD CONSTRAINT `ym_user_details_ibfk_1` FOREIGN KEY (`user_id`) REFERENCES `ym_users` (`id`) ON DELETE CASCADE ON UPDATE NO ACTION;

--
-- Constraints for table `ym_user_role_permissions`
--
ALTER TABLE `ym_user_role_permissions`
  ADD CONSTRAINT `ym_user_role_permissions_ibfk_1` FOREIGN KEY (`role_id`) REFERENCES `ym_user_roles` (`id`) ON DELETE CASCADE ON UPDATE NO ACTION;

--
-- Constraints for table `ym_user_transactions`
--
ALTER TABLE `ym_user_transactions`
  ADD CONSTRAINT `ym_user_transactions_ibfk_1` FOREIGN KEY (`class_id`) REFERENCES `ym_classes` (`id`) ON DELETE NO ACTION ON UPDATE NO ACTION,
  ADD CONSTRAINT `ym_user_transactions_ibfk_2` FOREIGN KEY (`user_id`) REFERENCES `ym_users` (`id`) ON DELETE NO ACTION ON UPDATE NO ACTION;

/*!40101 SET CHARACTER_SET_CLIENT=@OLD_CHARACTER_SET_CLIENT */;
/*!40101 SET CHARACTER_SET_RESULTS=@OLD_CHARACTER_SET_RESULTS */;
/*!40101 SET COLLATION_CONNECTION=@OLD_COLLATION_CONNECTION */;
